tb21_id,rank,task_id,source,skill,domain,task_form,overall,reason,preview
adaptive-rejection-sampler,1,task_003776_145fbb5b,TMax-15K,5,4,4,5,"Rejection sampling from a given PDF, derive the analytical CDF, verify by KS distance and convergence; the closest match in the pool.","You are a Machine Learning Engineer preparing synthetic training data for a physics-informed neural network. To ensure your custom data generator is properly calibrated, you need to validate its output against an analytical distribution usi"
adaptive-rejection-sampler,2,task_009491_a219a910,TMax-15K,5,4,4,5,Rejection sampling an unnormalized density plus a convergence harness against a reference sample; both halves of TB2.1.,"You are a machine learning engineer preparing synthetic training data for a 3D generative model. You need to implement a fast data generator, evaluate its statistical correctness against a baseline, and run a convergence test. Your task con"
adaptive-rejection-sampler,3,task_002076_68e6fa9e,TMax-15K,4,5,3,4,Real R statistical scripting with ks.test and ECDF-vs-analytical-CDF validation; the only R plus goodness-of-fit task found.,You are a data scientist validating a theoretical physical model for particle emission intervals using a multi-language pipeline. You have been provided with an experimental dataset of emission intervals. Your task spans environment managem
adaptive-rejection-sampler,4,task_008944_ba409078,TMax-15K,4,4,4,4,Hand-written sampler checked against the exact conjugate posterior; teaches how to test a stochastic routine against known truth.,You are a data scientist validating a custom MCMC sampling algorithm against an analytical solution. You need to write a Python script `/home/user/validate_mcmc.py` that samples from the posterior of a Beta-Binomial model using the Metropol
adaptive-rejection-sampler,5,task_005564_c049fbb2,TMax-15K,4,4,4,4,Sampling an unnormalized f(x) and validating moments against numerically integrated ground truth in one self-contained program.,"I am preparing training data for a machine learning model that predicts physical system properties. As a first step, I need to generate baseline data for a custom 1D target probability density function, $f(x)$, and verify our sampling metho"
adaptive-rejection-sampler,6,task_003703_9a8452dc,TMax-15K,4,3,3,4,"Rejection sampling with a bounding-box proposal to match a target density, graded by KS D-statistic threshold.","As a machine learning engineer, you need to prepare a highly specific synthetic training dataset of molecular graph properties for a Graph Neural Network. The data pipeline involves generating random graphs, filtering them via Monte Carlo r"
adaptive-rejection-sampler,7,google__jax-22744,SWE-Rebench-Tasks-Clean,4,4,2,4,Density-function edge cases returning NaN; the same careful reasoning about log-densities at domain boundaries ARS requires.,A git repository with the project this issue is about is checked out somewhere under / (commonly /<project-name>). Find it and work there. Binomial and beta-binomial `logpmf` returns NaN and nonzero values when k=n=0 (it should be zero) ###
adaptive-rejection-sampler,8,jax-ml__jax-28022,SWE-Rebench-Tasks-Clean,4,4,2,4,Sampler wrong for small probabilities due to uniform-resolution limits; numerical soundness of a random sampler.,A git repository with the project this issue is about is checked out somewhere under / (commonly /<project-name>). Find it and work there. bernoulli samples fail for small probabilities Example: ```python import jax key = jax.random.key(0) 
adaptive-rejection-sampler,9,task_000371_d0ff3ecb,TMax-15K,4,4,3,4,Generate samples from a known posterior and validate them analytically; same gold-standard-generator-plus-proof structure.,"You are a machine learning engineer preparing baseline synthetic training data for a downstream Bayesian neural network. Your task is to generate samples from a known mathematical posterior to serve as a gold-standard dataset, combining MCM"
adaptive-rejection-sampler,10,axelrod-python__axelrod-1152,SWE-Rebench-Tasks-Clean,4,2,3,3,"Reconcile an implementation with the published paper's description of the algorithm, exactly TB2.1's Gilks-and-Wild fidelity problem.",A git repository with the project this issue is about is checked out somewhere under / (commonly /<project-name>). Find it and work there. Probable (certain?) implementation error in `axelrod_first.TidemanAndChieruzzi` @gaffney2010 has rece
bn-fit-modify,1,task_006425_4b39c264,TMax-15K,5,4,4,5,Estimate a joint model from a table then sample a synthetic dataset from it and measure fidelity; the fit-then-resample core of TB2.1.,"You are a machine learning engineer preparing synthetic training data that mimics a sensitive original dataset. You need to write a pipeline that generates this data using MCMC, evaluates its fidelity using distribution distances, estimates"
bn-fit-modify,2,task_009249_b7441772,TMax-15K,4,4,4,4,"Discover the strongest dependence from a correlation matrix and orient it by an alphabetical tie-break, then fit; mirrors TB2.1's orientation rule.",You are a data analyst for an industrial manufacturing plant. You have been provided with a dataset of sensor readings in `/home/user/sensor_data.csv`. The dataset contains multiple continuous variables representing different machine metric
bn-fit-modify,3,task_000364_8e238a27,TMax-15K,4,4,4,4,Estimate distribution parameters from observed data and emit a fixed number of samples drawn from the fitted model to an exact CSV.,"You are acting as a machine learning engineer preparing training data for an anomaly detection model. You have a raw telemetry log from various sensors, but the data is sparse for a specific critical sensor. You need to extract its observat"
bn-fit-modify,4,sdv-dev__rdt-977,SWE-Rebench-Tasks-Clean,3,5,2,4,Synthetic rows from a fitted copula synthesizer come out degenerate; debugging a learn-a-joint-model-and-sample-a-table pipeline.,"A git repository with the project this issue is about is checked out somewhere under / (commonly /<project-name>). Find it and work there. Synthetic data contains all nulls with some RDTs, with min/max enforcement enabled, and null column l"
bn-fit-modify,5,task_000322_52e0a9fe,TMax-15K,3,4,3,3,Use the correlation matrix to decide which variables are redundant and serve a Bayesian-network posterior; dependence structure over sensor variables.,"I need your help organizing a dataset of experimental sensor readings, fixing a broken inference library, and setting up an API to serve a Bayesian model. Here are the specific steps you need to complete: 1. **ETL & Correlation Analysis**: "
bn-fit-modify,6,task_002145_763a4445,TMax-15K,3,4,3,3,Implement a generator for a specified mixture model and validate the produced sample against a baseline distribution.,"You are a machine learning engineer tasked with preparing a synthetic data generation service for our training pipeline. We need a service that generates samples from a specific Gaussian Mixture Model (GMM), tests the generated distribution"
bn-fit-modify,7,pymc-devs__pymc-7637,SWE-Rebench-Tasks-Clean,3,5,2,3,Build a Bayesian model and get reproducible draws from it; same library territory as fitting and sampling a Bayesian network.,A git repository with the project this issue is about is checked out somewhere under / (commonly /<project-name>). Find it and work there. Sampling with generators as seeding no longer deterministic ### Description This was revealed in http
bn-fit-modify,8,task_000141_5fbf3c2f,TMax-15K,3,4,3,3,Cholesky-factor a covariance and generate correlated multivariate normal draws; the sampling direction of a linear-Gaussian network.,You are a Machine Learning Engineer preparing synthetic training data for a spatial regression model. You need to generate correlated multivariate normal samples based on a known covariance structure. Your task is to write a C program that 
bn-fit-modify,9,task_000577_2ef69d90,TMax-15K,3,3,3,3,"Estimate transition probabilities from observed counts, solve for the stationary law and test the fit; parameter learning for a probabilistic model.",You are tasked with analyzing a biological sequence transmitted from a legacy lab instrument via an audio signal. The lab encoded a DNA sequence into DTMF (Dual-Tone Multi-Frequency) tones and recorded it to `/app/dna_telemetry.wav`. The ma
bn-fit-modify,10,tw_125967,TerminalWorld-Seeds-Clean,3,3,3,3,Recover graph structure from a numeric data matrix across a parameter sweep; the structure-inference half in a different graph formalism.,"Perform a multi-scale Louvain community detection analysis on the flight network matrix at `/root/mcp/ibowman/mike/HGAA/present/num_flights_mat.csv`. Sweep 1000 resolution scales from γ=0.01 to γ=10.00 in increments of 0.01, running 1000 in"
break-filter-js-from-html,1,task_003787_156cb610,TMax-15K,5,5,5,5,Forge a file starting with <script>alert('COMPROMISED')</script> that still passes a program's gate and lands in HTML; essentially the TB2.1 task.,"You are a compliance analyst tasked with securing a legacy C++ audit trail generator. The existing tool reads compliance logs, verifies their integrity using a custom checksum algorithm, and generates an HTML report. Unfortunately, it suffe"
break-filter-js-from-html,2,task_000151_eed227cf,TMax-15K,4,4,4,4,The mXSS mechanism itself: a naive text filter sees raw bytes while decoding reveals the payload; reason about the parse-vs-decode gap.,"You are a data engineer tasked with building a robust, multi-stage ETL pipeline in a Linux environment. The pipeline must filter out malicious payloads from JSON-lines logs, perform a rolling aggregation, and output the normalized data. You"
break-filter-js-from-html,3,task_000092_f4073751,TMax-15K,4,4,4,4,Craft one payload that evades a regex-based IDS to reach a sink; construct an input that beats a pattern-matching filter.,You are acting as a red-team operator simulating an attack against a local testing environment. A vulnerable Python web server is available at `/home/user/server.py` and its base upload directory is `/tmp/victim/uploads/`. The server runs o
break-filter-js-from-html,4,task_000798_d7c5b764,TMax-15K,4,5,3,4,Decode an XSS payload and build a generator that crafts a script tag bypassing a CSP; direct XSS/CSP payload construction.,You are a network security engineer investigating a recent intrusion attempt. You have intercepted a web traffic log containing suspicious encoded requests targeted at a web application. The application currently uses a weak Content Securit
break-filter-js-from-html,5,python-markdown__markdown-1072,SWE-Rebench-Tasks-Clean,4,4,3,4,Debugging the exact discrepancy between how an HTML parser and markdown interpret partial tags; the parser-mismatch reasoning behind bypasses.,"A git repository with the project this issue is about is checked out somewhere under / (commonly /<project-name>). Find it and work there. unclosed tag in code span Hello, I'm facing a problem, not sure where the problem really is (I'm not "
break-filter-js-from-html,6,task_000037_6b3061e0,TMax-15K,4,5,3,4,"Build a filter that must reject <script>, javascript:, onload= payloads; the defensive twin of TB2.1, same XSS domain and adversarial corpus.","You are acting as a Security Engineer tasked with rotating credentials and deploying a new token validation filter for our legacy voice-activated API. Recently, we initiated a credential rotation. The old master passcode was communicated vi"
break-filter-js-from-html,7,task_000022_21389603,TMax-15K,4,3,4,4,"Find a validator's verification flaw and craft one token that bypasses it; reverse-a-check-then-defeat-it, the same shape as beating filter.py.",You are a red-team operator simulating a local privilege escalation attack. You have obtained the source code of a custom authentication tool located at `/home/user/validator.go`. This tool validates a custom three-part token (similar to a 
break-filter-js-from-html,8,tw_207807,TerminalWorld-Seeds-Clean,4,3,3,3,"Blind SQL injection against a live web app; craft injection payloads that defeat the app's input handling, the closest injection analogue.",The WebGoat application is running at `http://localhost:8080/WebGoat`. The SQL injection advanced challenge exposes a blind SQL injection vulnerability in the `username_reg` parameter of the `PUT /WebGoat/SqlInjectionAdvanced/challenge` end
break-filter-js-from-html,9,lepture__mistune.bf54ef67.lm_rewrite__u9gus5ea,SWE-Smith-Seeds-Clean,3,5,2,3,HTML-attribute characters left unescaped producing an XSS hole; the escaping-vs-injection reasoning a JS-removal filter must get right.,"# Code blocks with language info containing special characters are not properly escaped When using code blocks with language info that contains special characters, the HTML output doesn't properly escape these characters, which could lead t"
break-filter-js-from-html,10,task_000190_fc09cf3a,TMax-15K,3,3,4,3,Reverse-engineer an auth binary and forge a token it accepts; craft-an-input-to-beat-a-check with a reverse-engineering prelude.,"You are a red-team operator tasked with bypassing a custom authentication mechanism to craft an evasion payload. You have discovered a compiled authentication binary at `/home/user/auth_bin`. This binary reads a binary token file, validates"
build-cython-ext,1,task_000112_fefb47b8,TMax-15K,5,5,4,5,"Fix a Cython extension's build failure, compile it with build_ext --inplace, then import and feed it a numpy array; essentially the TB2.1 task.","You are a security researcher analyzing a suspicious binary that exfiltrates mathematical parameters. You have recovered a network packet capture of the exfiltration and the decompiled Cython source code of the binary's encoding module, but"
build-cython-ext,2,task_000589_21509b0c,TMax-15K,5,4,4,4,"Find the broken build configuration for a Cython parser.pyx extension, fix setup.py, and build/install the package from source.",You are an observability engineer tuning the dashboard metrics pipeline for our new application. We have a custom log-parsing metrics exporter vendored at `/app/fast-metric-exporter`. It is designed to parse access logs and aggregate throug
build-cython-ext,3,task_001162_eff22bd4,TMax-15K,4,4,4,4,"Diagnose a setup.py build_ext config error for a C extension and compile it; the read-the-error, patch-the-build loop TB2.1 requires.",You are an infrastructure engineer investigating a memory leak in a critical long-running audio processing service. The service uses a custom C-extension for Python to quickly parse WAV file headers. Your tasks: 1. **Build Failure Diagnosis
build-cython-ext,4,rts_task_e1c8c5fa243d311f29c1d6b6,Recursive-Task-Synthesis,5,4,4,4,Build and install a custom Python C extension into a venv and make it importable; the compile-and-install-a-native-extension core.,"You have a Python 3.7 virtual environment at /root/tmp/venv37bpim1. First, build and install a custom Python C extension module named `fastsum` inside that virtual environment according to the specification provided in the file `BUILD_SPEC."
build-cython-ext,5,task_000657_8a6da3d4,TMax-15K,4,4,3,4,Fix the build issue and compile the fast_parser C extension; same patch-the-native-build-then-compile skill.,"You are a DevOps engineer troubleshooting a failing data ingestion pipeline. The pipeline code is located in `/home/user/app/`. It consists of a Python script `main.py` that reads records from `inputs.txt`, parses them using a custom C exte"
build-cython-ext,6,task_001533_bcad5bcb,TMax-15K,4,4,4,4,Repair a broken setup.py/Makefile wiring so a C-extension compiles and the package installs; build-configuration debugging.,"You are a performance engineer investigating non-reproducible jitter in our distributed simulation system. To analyze this, we perform spectral analysis on latency logs. We have a proprietary Python package `fast-stat-profiler` located at `"
build-cython-ext,7,pypa__setuptools-4676,SWE-Rebench-Tasks-Clean,4,4,3,4,Build a C Extension via setuptools build_ext/bdist_wheel and correct the ABI tag; the native-extension build-and-package machinery TB2.1 drives.,A git repository with the project this issue is about is checked out somewhere under / (commonly /<project-name>). Find it and work there. [BUG] Wheel ABI tag is wrong when building with debug build of Python 3.13 on Windows ### setuptools 
build-cython-ext,8,task_000505_265772e9,TMax-15K,4,4,3,4,Build a C extension with build_ext --inplace and bake the library path into the .so; hands-on native build configuration.,"You are an operations engineer debugging a Python application that interfaces with a legacy C library. The application processes streaming data blocks, validates requests, and offloads processing to the C library. Currently, the application"
build-cython-ext,9,bashtage__arch-741,SWE-Rebench-Tasks-Clean,3,4,2,3,NumPy 2.0.1 breaks a call into a compiled Cython extension; the exact NumPy-2 compatibility failure at the Cython boundary TB2.1 must fix.,A git repository with the project this issue is about is checked out somewhere under / (commonly /<project-name>). Find it and work there. Contiguous array error when calling arch_model running an `arch_model` call as follows: ``` from arch
build-cython-ext,10,task_000084_2e6745ad,TMax-15K,3,3,4,3,"Vendored package fails to build/install via pip install -e; fix setup.py and install from source, the same broken-source-install repair.","You are an AI assistant helping a data science researcher build an automated system to organize and score the quality of various datasets using Bayesian inference. The researcher relies on a specialized, high-performance Bayesian inference "
build-pmars,1,tw_2077,TerminalWorld-Seeds-Clean,4,4,5,5,"Build the tree C program from a source tarball and make it available system-wide; a small-C-program-from-source-then-install task, essentially TB2.1 minus the X11 toggle.","Install the `tree` program (version 1.5.3) from source on this system. The source archive `tree-1.5.3.tgz` is available at `/root/tree-1.5.3.tgz`. After installation, the `tree` binary should be accessible system-wide so that running `tree`"
build-pmars,2,task_000956_d4ef2604,TMax-15K,5,4,4,5,Fix a broken configure script then ./configure --prefix && make && make install a C source package; the exact source-build-and-install loop.,You are an automation specialist creating a time-series processing workflow for high-frequency IoT sensor data. Your task consists of two parts: fixing a vendored dependency and writing a stream-processing bash script. ### Part 1: Fix and I
build-pmars,3,tw_17688,TerminalWorld-Seeds-Clean,4,4,5,5,"Build VIM from source with a chosen feature set and install to a prefix; the configure-with-feature-flags-then-install skill, like building pMARS without X11.","Build VIM from source with the `huge` feature set enabled, including support for Python 2, Ruby, Lua, Perl, cscope, and GTK2 GUI. Install the built binary to `/usr/bin/vim` (i.e. use `/usr` as the install prefix). The environment has Python"
build-pmars,4,task_002096_dbcfa500,TMax-15K,4,4,4,4,Fix a Makefile.in syntax error then ./configure && make to build a C binary; autotools build repair and compile from source.,"You are a platform engineer responsible for maintaining our CI/CD pipeline infrastructure. We have a lightweight mock CI server that serves test results to our dashboard, but the environment is currently broken. Your task is to fix the depe"
build-pmars,5,rts_task_08b107d941826dce48b6a75d,Recursive-Task-Synthesis,4,3,4,4,"Resolve build deps, configure with an explicit feature-flag set, then make; the configure-with-options-then-compile core of the pmars build.","Set up and build the NetworkManager-l2tp VPN plugin from source. Clone the repository into /app/network-manager-l2tp. Install any missing build dependencies required for configure to complete, then configure using these flags: --disable-sta"
build-pmars,6,tw_157071,TerminalWorld-Seeds-Clean,3,3,4,4,"Build and install MBDyn from source then run it; a from-source build followed by exercising the installed binary, like the pmars test run.","Build and install MBDyn 1.7.3 from source on this system, then use it to simulate the `robot_arm.mbd` model from the [Getting-Started-with-MBDyn](https://github.com/YashKumarVerma/Getting-Started-with-MBDyn) repository. The simulation shoul"
build-pmars,7,rts_task_64c57d1e84b4f7457cd48d6b,Recursive-Task-Synthesis,4,4,4,4,"Compile a C program, assemble a Debian package with DEBIAN/control and install it; the dpkg/debian tooling behind obtaining pMARS from Debian sources.",Build a Debian package for the C program at /app/helloworld.c. The program reads its greeting from the installed data file /usr/share/helloworld/greeting.txt. Assemble the package directory under /app/debdemo/ with the compiled binary and d
build-pmars,8,task_000172_9d5cca3a,TMax-15K,4,4,4,4,Fix a Makefile install target so make install lands the binary in /usr/local/bin; literally the install-to-/usr/local/bin step of TB2.1.,"You are tasked with setting up a configuration management tracking service using a locally vendored package called `bash-conf-tracker`. This tool is designed to receive raw server configuration data over HTTP, normalize it, deduplicate entr"
build-pmars,9,tw_112262,TerminalWorld-Seeds-Clean,3,3,4,4,"Clone, build and install Singularity from source; drive a real configure/make/install from a repository to a working system install.","Build and install Singularity from source on this Ubuntu system. Clone the Singularity repository from `https://github.com/singularityware/singularity.git`, check out the `development` branch, and compile and install it from source using th"
build-pmars,10,task_002085_99894026,TMax-15K,3,4,3,3,Find and fix an intentional Makefile perturbation in a vendored package then make and make install; diagnose-and-fix a broken native build.,"You are a localization engineer managing an ETL pipeline for translation files. Your goal is to process new English strings, merge them with existing French translations, fill in missing gaps using a legacy Translation Memory (TM) file, and"
build-pov-ray,1,tw_8593,TerminalWorld-Seeds-Clean,5,4,5,5,"Download an old program's source tarball from a URL, compile it and install it system-wide - the same task with a different program.","Compile and install the `st` terminal emulator (version 0.4.1) from source. Download the source tarball from `http://dl.suckless.org/st/st-0.4.1.tar.gz`, build it, install it system-wide, and then uninstall it using the provided uninstall t"
build-pov-ray,2,task_003853_457136d4,TMax-15K,5,4,4,4,Vendored jq-1.6 whose ./configure && make is sabotaged; diagnose the build failure until the binary works.,"We are building a Bash-based ETL pipeline to process graph data representing internal transactions. Due to strict environment constraints, we use heavily customized, locally compiled tools for our pipeline. We have pre-vendored the source c"
build-pov-ray,3,rts_task_a1fb5d219782b2ad9fd0ccbe,Recursive-Task-Synthesis,4,4,5,4,"Fetch the PostgreSQL source tarball from a URL, build it and install it to a specified prefix.","Download the PostgreSQL 16.2 source tarball from https://ftp.postgresql.org/pub/source/v16.2/postgresql-16.2.tar.bz2, build it from source, and install to /home/bpdp/software/postgresql/16.2. Then create a Fish shell environment profile at "
build-pov-ray,4,task_002996_9b750971,TMax-15K,5,4,4,4,"Repair datamash-1.8 Makefile.in, then configure --prefix=/usr/local, make and make install a correctly named binary.","You are a data engineer building a lightweight ETL pipeline and serving its results via an HTTP API, using only Bash and core Unix tools. You need to complete the following multi-stage workflow: 1. **Fix and Install Vendored Package**: We r"
build-pov-ray,5,tw_17688,TerminalWorld-Seeds-Clean,4,4,5,4,Build VIM from source with many optional features and install to a prefix; teaches configure-flag and dependency hunting.,"Build VIM from source with the `huge` feature set enabled, including support for Python 2, Ruby, Lua, Perl, cscope, and GTK2 GUI. Install the built binary to `/usr/bin/vim` (i.e. use `/usr` as the install prefix). The environment has Python"
build-pov-ray,6,task_000423_4dba82f4,TMax-15K,5,4,4,4,"Broken autotools tree: fix Makefile.am and configure permissions, run autoreconf -i, configure and make to a binary.","You are acting as a Site Reliability Engineer responsible for monitoring network uptime. We have a locally vendored copy of `fping` that we need to use for our custom internal monitoring pipeline, but the build process is currently broken. "
build-pov-ray,7,tw_15324,TerminalWorld-Seeds-Clean,4,3,4,4,Get EOL Python 2 era software running again on an archived distro - same legacy-software-on-modern-host fight.,Install and configure pyload 0.4.x — the Python 2 download manager — so that the pyload daemon is running in this container. The container uses Python 2.7 on Debian Buster (EOL — archive mirrors are already configured). Clone the pyload sou
build-pov-ray,8,rts_task_43c0269eab61f4f5fb8cafaf,Recursive-Task-Synthesis,4,3,4,4,"Build a tool from local source, install it to /usr/local/bin, then exercise the installed binary on real input.","Build the `rar` command-line utility from local source files available in the environment and install it to `/usr/local/bin/rar`. Use the installed tool to verify the archive at `/app/data/archive.rar` is intact (e.g., via its test command)"
build-pov-ray,9,task_002737_29eccf53,TMax-15K,4,4,4,4,"Download an upstream C library tarball, extract, compile and install to a prefix before anything else can be built.","You are a performance engineer tasked with creating a highly optimized, parallelized simulation and signal processing pipeline. Your objective is to write a C program that simulates the 1D wave equation (a PDE) for multiple initial conditio"
build-pov-ray,10,tw_533008,TerminalWorld-Seeds-Clean,4,4,5,4,Install a pinned version of a C server from source and demonstrate the installed binary starts and stops cleanly.,"Install nginx 1.23.2 from source on this system. The build should compile and install successfully, and nginx should be functional (able to start and stop cleanly). Once complete, write the string `nginx 1.23.2 installed and verified` to `/"
caffe-cifar-10,1,rts_task_a48bb6a87568de6f4342d7e0,Recursive-Task-Synthesis,4,3,5,4,"Clone, build with the exact cmake flags a spec demands, install, run the bundled smoke test and log its full output - the same shape.","Set up and install the Paho MQTT Embedded-C client library from source on this system, following the build specification provided in `/app/rewrite_target.json` (which details required cmake flags, install prefix, or other configuration). Th"
caffe-cifar-10,2,tw_588262,TerminalWorld-Seeds-Clean,4,4,4,4,"Compile an OpenCV binding from source with precompiled artifacts disabled, then run a YOLOv4 CNN on a test image.",Run a YOLOv4 object detection inference using the Evision library (Elixir bindings for OpenCV) in the `/app` directory. The project should be compiled from source with precompiled artifacts disabled. Using the test images and model files al
caffe-cifar-10,3,task_005422_44da660a,TMax-15K,4,4,4,4,Compile a C++ training program and run it so it prints Test Accuracy; native-code training with a metric to verify.,You are a data analyst stepping into a project to fix a machine learning pipeline written in C++. We are training a simple Naive Bayes text classifier on a dataset of SMS messages (`/home/user/dataset.csv`) to predict whether a message is s
caffe-cifar-10,4,rts_task_273506dfe1d5bfc5c2b4f83c,Recursive-Task-Synthesis,4,4,4,4,"Set up the environment, download the dataset files and run the example classifier, saving the full run output.","Inside /app/sds-mnist, set up a Python virtual environment, install sds and numpy, download the four MNIST dataset files, and run image_similarity.py in example mode. The script may require extra local configuration; inspect its source and "
caffe-cifar-10,5,tw_18271,TerminalWorld-Seeds-Clean,4,4,4,4,"Split a dataset, train an SVM with the libsvm source tree and evaluate it - train-and-measure with a C++ toolkit.",Train an SVM classifier using the `heart_scale` dataset included in the libsvm repository. Split the dataset so that the first 170 samples form the training set and the remaining 100 samples form the validation set. Train a model using a li
caffe-cifar-10,6,tw_157071,TerminalWorld-Seeds-Clean,4,3,5,4,"Build and install a scientific C++ package from source, then run a supplied model and capture all output to a file.","Build and install MBDyn 1.7.3 from source on this system, then use it to simulate the `robot_arm.mbd` model from the [Getting-Started-with-MBDyn](https://github.com/YashKumarVerma/Getting-Started-with-MBDyn) repository. The simulation shoul"
caffe-cifar-10,7,task_001129_becccfbc,TMax-15K,4,4,4,4,"Fix a vendored CMakeLists so the C++ dependency builds, then implement the network's forward pass by hand.","You are an AI assistant helping a data researcher clean up a large collection of sensor datasets. The researcher has a mix of valid recordings and corrupted (""evil"") adversarial recordings that need to be filtered out before downstream trai"
caffe-cifar-10,8,tw_17238,TerminalWorld-Seeds-Clean,4,4,4,4,Clone a machine-learning C++ library with submodules and build it with CMake and tests enabled.,"Clone the SML (Statistical Machine Learning) library from `https://github.com/Stardust2013/sml` to `/app/sml`, initialize its submodules, and build the project with tests enabled using CMake. The build should be performed in `/app/sml/build"
caffe-cifar-10,9,task_000854_fe200810,TMax-15K,4,4,3,4,"Training diverges to NaN and must be made to converge without touching lr, seed, epochs or architecture.","You are a developer tasked with debugging a failing machine learning build pipeline. The project is located in `/home/user/build_system/`. When you run the build script `python train.py`, it fails with a convergence error (the loss becomes "
caffe-cifar-10,10,facebookresearch__fvcore.a491d5b9.combine_file__htnzvb1x,SWE-Smith-Seeds-Clean,3,4,1,3,Caffe2-style conv weight initialisation (c2_msra_fill/c2_xavier_fill) - the initialisation a CIFAR CNN's accuracy depends on.,# Weight initialization parameters changed in c2_xavier_fill and c2_msra_fill I've noticed that the weight initialization functions in `fvcore/nn/weight_init.py` are not behaving as expected. The issue appears to be with both the `c2_xavier
cancel-async-tasks,1,task_002782_8ddf86de,TMax-15K,5,5,4,5,Explicitly requires the coroutine to terminate on cancellation and not swallow asyncio.CancelledError - the same rule this task turns on.,You are a security researcher analyzing a suspicious Python asynchronous service that is prone to Denial of Service (DoS) attacks via task leakage and CPU exhaustion. You have been provided with the service code at `/home/user/suspicious_se
cancel-async-tasks,2,Cog-Creators__Red-DiscordBot.33e0eac7.combine_module__9p10bve9,SWE-Smith-Seeds-Clean,5,5,2,4,"bounded_gather is a semaphore-bounded asyncio.gather; the bug lives in its concurrency-limit handling, exactly run_tasks' signature.",# Multiple issues with bounded_gather and pagify functions ## Description I've found several issues with the `bounded_gather` and `pagify` functions in the utils module. ### bounded_gather issue: When trying to use `bounded_gather` with a l
cancel-async-tasks,3,aaugustin__websockets-467,SWE-Rebench-Tasks-Clean,5,5,2,4,"Deep argument about cancelling futures versus raising, and what a task can know when CancelledError arrives.",A git repository with the project this issue is about is checked out somewhere under / (commonly /<project-name>). Find it and work there. Pong's CancelledError races with ConnectionClosed error I upgraded to the current version of this lib
cancel-async-tasks,4,task_000705_dd1c4aef,TMax-15K,5,5,3,4,Orphaned task survives client cancellation; must handle asyncio.CancelledError so the work actually stops.,"You are a performance engineer called in to debug a severe resource leak in a Python asynchronous backend service. The service processes incoming network requests, but under heavy load with frequent client cancellations (disconnects), it le"
cancel-async-tasks,5,python-trio__trio.cfbbe2c1.pr_3051,SWE-Smith-Seeds-Clean,5,4,2,4,Shielding a cancel scope is the mechanism that lets cleanup finish after cancellation - the requirement stated in the prompt.,"move_on_ and fail_ functions should accept shield as a keyword argument Support a simpler syntax for: ``` async with trio.move_on_after(1) as scope: scope.shield = True ``` as a one-liner: ``` async with trio.move_on_after(1, shield=True) a"
cancel-async-tasks,6,task_003430_e10679d1,TMax-15K,4,5,3,4,Asyncio task leak when a client disconnects; tasks must be cancelled and reaped rather than left running.,"You are an SRE investigating a Python-based metrics aggregation service that has been triggering uptime alerts. The service calculates uptime scores and processes incoming telemetry, but it has two severe bugs: 1. **Asyncio Task Leak:** Whe"
cancel-async-tasks,7,python-trio__trio-2845,SWE-Rebench-Tasks-Clean,4,4,2,4,How exceptions from concurrently running children surface out of a nursery - the structured-concurrency version of this API.,A git repository with the project this issue is about is checked out somewhere under / (commonly /<project-name>). Find it and work there. (Regression on master) `strict_exception_groups` is not respected `strict_exception_groups` is docume
cancel-async-tasks,8,rts_task_d0d85b0aa334978c5f38571f,Recursive-Task-Synthesis,4,3,3,4,On SIGINT every concurrently running child must be terminated cleanly - the keyboard-interrupt-still-cleans-up requirement.,"Create an executable shell script at `/app/qrshare` that, when executed, starts a Python HTTP server on port 8000 serving the current directory and displays a QR code encoding the URL. The script must determine the machine's outbound IP add"
cancel-async-tasks,9,python-trio__trio.cfbbe2c1.combine_module__2e5xy8b7,SWE-Smith-Seeds-Clean,4,4,2,4,"Signal (Ctrl-C) delivery inside an async runtime, the path by which a KeyboardInterrupt becomes a cancellation.",# Bug in signal handling and subprocess pipe creation I found two issues in the Trio codebase: ## Issue 1: Signal handling in non-main threads ```python In [1]: import trio In [2]: import signal In [3]: import threading In [4]: def thread_f
cancel-async-tasks,10,task_001433_7846c37a,TMax-15K,4,5,3,4,Fix an asyncio task leak on disconnect so abandoned tasks are cancelled instead of accumulating.,"You are a support engineer collecting diagnostics for a problematic asynchronous Python data ingestion service. The service has been crashing, producing incorrect analytics, and failing to handle unexpected payloads. Your goal is to fix the"
chess-best-move,1,task_000843_e4d5c63e,TMax-15K,4,4,4,4,"Extract a structure from a PNG, then compute an exact answer over it that is checked numerically - both stages of this task.","You are a Database Administrator optimizing a complex knowledge graph database. You have received a screenshot of the latest query execution plan's topology, which details the join costs between different NoSQL collections (nodes). This ima"
chess-best-move,2,tw_372371,TerminalWorld-Seeds-Clean,4,4,4,4,Search an N x N chessboard for every legal configuration and write them all out in a fixed format.,"Implement a solution to the N Queens puzzle in `/app/puzzle_queen.py` inside the running Docker container. The script must accept a `-n` argument specifying the board size, a `-f` flag to display each solution as a full N×N board, and a `-s"
chess-best-move,3,rts_task_2629efb30267270e1cd69b57,Recursive-Task-Synthesis,4,4,4,4,"Board-search solver that must emit every solution, not just one - matches the print-all-winning-moves requirement.",Implement an N-Queens solver script at `/app/puzzle_queen.py`. The script must be a command-line tool that accepts: - `-n N` : board size (integer) - `-f` : display each solution as a full board with 'Q' and '.' - `-s` : save solutions to `
chess-best-move,4,tw_4289,TerminalWorld-Seeds-Clean,4,4,3,4,Turn a PNG into a grid of discrete cells by reading its pixels - the board-reading step with no OCR to lean on.,"Convert the image file `/app/Mario.png` into a colored ASCII art representation rendered in the terminal using block characters and ANSI terminal color codes. The output should display the image as a grid of colored cells, with each pixel's"
chess-best-move,5,task_000248_5bd4d1d1,TMax-15K,4,4,4,4,"Recover a directed graph from an image, then decide and print a verdict derived from it.",You are a script developer tasked with building a web security utility that validates API gateway routing paths. We are migrating our microservice routing rules into a compiled C++ authorizer. Phase 1: Architecture Extraction We have provid
chess-best-move,6,aspp__pelita-875,SWE-Rebench-Tasks-Clean,4,4,2,3,Parse a textual board layout into a game state and run the move loop over it; board plus moves in one codebase.,A git repository with the project this issue is about is checked out somewhere under / (commonly /<project-name>). Find it and work there. run_background_game breaks when layout= is passed ``` def test_run_background_game_with_layout(): tes
chess-best-move,7,task_000405_db54ffe9,TMax-15K,3,4,3,3,"The graph to build exists only as a picture, so reading the image correctly is the whole difficulty.","You are a script developer building a fast C++ utility for evaluating a static dataflow circuit. Your team lost the original configuration file for the production circuit, but managed to find a screenshot of the textual rules representing t"
chess-best-move,8,burnash__gspread.a8be3b96.func_pm_ctrl_shuffle__o621cgb3,SWE-Smith-Seeds-Clean,3,3,1,3,Letter-plus-digit cell labels parsed into grid indices - the coordinate notation the answer must be written in.,"A1 notation parsing fails with UnboundLocalError When using A1 notation for cell references, the code throws an `UnboundLocalError: local variable 'm' referenced before assignment` error. #### Steps/Code to Reproduce ```python import gsprea"
chess-best-move,9,tw_144971,TerminalWorld-Seeds-Clean,3,4,3,3,"Reason about legal placements on a fixed grid puzzle, stepping a solver rather than guessing.","Use `sudb`, the Sudoku debugger, to step through a Sudoku puzzle and capture the session output to `/app/result.txt`. Run `sudb -r 1` and perform the following in a single session: step forward once, set a breakpoint at cell (8,1) using `br"
chess-best-move,10,axelrod-python__axelrod-1113,SWE-Rebench-Tasks-Clean,3,4,2,3,A strategy makes the wrong move at a given position; correctness of state-to-move selection against a spec.,A git repository with the project this issue is about is checked out somewhere under / (commonly /<project-name>). Find it and work there. Newly implemented Gladstein isn't correct Woops we should have checked this on @dmanc's #1110. Using 
circuit-fibsqrt,1,tw_621404,TerminalWorld-Seeds-Clean,5,4,4,5,"Integer floor sqrt by Newton's method implemented on a bare stack machine, checked on inputs including 20000 - half this task, one level up.","Using `gforth`, implement a Forth word `sqrt` that computes the integer (floor) square root of a positive integer using Newton's method. Run it on inputs 100, 144, 200, 20000, and 2000000. Write the five results, one integer per line, to `/"
circuit-fibsqrt,2,tw_713358,TerminalWorld-Seeds-Clean,4,4,4,4,"Fibonacci built from registers, adds and a loop in raw ARM64 assembly - the other half, at a comparably low level.","Write an ARM64 Assembly program that generates and prints the first 10 numbers of the Fibonacci sequence. The source file must be saved as `/app/fibonacci.s` and, when assembled and linked into an executable at `/app/fibonacci`, running it "
circuit-fibsqrt,3,rts_task_7456b58e87defe2142377a5a,Recursive-Task-Synthesis,4,4,4,4,Standalone ARM64 Fibonacci with syscalls only and an exact required output format; no runtime to hide behind.,Write an ARM64 assembly program that prints the first 10 numbers of the Fibonacci sequence. Save the source as `/app/fibonacci.s`. The program must be a standalone ARM64 assembly file using Linux syscalls directly (no C runtime). Build the 
circuit-fibsqrt,4,task_000258_60a61045,TMax-15K,4,4,4,4,"Compile a sequence of operations into the exact encoding a small machine runs, then emulate it to predict the result.","You are an integration developer tasked with creating a tool to test a legacy API endpoint. The API does not accept JSON or XML; instead, it accepts a custom binary payload that acts as bytecode for a small virtual machine on the server. Yo"
circuit-fibsqrt,5,qiskit__qiskit-terra-7952,SWE-Rebench-Tasks-Clean,4,4,2,4,Gate operations sharing a bit get reordered and change the answer - the data-dependency hazard that dominates netlist design.,A git repository with the project this issue is about is checked out somewhere under / (commonly /<project-name>). Find it and work there. `SabreSwap` can reorder operations that depend on the same classical bit ### Environment - **Qiskit T
circuit-fibsqrt,6,rts_task_e22f09d81acdd0f844580eb7,Recursive-Task-Synthesis,4,4,4,4,"GCD in ARM64 assembly: an iterative numeric algorithm expressed purely as compares, branches and subtractions.","Implement a GCD calculator in ARM64 assembly. Place the source at `/app/mcd.s` and compile it to `/app/mcd`. When run, the binary must print: Calculando MCD de 48 y 18 El MCD es: 6 The working directory is `/app`. The environment provides c"
circuit-fibsqrt,7,task_001481_3bacc41d,TMax-15K,4,4,3,4,"Work out an undocumented machine's instruction semantics by experiment, then reproduce them exactly - what reading sim.c demands.","As a release manager preparing for an infrastructure migration, you need to replace a legacy C-based evaluation service with a modern Python WebSocket architecture. The current service relies on an undocumented, stripped binary located at `"
circuit-fibsqrt,8,task_000246_a1b7a5cc,TMax-15K,4,4,4,4,"Implement a bytecode machine in C straight from an opcode spec, with no tolerance for semantic drift.","I need you to develop a small virtual machine utility in C that evaluates mathematical expressions encoded in a custom bytecode. The specification for this bytecode, including the hexadecimal opcode mappings and a required modulo constant f"
circuit-fibsqrt,9,rts_task_b6b02584385fd4ad601f40ce,Recursive-Task-Synthesis,4,4,4,4,"LCM in AArch64 assembly: compose GCD, multiplication and division from instruction-level primitives.","Write an AArch64 assembly program that reads two unsigned integers from `/app/input.txt`, computes their least common multiple, and prints the result to stdout. The exact output format and deliverable artifacts are defined in `/app/rewrite_"
circuit-fibsqrt,10,tw_360407,TerminalWorld-Seeds-Clean,3,4,3,3,Integer-to-decimal conversion in Gforth - repeated division and digit assembly on a machine with only a stack.,Write a Gforth program that converts an integer variable's value to its decimal string representation and writes it as a single line to `/app/test.txt`. The variable should be initialized to `42`. Both positive and negative integers must be
cobol-modernization,1,task_000058_5b337278,TMax-15K,5,3,4,5,Read legacy Python 2 record processor and re-implement in Go with fuzz-verified bit-exact output; the same port-for-parity crux.,"We are currently migrating our legacy data processing pipeline. The old system consists of a monolithic Python 2 script that parses structured timeseries data, calculates rolling averages, and sorts the output. We are modernizing this into "
cobol-modernization,2,task_003546_320d43aa,TMax-15K,5,3,4,5,Translate a Python 2 batch pipeline to Rust and prove equivalence by diffing both programs' outputs to empty.,"I am migrating a legacy data processing pipeline from Python 2 to Rust. I need you to translate the core logic, wrap it in a microservice, expose it via a reverse proxy, and prove that the new system produces identical output. Here is the s"
cobol-modernization,3,task_002827_0428ee83,TMax-15K,5,2,3,4,"Read C++ source and reproduce its exact ordering/tie-break semantics in Python; reading foreign source is the hard part, as with COBOL.",You are a Release Manager preparing for a blue-green deployment of a new microservice. The legacy system currently uses a custom C++ caching component that has been failing to handle memory lifetimes correctly. We have decided to rewrite th
cobol-modernization,4,task_001689_43cd859c,TMax-15K,5,2,4,4,Port a given Python parsing script to C++ with bit-exact stdout under heavy fuzzing; pure semantics-preserving translation.,"You are a platform engineer maintaining a high-throughput CI/CD pipeline. One of our build steps uses a Python script, `/home/user/legacy_hasher.py`, to parse, filter, and hash deployment artifact names from a stream of log lines. Because o"
cobol-modernization,5,task_003146_99406eeb,TMax-15K,5,2,4,4,"Rewrite a legacy Python 2 sorting/diff module in C++ bit-for-bit identical to the reference oracle, custom rules included.","We are migrating a legacy Python 2 system to Python 3. As part of this migration, a critical performance bottleneck was identified in our semantic version sorting and diffing module, which heavily relies on old Python 2 `cmp` behaviors that"
cobol-modernization,6,task_003388_b673399c,TMax-15K,4,3,3,4,Modernize a legacy Python 2 interpreter to Python 3 preserving numeric and FFI results; legacy-migration with equivalence bar.,"You are tasked with migrating a legacy Python 2 mathematical expression interpreter to Python 3. The legacy system parses and evaluates prefix-notation mathematical expressions, and calculates a checksum of the expression using a C library "
cobol-modernization,7,task_007893_afa5eeb2,TMax-15K,4,4,3,4,Decode fixed 25-byte packed transaction records from a legacy .dat file; the fixed-width field layout reasoning COBOL PIC clauses need.,"I have a legacy binary data file located at `/home/user/transactions.dat`. As a data analyst, I need to extract successful transactions from this file and convert them into a structured CSV format for downstream processing. I don't have the"
cobol-modernization,8,task_003266_90b0df8c,TMax-15K,4,3,4,4,Port an opaque record-recovery tool to Python so behaviour matches exactly for every valid input.,You are a support engineer collecting diagnostics for a distributed database that recently suffered a catastrophic crash. The only intact data we have are fragmented Write-Ahead Logs (WAL) generated by various nodes across different timezon
cobol-modernization,9,task_001549_376af22d,TMax-15K,4,2,4,4,Write a bit-exact Python drop-in for a legacy binary from a recovered spec; same output-equivalence acceptance criterion.,"You are a log analyst investigating anomalous patterns in a high-throughput server. Your team relies on a legacy C++ tool, located at `/app/legacy_detector`, to process JSON-lines server logs, extract metrics, and flag anomalies. Unfortunat"
cobol-modernization,10,pyccel__pyccel-2038,SWE-Rebench-Tasks-Clean,4,4,2,4,Generated C/Fortran copies a list where Python aliases it: the canonical semantic-drift bug a language port must catch.,A git repository with the project this issue is about is checked out somewhere under / (commonly /<project-name>). Find it and work there. Modifications to a list via an assigned variable do not reflect in the original list ### Describe the
code-from-image,1,task_000246_a1b7a5cc,TMax-15K,5,5,5,5,"OCR a spec image for opcode semantics and a constant, implement the VM, match the oracle's printed value. Near-identical task.","I need you to develop a small virtual machine utility in C that evaluates mathematical expressions encoded in a custom bytecode. The specification for this bytecode, including the hexadecimal opcode mappings and a required modulo constant f"
code-from-image,2,task_002191_1eb8c657,TMax-15K,5,5,4,5,The image is a text flowchart; rules must be applied in the exact order shown and the output matched bit-for-bit.,You are a DevSecOps engineer tasked with enforcing security policies as code for a legacy web service. We need to deploy a lightweight Web Application Firewall (WAF) filter written entirely in Bash to sanitize incoming payload strings befor
code-from-image,3,task_000153_c5ddde93,TMax-15K,5,5,4,5,A diagram image is the sole source of a state machine that must be implemented and evaluated exactly.,"You are a platform engineer maintaining the CI/CD pipeline for a web security company. Recently, our lightning-fast Rust-based Web Application Firewall (WAF) routing component started failing to compile in the pipeline due to complex lifeti"
code-from-image,4,task_003492_fbc876b2,TMax-15K,5,5,4,5,"Syntax, defaults, state machine and error codes all live only in rules.png and must be reproduced fuzz-exactly.","You are an engineer setting up a polyglot build system from scratch. As part of this, we need a lightweight, fast request validator and expression parser written entirely in Bash to handle incoming build requests before they hit our gRPC/pr"
code-from-image,5,task_003153_b8377035,TMax-15K,5,5,4,5,"A screenshot is the only surviving spec of the algorithm; reimplement it bit-exactly, the pure image-to-code case.","We are testing our backup restoration procedures, but we encountered a critical issue. A cron job that was supposed to process and normalize backup manifests was writing to the wrong path due to environment differences, and the original sou"
code-from-image,6,task_004606_391aae46,TMax-15K,5,5,4,4,OCR spec.png for the filter/aggregate logic and match an oracle binary's output exactly.,You are a data analyst working on a high-throughput CSV processing pipeline. Your manager has given you an image containing the specific business logic for a new data filter and aggregation tool. The specification image is located at `/app/
code-from-image,7,task_000234_dc2d9846,TMax-15K,4,5,4,4,"OCR the exact hashing formula from a requirements image; the deliverable is one exact hash value, like the bee26a check.","You are an IT support technician tasked with resolving a bug in a critical system utility used for file validation. The utility `hasher` has been crashing or returning incorrect values, particularly when handling filenames with spaces. Your"
code-from-image,8,task_003622_c13285ca,TMax-15K,4,5,4,4,Tesseract a formula image carrying the numerical algorithm and reproduce the transformation exactly.,"You are an integration developer building a mock client for a legacy data processing API. The original documentation is lost, but a scan of the transformation specification has been recovered and is available at `/app/legacy_api_formula.png"
code-from-image,9,task_003914_d9c1a0ff,TMax-15K,4,4,4,4,Read routing rules off a flowchart image and emit the same decision string as the legacy binary.,"You are an edge computing engineer deploying an IoT fleet. We have an existing legacy binary `/app/proxy_oracle` that filters and routes incoming proxy requests for our edge devices. However, we need to re-implement this logic in Go so we c"
code-from-image,10,task_002229_9a52b13d,TMax-15K,4,5,3,4,The exact metric formula exists only in spec.png; the answer is wrong if the image is transcribed wrong.,You are a performance engineer analyzing parallel computing scalability (MPI/OpenMP). You have received a scanned fragment of an old performance tuning manual that specifies a custom metric called the Profiling Index (PI). The image is loca
compile-compcert,1,rts_task_020ad1689cad3626497b56fe,Recursive-Task-Synthesis,5,5,5,5,"Build Janus v0.10.5 and three pinned dependencies from source, verify tarball checksums, install to a fixed prefix. Same shape as CompCert 3.13.1.","Build and install the Janus WebRTC gateway (v0.10.5) from source on a Debian 10 system. All required dependencies (libwebsockets v3.2.0, libnice, libsrtp v2.2.0) must also be built from source. Janus must be installed to /opt/janus with con"
compile-compcert,2,rts_task_afd60c089eb038e4ad5ef336,Recursive-Task-Synthesis,5,5,5,5,"Fetch, configure, build and install PostgreSQL 16.2 under a named prefix; exact-version source build ending in a usable binary.","Build PostgreSQL 16.2 from source and install it to `/home/bpdp/software/postgresql/16.2`. Download the source tarball from `https://ftp.postgresql.org/pub/source/v16.2/postgresql-16.2.tar.bz2`, configure, compile, and install. After instal"
compile-compcert,3,tw_528959,TerminalWorld-Seeds-Clean,5,4,5,5,Compile Python 3.9.1 from source and prove the produced executable runs; version-pinned build with a working-binary acceptance test.,"Compile Python 3.9.1 from source on this Debian system. The build should result in a working `python3.9` executable installed on the system. Once the build and installation are complete, write the output of `python3.9 --version` to `/app/re"
compile-compcert,4,tw_135422,TerminalWorld-Seeds-Clean,5,5,5,5,Configure binutils 2.27 for a specific target triple and build it; choosing the right configure target is CompCert's central step.,Compile and install the Binutils 2.27 package as part of an LFS (Linux From Scratch) cross-toolchain build. The source tarball `binutils-2.27.tar.gz` is located in `$LFS/sources`. Binutils must be configured as a cross-compiler targeting `$
compile-compcert,5,tw_157071,TerminalWorld-Seeds-Clean,5,4,5,5,"Build MBDyn 1.7.3 from source then run a model through it; build plus a functional check of the artifact, like invoking ./ccomp.","Build and install MBDyn 1.7.3 from source on this system, then use it to simulate the `robot_arm.mbd` model from the [Getting-Started-with-MBDyn](https://github.com/YashKumarVerma/Getting-Started-with-MBDyn) repository. The simulation shoul"
compile-compcert,6,tw_17688,TerminalWorld-Seeds-Clean,4,4,5,4,Configure VIM with a demanding feature/interpreter set and install to an exact path; configure-flag selection against available libraries.,"Build VIM from source with the `huge` feature set enabled, including support for Python 2, Ruby, Lua, Perl, cscope, and GTK2 GUI. Install the built binary to `/usr/bin/vim` (i.e. use `/usr` as the install prefix). The environment has Python"
compile-compcert,7,rts_task_a1fb5d219782b2ad9fd0ccbe,Recursive-Task-Synthesis,4,5,5,4,Second PostgreSQL 16.2 tarball-to-prefix build; reinforces configure/make/make install on a large C tree.,"Download the PostgreSQL 16.2 source tarball from https://ftp.postgresql.org/pub/source/v16.2/postgresql-16.2.tar.bz2, build it from source, and install to /home/bpdp/software/postgresql/16.2. Then create a Fish shell environment profile at "
compile-compcert,8,tw_112262,TerminalWorld-Seeds-Clean,4,4,5,4,Install build prerequisites and autotools-build Singularity from a git checkout until the binary is on PATH.,"Build and install Singularity from source on this Ubuntu system. Clone the Singularity repository from `https://github.com/singularityware/singularity.git`, check out the `development` branch, and compile and install it from source using th"
compile-compcert,9,rts_task_23434452c7727f330a7edb22,Recursive-Task-Synthesis,4,4,5,4,"Build and install a C library from source, then compile and run a client against the installed artifact; end-to-end usability check.","The Paho MQTT Embedded-C library must be built from source and installed system-wide. Clone the repository into `/app/paho.mqtt.embedded-c`, build it, and install it so that its headers and libraries are available system-wide. After the lib"
compile-compcert,10,tw_6033,TerminalWorld-Seeds-Clean,4,4,4,4,Configure the build with the correct cross-compiler prefix before compiling; target/toolchain selection is the failure point.,"Build the LainOS v0.0.3 operating system from its source repository. Clone the project from `https://github.com/lain-dono/lainos.git`, configure the build environment with the appropriate cross-compiler toolchain prefix (`i586-elf-`), and c"
configure-git-webserver,1,task_000323_88f28a61,TMax-15K,5,5,5,5,"Bare repo, post-receive hook that checks out and restarts the backend, web server in front, and a curl on a fixed port as the test.","You are tasked with fixing a broken deployment of a custom C++ web backend behind an Nginx reverse proxy. Currently, making a request to the Nginx server on port 8000 returns a ""502 Bad Gateway"" error, or fails entirely, because the backend"
configure-git-webserver,2,task_002999_f7a7fdaf,TMax-15K,5,5,5,5,"Write the post-receive hook, push to trigger it, and curl port 8080 to confirm the deployed content is served.","You are a System Administrator tasked with resolving a 502 Bad Gateway error on a local development environment and automating the deployment pipeline. Currently, there is an Nginx instance running as your unprivileged user. It is configure"
configure-git-webserver,3,task_000176_2b846a1b,TMax-15K,5,5,5,5,"Fix an nginx-on-8080 deployment and automate deploys through git hooks, then verify the response over HTTP.","You are a FinOps analyst responsible for maintaining a lightweight, localized cloud cost reporting dashboard. To avoid expensive SaaS tools, your team deployed a custom Python backend (Flask) managed by `supervisord` and served via `nginx` "
configure-git-webserver,4,task_001398_c3476d8e,TMax-15K,5,5,4,5,post-receive hook checks the pushed file out to the path the web server reads and reloads it; push-to-serve in one step.,You are a Site Reliability Engineer responsible for ensuring our uptime monitoring stack is functioning correctly and writing a high-performance log parser for our analytics pipeline. Our stack consists of three services running locally und
configure-git-webserver,5,task_001955_4ec487fa,TMax-15K,5,4,5,4,"Create the bare repo, hook it to check out master into a directory, clone it and push to prove the trigger fires.",You are a Site Reliability Engineer tasked with setting up a configuration-driven uptime monitoring system. You need to build a pipeline where updating a Git repository automatically triggers a custom Rust-based network health checker to ve
configure-git-webserver,6,task_001245_ef5510da,TMax-15K,5,4,5,4,"Executable post-receive hook reading oldrev/newrev from stdin, extracting the tree and deploying; the hook mechanics in full.",You are a deployment engineer tasked with setting up a continuous deployment pipeline using Git hooks. The goal is to automatically compile and deploy a C program whenever code is pushed to a centralized repository. Your task consists of th
configure-git-webserver,7,task_000189_231156cd,TMax-15K,4,4,4,4,"Hook must check the pushed tree out into a worktree before acting on it, the step that turns a bare repo into served files.",You are a site administrator tasked with building an automated system to manage user network provisioning. You need to set up a Git-based workflow where pushing a configuration file triggers a Rust-based tool to generate network routing rul
configure-git-webserver,8,tw_321921,TerminalWorld-Seeds-Clean,4,5,4,4,"Get the HTTP daemon actually reachable on its port with index.html in the document root; the serving half, unblocked end to end.","The Apache HTTP server (`httpd`) is configured to listen on port `5001`, but port 5001 is currently blocked by `sendmail` and the firewall is not configured to allow traffic on that port. Make `httpd` running and accessible on port 5001. Po"
configure-git-webserver,9,tw_220186,TerminalWorld-Seeds-Clean,4,5,4,4,Commit content into a git repository and publish that same directory over a local HTTP server that a client then fetches from.,"Create a local Git-based Helm chart repository from the existing chart source at `/app/test-chart/`. The repository should be set up in a directory called `/app/simple-helm-repo/`, containing the packaged chart archive (`test-chart-0.0.1.tg"
configure-git-webserver,10,tw_313804,TerminalWorld-Seeds-Clean,3,5,3,4,"Point a remote at a bare repository, commit index.html and push it there; the client half of the TB2.1 command sequence.","In the `/usr/src/kodekloudrepos/news` Git repository, add a remote named `dev_news` pointing to `/opt/xfusioncorp_news.git`. Copy the file `/tmp/index.html` into the repository, stage and commit it with the message `""git remote""`, then push"
constraints-scheduling,1,task_002086_c329710c,TMax-15K,5,3,4,4,"Search a discrete space for a selection satisfying inclusion, dependency and conflict rules at once; the same feasibility hunt as finding a valid slot.","You are an AI assistant helping a developer organize project files and dependencies. We have a mathematical dependency resolver originally prototyped in Python, but it's currently broken and we want to rewrite it entirely in Go for better p"
constraints-scheduling,2,task_000597_e676e1f7,TMax-15K,5,3,4,4,"Satisfy every constraint from every party, then apply an extremal rule to choose among valid answers, exactly as 'earliest valid slot' does.","You are a build engineer managing internal artifacts. We have exported a dump of our internal package registry to a custom text format. Your task is to write a script or program to parse this registry, resolve the dependency graph for a spe"
constraints-scheduling,3,task_004407_3de0d0ba,TMax-15K,5,3,4,4,Find the one combination meeting all stated constraints including an aggregate condition; exhaustive search plus verification.,You are a Mobile Build Engineer responsible for maintaining and upgrading our remote build execution pipeline. Our pipeline relies on a mix of legacy native C++ tools and modern microservices. You have a multi-phase task to complete. **Phas
constraints-scheduling,4,collective__icalendar-878,SWE-Rebench-Tasks-Clean,4,5,3,4,The only iCalendar task in the pool: emitting a structurally valid .ics with its timezone components in the right place.,A git repository with the project this issue is about is checked out somewhere under / (commonly /<project-name>). Find it and work there. [BUG] Missing timezones are added to the end of the file but should be at the start <!-- This templat
constraints-scheduling,5,task_004627_4d1d2cb8,TMax-15K,4,3,4,4,"Restrict the candidate set first, then find a combination satisfying every dependency requirement; two-stage constrained search.",You are a security engineer building an automated supply-chain audit utility. A recent vulnerability check revealed that malicious actors are attempting to poison your build pipeline by serving compromised package versions with invalid chec
constraints-scheduling,6,task_002869_18f98df5,TMax-15K,4,2,4,4,"Solve simultaneous constraints with an added ordering condition, by solver or brute force; constraint satisfaction with a disambiguating rule.",You are tasked with setting up a polyglot test harness and fixing a memory bug in a mixed C/Python microservice. The service calculates specialized values via a C shared library but communicates via a Python gRPC interface. You will find th
constraints-scheduling,7,task_004350_6860d937,TMax-15K,4,3,3,3,Make the resolver return the highest candidate satisfying all constraints; constraint evaluation plus a deterministic preference order.,You are an open-source maintainer reviewing a broken Pull Request. The PR adds a simple dependency resolution utility written in C (`resolve.c`). The utility is designed to read a list of available semantic versions and a list of constraint
constraints-scheduling,8,task_003405_f49bffaf,TMax-15K,4,3,4,3,"Hand-implement range matching and filter candidates to those satisfying every constraint, rather than calling a library.","You are a build engineer responsible for securing our local artifact mirror. Recently, our build system failed to link a critical shared library because the artifact mirror was partially corrupted—some files were tampered with, and others h"
constraints-scheduling,9,task_000896_55f40413,TMax-15K,4,3,4,3,"Reconcile constraints coming from several parties across a graph and report the exact satisfying set, as three calendars must be reconciled.","You are an integration developer responsible for building a dependency resolution tool in Bash. In your environment, there is a package registry represented as a JSON file at `/home/user/registry.json`. Your task is to write a Bash script t"
constraints-scheduling,10,dbader__schedule.82a43db1.func_pm_remove_cond__9tbtqjem,SWE-Smith-Seeds-Clean,4,4,2,3,Time-of-day handling silently loses hour and minute; the minute-granularity arithmetic this task's slot search is evaluated on.,"Jobs scheduled with .at() time not preserving hour and minute components #### Description When scheduling jobs with specific times using `.at()`, the hour and minute components are being lost, causing jobs to run at unexpected times (typica"
count-dataset-tokens,1,task_004701_979f0bf8,TMax-15K,5,4,4,5,Tokenizes a corpus with a named HuggingFace tokenizer and reports total_tokens as an exact integer; nearest thing in the pool.,"You are a data scientist preparing a new dataset from raw audio logs. We have an audio file located at `/app/dataset_recording.wav` containing spoken data records. Your goal is to transcribe, clean, tokenize, and track the processing of thi"
count-dataset-tokens,2,task_004812_68a1963b,TMax-15K,4,4,4,4,LLM corpus prep ending in an exact total_tokens figure; same vocabulary-mapping and counting discipline.,"I am a machine learning researcher trying to organize a large-scale text corpus for training a custom neural network. I have raw text data and a vocabulary, but I need you to build a reproducible data processing and testing pipeline. You ne"
count-dataset-tokens,3,huggingface__transformers-36497,SWE-Rebench-Tasks-Clean,3,5,2,4,Deep inside transformers' tokenized-batch pipeline; teaches the exact library whose tokenizer the TB task must drive.,A git repository with the project this issue is about is checked out somewhere under / (commonly /<project-name>). Find it and work there. Allow setting a seed for DataCollatorForLanguageModeling ### Feature request The `DataCollatorForLang
count-dataset-tokens,4,task_003644_d3ffecd2,TMax-15K,4,4,3,4,Trains a HuggingFace BPE tokenizer over a JSONL dataset; subword tokenizer API plus dataset field selection.,You are an ML engineer preparing a specialized dataset for a new language model. You have been given a raw JSONL dataset and need to orchestrate a data processing pipeline using Bash and Python. Your tasks are to: 1. **Environment Setup**: 
count-dataset-tokens,5,task_002347_599a129f,TMax-15K,4,3,4,4,Tokenizes every row of a dataset and reports the total token count; identical aggregate endpoint.,"You are a data analyst setting up an automated pipeline to benchmark tokenization performance for a new text processing model. However, the headless Linux environment is causing display issues when generating reports (similar to how matplot"
count-dataset-tokens,6,rts_task_e69fdae3612dcbc49b035654,Recursive-Task-Synthesis,4,3,4,4,"Corpus-level NLP computation whose critical parameter must first be discovered externally, then one number written out.","Use the CADE (Compass-Aligned Distributional Embeddings) library in `/app` to measure how the word ""like"" has shifted in meaning between two text corpora. The embedding size needed by CADE is not hardcoded; start the local HTTP configuratio"
count-dataset-tokens,7,tw_259453,TerminalWorld-Seeds-Clean,4,3,4,4,Exact per-category counts over a compressed JSON dataset; same count-the-records-correctly failure surface.,Use the Event Query Language (EQL) to analyze the dataset `normalized-atomic-red-team.json.gz`. Your task is to count the occurrences of each `event_type` in the data and save the results to `/app/counts.json`. For more information on how t
count-dataset-tokens,8,rts_task_9fc576bfba789ec7cbb43fbb,Recursive-Task-Synthesis,4,3,4,4,"Find the dataset in the tree, verify it, count per field value; same locate-then-count-exactly workflow.",Use the Event Query Language (EQL) to analyze a compressed JSON dataset located somewhere under `/app`. Search the directory tree to locate it. Your goal: count how many times each `event_type` appears in the data and save the results to `/
count-dataset-tokens,9,facebookresearch__fvcore.a491d5b9.lm_rewrite__pcccevul,SWE-Smith-Seeds-Clean,4,4,2,3,"Wrong parameter_count over a torch model: debugging an exact count aggregated across a structure, in the ML stack.",# parameter_count() function returns incorrect module parameter counts ## Description I discovered an issue with the `parameter_count()` function in fvcore. It's not correctly aggregating parameter counts for modules and submodules. Here's 
count-dataset-tokens,10,task_008358_9397763a,TMax-15K,3,3,3,3,"Vocabulary built only from the train split, statistics on test; split and field selection drive the numeric answer.",You are a researcher organizing a text dataset for a downstream machine learning model. You want to measure the Out-Of-Vocabulary (OOV) rate on your test set to ensure the test data doesn't contain too many unseen tokens compared to the tra
crack-7z-hash,1,tw_733601,TerminalWorld-Seeds-Clean,5,5,4,5,Runs John the Ripper with a wordlist to crack password hashes and writes results out; the exact tool and workflow the 7z task requires.,Use John the Ripper (located at `/app/john/run/john`) to crack passwords from two hash files: `/app/hashes-sha512crypt` (Rocky Linux sha512crypt hashes) and `/app/hashes-yescrypt` (yescrypt hashes). Run cracking attempts against both files 
crack-7z-hash,2,task_000306_b7243206,TMax-15K,5,5,4,5,"Cracks a password-protected zip with a wordlist, decrypts it and reads the secret inside; the nearest twin to cracking secrets.7z.",You are an incoming security engineer tasked with updating our credential processing pipeline. We are rotating credentials and fixing a critical vulnerability in our microservices where JWTs with `algorithm: none` are being accepted. Your m
crack-7z-hash,3,tw_108746,TerminalWorld-Seeds-Clean,5,5,4,5,Cracks bcrypt hashes with a wordlist and outputs John's --show format; same cracking capability end to end.,Crack the bcrypt-hashed passwords stored in the file `passwd` (located in the working directory) using the wordlist `password.list`. The passwords were all hashed with the same salt. Write the cracked credentials to `/app/cracked.txt`. The 
crack-7z-hash,4,task_000111_b2f871c2,TMax-15K,5,5,4,5,Cracks a shadow SHA-256 hash with a supplied dictionary to recover the password; same offline hash-plus-wordlist attack.,"You are an incident responder investigating a suspected server breach. The web server access logs and a leaked fragment of the system's shadow file have been recovered. We believe the attacker cracked a specific user's password, authenticat"
crack-7z-hash,5,tw_651283,TerminalWorld-Seeds-Clean,5,5,4,5,Cracks Cisco md5crypt hashes with rockyou via John; same wordlist-against-a-hash-format recovery of plaintext.,"Crack the Cisco IOS Type 5 password hashes stored in the files `admin3.txt`, `admin4.txt`, `admin5.txt`, and `admin6.txt` located in `~/KULIAH/JOHN/`. These hashes use the md5crypt format. Use the `rockyou.txt` wordlist available at `/usr/s"
crack-7z-hash,6,task_000404_22839b0e,TMax-15K,5,4,3,4,Brute-forces the unknown chars of a zip password then extracts the archive; same crack-the-archive-to-reach-its-contents step.,"You are an incident responder investigating a recent breach on a web application server. We have gathered some evidence, but it is currently locked or obfuscated. You need to perform the following steps: 1. **Audio Intercept Analysis**: Lis"
crack-7z-hash,7,tw_383451,TerminalWorld-Seeds-Clean,4,4,5,4,Reverse-engineer a crackme binary to discover its password; same recover-a-credential objective and CTF form.,Reverse-engineer the Linux crackme binary at `/data/Crackme-Monologix-Linux` to discover its correct password. Analyze the binary using whatever static or dynamic techniques you find appropriate to extract the expected password from the pro
crack-7z-hash,8,task_000476_14b909cc,TMax-15K,4,4,3,4,Brute-forces a short suffix against a known MD5 in C; same exhaustive-search-against-a-hash capability at the crux of cracking.,"You are a security auditor testing the perimeter defenses and legacy authentication systems of a secure facility. The facility uses a custom token validation server, but the previous server was compromised and taken offline. Your task is to"
crack-7z-hash,9,rts_task_472b30c1f09b93a26ff5f8a2,Recursive-Task-Synthesis,4,4,5,4,Finds a crackme binary's password and saves it to solution.txt; identical recover-the-secret-to-a-solution-file shape.,"Find the correct password for the crackme binary at `/data/Crackme-Monologix-Linux`. Verify it by running the binary and confirming the success message, then save the password to `/data/solution.txt`. Clean up the workspace: remove all othe"
crack-7z-hash,10,task_006486_83be373e,TMax-15K,4,4,3,4,"Offline brute-force of a weak signing secret against a wordlist; same wordlist-against-a-hash attack, hand-rolled since JtR is banned.",You are a red-team operator testing a custom authentication infrastructure. The target company has recently rolled out a new production API gateway that uses JWTs (JSON Web Tokens) for access control. They also left behind a staging token a
custom-memory-heap-crash,1,task_000583_85cb2773,TMax-15K,5,5,5,5,Segfaults in CI only under -O3 from UB (missing asm clobber) plus a leak; the closest twin to a release-only crash caused by undefined behavior.,"You are an open-source maintainer reviewing a pull request for a lightweight C-based REST API server. The PR implements a new rate-limiting module and request validation for the `/api/submit` endpoint. The contributor noted in the PR: ""The "
custom-memory-heap-crash,2,task_002407_11a9ee76,TMax-15K,5,5,5,5,"Compiled -O2, crashes randomly from UB and a bad comparator plus memory bugs; fix must be Valgrind-clean, same optimization-exposed crux.","You are a script developer responsible for maintaining a set of mathematical data processing utilities. One of your utilities, `math_util.cpp`, processes a dataset of 3D vectors. The utility is supposed to: 1. Read a Base64-encoded file con"
custom-memory-heap-crash,3,task_005123_5f117bdb,TMax-15K,4,5,5,5,"C++ works locally but crashes in CI from UB and memory-safety bugs; must pass Valgrind with 0 leaks and 0 errors, same debug-vs-release split.","You are helping a developer organize and optimize their project files. A junior developer recently attempted to port a data integrity tool from Python to C++ because the Python version was too slow for our CI pipeline. Unfortunately, the ne"
custom-memory-heap-crash,4,task_009821_3f039f12,TMax-15K,4,5,4,4,"Fix a use-after-free and leaks in a C++ interpreter, -O2, Valgrind-verified; same C++ heap-lifetime debugging capability.","You are an engineer setting up a custom, polyglot build system from scratch. We have a tiny interpreter for our custom build DSL written in C++, but it suffers from memory safety issues (use-after-free and memory leaks) and needs to be upda"
custom-memory-heap-crash,5,tw_7829,TerminalWorld-Seeds-Clean,4,4,4,4,"Use GDB to trace a C++ segfault to an uninitialized struct member; native crash root-cause analysis, the debugging half of the TB task.","The C++ program `/app/clientes.cpp` crashes with a segmentation fault during normal use. Compile the program with debug symbols and use GDB to investigate the crash. Provide appropriate input to the program to reproduce the crash, then exam"
custom-memory-heap-crash,6,task_000405_db54ffe9,TMax-15K,4,5,4,4,"Fix dangling pointers and leaks causing C++ segfaults, via Valgrind/gdb; same pointer-lifetime crash hunt and leak-free requirement.","You are a script developer building a fast C++ utility for evaluating a static dataflow circuit. Your team lost the original configuration file for the production circuit, but managed to find a screenshot of the textual rules representing t"
custom-memory-heap-crash,7,task_000342_ca9a6adf,TMax-15K,4,5,4,4,"Fix a C++ service that crashes and leaks on edge cases, -O2 build, Valgrind must show 0 bytes leaked; same crash-and-leak repair.","You are an engineer investigating a persistent memory leak in a long-running C++ data processing service. The service parses floating-point sensor readings from standard input, normalizes them, and performs some analytics. However, the serv"
custom-memory-heap-crash,8,task_001257_21489dc1,TMax-15K,4,4,4,4,Fix memory leaks and UB buffer over/under-reads in a crashing C library using Valgrind/ASan; same memory-safety debugging in native code.,"You are tasked with building a polyglot mathematical service that evaluates high-degree polynomials. We have an existing legacy C library that is supposed to perform the evaluation, but it is known to crash and leak memory under certain con"
custom-memory-heap-crash,9,tw_245032,TerminalWorld-Seeds-Clean,4,4,4,4,"Investigate a segmentation fault in the openal-soft C++ library at init; debugging a real C++ library crash, close skill and domain.",There is a segmentation fault in the openal-soft library (https://github.com/kcat/openal-soft) during `alc_initconfig()` when iterating over `BackendList` to build the supported backends string. The crash occurs because `BackendListEnd` is 
custom-memory-heap-crash,10,task_000297_dd740392,TMax-15K,4,4,4,4,Fix buffer overflow/underflow UB in a C VM that only faults on malformed input; same undefined-behavior root-cause-and-patch work.,"You have been given a broken C project in `/home/user/vm_project` that implements a simple stack-based virtual machine (VM). The project currently fails to compile due to some missing includes and strict compiler flags, and it also contains"
db-wal-recovery,1,task_000838_38901502,TMax-15K,5,4,5,5,"Hand-parse a binary WAL by magic signature, TxID and length prefix to recover a payload; the exact header-and-frame parsing the TB task requires.","As a backup administrator, you need to recover a specific database transaction from a custom backup archive (`/home/user/backup.cba`). However, the only available extraction tool (`/home/user/extractor.c`) has a known directory traversal ("""
db-wal-recovery,2,task_002461_c1a45b43,TMax-15K,4,5,4,5,Recover records from an orphaned SQLite .db-wal into the base database after a crash; literally SQLite WAL recovery.,You are a security researcher analyzing a suspicious binary `/home/user/data_exfiltrator` that appears to process exfiltrated data and write it to a local SQLite database `/home/user/stolen_data.db`. When you run `./data_exfiltrator payload
db-wal-recovery,3,task_002015_30c1f280,TMax-15K,5,4,5,5,Reverse-engineer a WAL binary format and clean-room a parser that recovers records to JSON despite corrupted length prefixes; same crux.,"A custom logging database used by our legacy application has crashed, leaving behind a partially corrupted Write-Ahead Log (WAL) file. The vendor who provided the database is out of business, but we found a stripped binary `wal_recovery_too"
db-wal-recovery,4,task_008316_09995a25,TMax-15K,5,4,5,5,Fix an off-by-one in a binary-WAL parser so it recovers every record into the full JSON array; same byte-offset parse-to-full-recovery.,"You are an operations engineer triaging a critical incident. A custom Python-based logging service crashed under suspicious circumstances. The service's main database file was completely corrupted, but the Write-Ahead Log (WAL) survived. We"
db-wal-recovery,5,task_007266_e52c7a7f,TMax-15K,4,5,4,4,Forensic recovery of a malformed SQLite database into a new one and extract the records; same SQLite corruption-recovery domain.,"Wake up, you are on-call. It is 3:00 AM and a critical authentication service just went down. You investigate and find that the main SQLite database located at `/home/user/data/prod.db` has been corrupted due to a storage failure. Attemptin"
db-wal-recovery,6,task_000397_d04a33da,TMax-15K,5,4,4,4,"Parse a custom WAL (header plus fixed records) in C, skip the corrupt record and recover the rest; same header+frame hand-parsing.","You are an operations engineer triaging a crashed containerized C application that processes financial sensor data. The application uses a custom Write-Ahead Log (WAL) to store state, but the container crashed unexpectedly, leaving a corrup"
db-wal-recovery,7,task_006301_63d62c7b,TMax-15K,4,4,5,4,"Parse little-endian length-prefixed WAL records with JSON payloads, skip an undecodable one, and recover the rest; same frame parsing.","You are a support engineer tasked with collecting diagnostics and recovering data from a crashed application. The application uses a custom Python-based local database. After a recent system crash, the database's Write-Ahead Log (WAL) file "
db-wal-recovery,8,task_004777_b2057787,TMax-15K,4,4,4,4,Repair a WAL parser that panics on a truncated final entry so all valid records are recovered to JSONL; same truncated-WAL recovery.,"**Ticket #8842: ticket-db crashes on startup due to corrupted WAL** Hi IT Support, Our internal ticketing system backend (`ticket-db`) crashed after a recent power outage. Whenever we try to start it, it panics with a ""slice index out of bo"
db-wal-recovery,9,task_002240_b361df6f,TMax-15K,4,4,4,4,Fix encoding/serialization bugs in a C++ tool parsing a binary WAL and dump all recovered records; same binary-log parse-and-recover.,"Wake up, you are on-call and just got a 3am page. Our custom C++ in-memory metric store has crashed, and the service is down. When the service restarts, it attempts to read its Write-Ahead Log (WAL) to restore its state, but the recovery pr"
db-wal-recovery,10,d0c-s4vage__pfp-112,SWE-Rebench-Tasks-Clean,4,3,2,3,Fix pfp parsing a DEX binary via a field/offset template; the closest non-TMax match for hand-parsing a structured binary format.,A git repository with the project this issue is about is checked out somewhere under / (commonly /<project-name>). Find it and work there. Pfp implicit array handling doesn't match 010's ## Describe the bug Found this when trying to use the
distribution-search,1,task_006780_f07da33b,TMax-15K,5,5,5,5,"Parametrizes a PDF, root-finds the parameter so a target functional matches within tolerance, then computes KL; the exact search-a-distribution-to-a-numeric-target skill.",You are acting as a computational physics researcher studying the thermal distribution of an anharmonic oscillator. Your goal is to write and execute a Python script that characterizes a specific non-Gaussian probability distribution by com
distribution-search,2,task_003486_0eb03622,TMax-15K,5,5,4,5,"Optimizes parameters to minimize KL divergence to a target distribution; verifier checks the resulting KL, same optimize-under-a-KL-objective.",You are an AI assistant helping a computational biology researcher run molecular network simulations. We are trying to find the optimal node-specific diffusion rates for a biological network to match an experimentally observed target probab
distribution-search,3,task_007169_83929304,TMax-15K,4,5,4,5,"Newton/bisection solves a nonlinear equation to 1e-6, builds a normalized distribution and computes KL; same root-find-then-build-distribution pipeline.",You are acting as a data scientist modeling a reaction-diffusion process. We need to fit a parameter for our steady-state model and compare its predicted state distribution to empirical data. You have an empirical probability distribution o
distribution-search,4,task_000750_5938801b,TMax-15K,4,5,3,4,Constructs a valid clamped-normalized probability distribution and computes KL to exact 6 decimals; same valid-distribution and KL numerical-stability core.,I am a researcher running Monte Carlo simulations of a particle detector. We need to validate our simulated event distributions against an analytical baseline model using a robust distance metric. I have an image of our detector's baseline 
distribution-search,5,task_000918_17d9e1bd,TMax-15K,3,5,3,4,Normalizes a signal into a valid PDF via trapezoidal integration and measures a distribution distance; same build-a-valid-distribution-and-measure-it.,"You are a data scientist tasked with fitting a theoretical model to raw sensor data. An instrument has recorded a raw, unnormalized signal distribution across a spatial domain. The data is stored in an HDF5 file located at `/home/user/senso"
distribution-search,6,task_000530_58721129,TMax-15K,3,5,3,4,Builds normalized probability distributions with pseudo-counts and computes a divergence; same construct-distribution-then-information-theory-distance.,"Act as a Machine Learning Engineer preparing biological sequence data for a clustering model. You need to write a Rust program that parses raw DNA reads, identifies sequences with a specific primer, reshapes the data into k-mer frequency di"
distribution-search,7,task_001168_93422366,TMax-15K,3,5,3,4,Forms two distributions summing to 1 with smoothing and computes KL; same valid-distribution and stable-KL computation.,You are a data scientist building an automated anomaly detection service for mechanical audio data. You have been provided with an audio recording of a machine's operation at `/app/system_noise.wav`. Your goal is to build a mathematical fea
distribution-search,8,task_001293_5525a528,TMax-15K,3,5,3,3,Computes probability distributions and their base-2 KL divergence; same information-theory distance over constructed distributions.,You are a bioinformatics analyst tasked with analyzing a set of DNA sequences to find regions of structural transition. You need to identify how nucleotide composition shifts across overlapping sequences by modeling them as a graph and meas
distribution-search,9,task_001070_8899fda7,TMax-15K,3,5,3,3,Applies Laplace smoothing for valid probabilities and compares distributions; the avoid-zero-probability discipline that makes KL well-defined.,You are an AI assistant helping a data scientist fit models to a massive set of sensor observations. We need to identify which two sensors have the most similar data distributions to eliminate redundant features in our models. Your objectiv
distribution-search,10,task_002475_e0379918,TMax-15K,3,5,3,3,Fixes a KL-divergence implementation to the correct P*log(P/Q) form; demands exact understanding of the KL definition central to the TB task.,You are acting as an AI assistant for a data scientist. We are trying to fit theoretical probability distributions to an observed dataset to build a predictive model. We have an internal Go library for computing probability distribution dis
dna-assembly,1,task_001544_7d95dda4,TMax-15K,5,5,4,5,Designs forward/reverse primer pairs from FASTA templates under substring and reverse-complement rules while optimising a score; the same design-under-constraints crux.,"I need you to design DNA primers for a set of target sequences while minimizing off-target binding against a background genome. I have set up an internal alignment API that calculates off-target binding scores, but the services are not full"
dna-assembly,2,task_002599_c0a64d58,TMax-15K,4,5,4,4,Primer design with reverse complement plus specificity verification against a reference genome; same primer-design reasoning end to end.,"You are a bioinformatics analyst tasked with developing a C++ pipeline to design PCR primers, verify their specificity against a reference genome, and simulate the PCR amplification kinetics using an Ordinary Differential Equation (ODE). Yo"
dna-assembly,3,task_002586_51207d88,TMax-15K,4,5,3,4,Uses the literal BsaI site GGTCTC and its 4-nt reverse-complemented overhang: the exact type-IIS Golden Gate knowledge required here.,You are a bioinformatics analyst processing a recent batch of qPCR data and extracting cloning information from a sequence. Your tasks are as follows: 1. **Overhang Extraction**: You have a DNA sequence located in `/home/user/sequence.txt`.
dna-assembly,4,task_003839_04146172,TMax-15K,4,5,3,4,Accept/reject primers against a melting-temperature window and homopolymer limits; same Tm-window filtering as the 58-72C rule.,"You are a bioinformatics analyst responsible for building an automated quality-control pipeline for primer sequences. We have received a new batch of candidate primers, but they contain a mix of valid sequences and contaminated or poorly de"
dna-assembly,5,task_002705_29508c7d,TMax-15K,4,5,3,4,Enumerates candidate forward/reverse primers and keeps only those with the target Tm; same generate-then-thermodynamically-filter loop.,"You are a bioinformatics analyst working on a PCR primer design pipeline. Your principal investigator (PI) left you an audio memo with specific instructions for your next experiment, but no written notes. Your task is to orchestrate a compl"
dna-assembly,6,task_000317_6a7b03ce,TMax-15K,3,5,3,4,"FASTA parsing plus a melting-temperature implementation validated bit-exactly against a reference oracle, as oligotm is here.","You are a bioinformatics analyst working on a pipeline to evaluate the properties of potential primer sequences. We have a vendored Rust crate at `/app/seq_utils` that provides basic sequence operations, including melting temperature (Tm) c"
dna-assembly,7,tw_327279,TerminalWorld-Seeds-Clean,4,5,4,4,Drives NCBI BLAST+ with exact flags and thresholds over nucleotide FASTA into exact output files; same bio-CLI-as-ground-truth discipline.,Your task is to perform sequence alignments using the NCBI BLAST+ suite within the `bioinfo-notebook` conda environment. You will need to construct a nucleotide BLAST database from the Saccharomyces cerevisiae genomes provided in `/app/data
dna-assembly,8,task_005084_af94922a,TMax-15K,3,5,3,3,"Vets candidate primers for unique genome targeting and derives their melting temperatures; primer-vetting transfers, Tm source differs.",You are a bioinformatics data scientist tasked with analyzing a set of candidate PCR primers. You need to identify which primers uniquely target a reference genome and then determine their melting temperatures ($T_m$) from experimental fluo
dna-assembly,9,task_005110_21a8e234,TMax-15K,3,5,3,3,Designs forward/reverse primers with reverse complement and GC content and emits a strictly specified summary file.,"You are an AI assistant helping a synthetic biology researcher run a coupled bioreactor simulation and design extraction primers. Your task requires managing a Python virtual environment, solving a system of Ordinary Differential Equations "
dna-assembly,10,task_004338_6800b70e,TMax-15K,3,5,3,3,Chooses PCR primers over aligned genomes and reverse-complements the reverse primer; same strand-orientation and placement reasoning.,"You are a bioinformatics analyst tasked with finding optimal PCR primers using a novel 1D domain decomposition (mesh refinement) approach on a set of aligned viral genomes. We have a set of 5 aligned genome sequences of length 1000 bp, loca"
dna-insert,1,task_001544_7d95dda4,TMax-15K,5,5,4,5,Picks a forward and a reverse primer per template under exact substring and reverse-complement rules with a scored objective; identical design-under-constraints crux.,"I need you to design DNA primers for a set of target sequences while minimizing off-target binding against a background genome. I have set up an internal alignment API that calculates off-target binding scores, but the services are not full"
dna-insert,2,task_002599_c0a64d58,TMax-15K,4,5,4,4,Builds a forward/reverse primer pair by reverse complement and validates it against a reference genome; same pair-construction reasoning.,"You are a bioinformatics analyst tasked with developing a C++ pipeline to design PCR primers, verify their specificity against a reference genome, and simulate the PCR amplification kinetics using an Ordinary Differential Equation (ODE). Yo"
dna-insert,3,task_000317_6a7b03ce,TMax-15K,4,5,3,4,"FASTA parsing plus melting temperature over every window, checked bit-exactly against a reference oracle exactly as oligotm is used here.","You are a bioinformatics analyst working on a pipeline to evaluate the properties of potential primer sequences. We have a vendored Rust crate at `/app/seq_utils` that provides basic sequence operations, including melting temperature (Tm) c"
dna-insert,4,task_002705_29508c7d,TMax-15K,4,5,3,4,Enumerates forward and reverse primer candidates and keeps only those matching a target Tm; the same search-then-filter loop.,"You are a bioinformatics analyst working on a PCR primer design pipeline. Your principal investigator (PI) left you an audio memo with specific instructions for your next experiment, but no written notes. Your task is to orchestrate a compl"
dna-insert,5,task_003839_04146172,TMax-15K,4,5,3,4,Rejects primers outside a melting-temperature window and violating homopolymer limits; rehearses the 58-72C and pair-delta rules.,"You are a bioinformatics analyst responsible for building an automated quality-control pipeline for primer sequences. We have received a new batch of candidate primers, but they contain a mix of valid sequences and contaminated or poorly de"
dna-insert,6,tw_327279,TerminalWorld-Seeds-Clean,4,5,4,4,Drives BLAST+ with exact flags and thresholds into exact output files; the same treat-the-domain-CLI-as-ground-truth skill oligotm demands.,Your task is to perform sequence alignments using the NCBI BLAST+ suite within the `bioinfo-notebook` conda environment. You will need to construct a nucleotide BLAST database from the Saccharomyces cerevisiae genomes provided in `/app/data
dna-insert,7,task_005084_af94922a,TMax-15K,3,5,3,3,"Checks primer uniqueness against a genome and derives melting temperatures; primer vetting transfers, Tm source differs.",You are a bioinformatics data scientist tasked with analyzing a set of candidate PCR primers. You need to identify which primers uniquely target a reference genome and then determine their melting temperatures ($T_m$) from experimental fluo
dna-insert,8,task_000078_704c9ecc,TMax-15K,3,5,3,3,Compares mutant sequences against a reference and tests primer amplification; rehearses the reference-versus-edited-sequence comparison this task opens with.,You are an AI assistant helping a computational biology researcher run a simulated PCR experiment to compare a set of mutated genomes against a reference dataset. The researcher has two sequence datasets: - `/home/user/reference.fasta` - `/
dna-insert,9,task_005110_21a8e234,TMax-15K,3,5,3,3,"Extracts a coordinate region, builds forward and reverse-complement primers and writes a strictly specified output file.","You are an AI assistant helping a synthetic biology researcher run a coupled bioreactor simulation and design extraction primers. Your task requires managing a Python virtual environment, solving a system of Ordinary Differential Equations "
dna-insert,10,task_006512_ac735565,TMax-15K,3,5,3,3,Locates known primer sequences in a FASTA template and extracts the region between them; same find-the-annealing-site step.,"You are a bioinformatics analyst working with targeted DNA sequencing data. You need to build a reproducible pipeline in C to process a FASTA file containing raw sequencing reads, extract specific amplified regions (amplicons) based on know"
extract-elf,1,task_000148_13b866f9,TMax-15K,5,5,4,5,Reads the 64-bit ELF entry point as an 8-byte little-endian integer at offset 0x18 and emits JSON; the exact ELF-header-by-offset skill in the exact output shape.,You are an AI assistant helping a technical writer who organizes documentation for a firmware engineering team. The team receives automated documentation drops as zip archives in `/home/user/docs_incoming/`. These archives contain Markdown 
extract-elf,2,task_000101_5b83d1ba,TMax-15K,5,4,5,5,Reverse-engineers an undocumented binary layout from a reference parser and must produce JSON matching it exactly; same RE-and-match-the-oracle grading.,"You are a storage administrator managing a massive migration of legacy disk backups to a new structured log system. We have a proprietary backup metadata format scattered across our disks. Previously, we used a C utility to read these files"
extract-elf,3,tw_101812,TerminalWorld-Seeds-Clean,5,5,4,5,Extracts ELF segment ranges from a core file so memory can be resolved by address; the segment-to-address-range mapping this task is built on.,"Set up a Node.js core dump analysis workflow on Linux using llnode. With llnode already installed at `/app/llnode`, the goal is to generate a core dump from a crashing Node.js process and then inspect its memory contents using `lldb` with t"
extract-elf,4,task_000005_ceefb305,TMax-15K,4,5,3,4,Parses Elf64_Ehdr directly to recover e_entry from 64-bit ELF files; same ELF header structure knowledge.,"You are a backup administrator tasked with archiving active system binaries and legacy logs. You need to write a C program to safely extract metadata and convert log encodings, then use shell commands to create a multi-part archive. Step 1:"
extract-elf,5,task_000376_c445606a,TMax-15K,4,4,4,4,Infers the exact byte layout a stripped oracle expects and emits a binary it validates; same layout-inference-against-an-oracle work.,"As a researcher organizing a massive corpus of interconnected datasets, I need to migrate our legacy graph query engine to a new high-performance C++ service. We have a legacy compiled query evaluator located at `/app/legacy_graph_oracle`. "
extract-elf,6,tw_381835,TerminalWorld-Seeds-Clean,4,5,3,4,Locates and rewrites the PT_INTERP program header of an ELF; forces real program-header table navigation.,The binary at `/app/distribute/share/survey` requires `libc.so.6` and `ld-linux-x86-64.so.2` from `ubuntu:disco-20200114` (glibc 2.29) instead of the system defaults. Patch the binary's ELF interpreter (`PT_INTERP`) to reference a local `ld
extract-elf,7,tw_18948,TerminalWorld-Seeds-Clean,4,5,3,4,"Traces an ELF parser through program-header handling, printing its address and length variables; teaches how phdr parsing actually proceeds.",You need to debug the `elf_debug` binary using LLDB while it processes the `busybox-mips-phdr` binary to inspect the ELF parser's state. We are specifically interested in the execution flow and variable states around line 1217 of `elf.c`. R
extract-elf,8,task_000071_b7b35e9a,TMax-15K,4,4,4,4,Parses a strictly specified binary file starting from a 4-byte little-endian magic using memory-mapped I/O; same magic-then-offset-walk parsing.,You are an artifact manager tasked with curating a local binary repository. A set of scientific artifact files are stored in the directory `/home/user/artifacts`. Some of these files are actively being rotated or written to by background pr
extract-elf,9,tw_12138,TerminalWorld-Seeds-Clean,4,5,3,4,Overwrites the ELF magic at file offsets 0-3; direct raw byte-offset manipulation of a real ELF.,"Patch the ELF binary at `/app/ls` so that its magic bytes are corrupted. Specifically, the first four bytes of the file (the ELF magic number, normally `\x7fELF`) must be overwritten with `.ELO` (i.e., a period, capital E, capital L, capita"
extract-elf,10,rts_task_e1f7416ab6e845547bffe641,Recursive-Task-Synthesis,4,5,4,4,Resolves every collected address to its containing function via the symbol table and writes an address-keyed mapping; same address-indexed output artifact.,"Use the angr framework to symbolically explore the authentication binary at `angr-doc/examples/fauxware/fauxware`. Separate all final states into those whose stdout contains ""Welcome"" (authenticated) and the rest (deadended). Write the resu"
extract-moves-from-video,1,task_000038_b0af17b4,TMax-15K,5,5,5,5,Recovers every log line a terminal printed from a screen recording with ffmpeg plus tesseract and rewrites them one per line; the same task without the game.,"You are a Database Reliability Engineer (DBRE) tasked with optimizing our geo-distributed backup mesh. We have lost the original plaintext topology logs from our last major infrastructure migration, but we managed to recover a screen record"
extract-moves-from-video,2,task_004605_6a1e7020,TMax-15K,5,5,4,5,OCRs a scrolling terminal screencast and de-duplicates items across frames into one ordered list file; the scroll-and-dedupe crux of this task.,"We are trying to organize an old repository's legacy project files, but the only record we have of the older directory structures is a screencast video of a terminal archive. A video file is located at `/app/archive_scroll.mp4`. This video "
extract-moves-from-video,3,task_000249_ff55f46a,TMax-15K,4,5,4,4,Reads scrolling hex dumps and headers off a recording of a terminal; same recover-scrolling-text-from-video problem.,"You are a security engineer responding to a network breach. An attacker managed to compromise a management jump host and ran a packet sniffer. We have recovered a screen recording of the attacker's terminal during the breach, located at `/a"
extract-moves-from-video,4,task_000028_ae6330dd,TMax-15K,4,5,4,4,Finds every frame where a payload is visible in a terminal recording and is graded by F1 against hidden truth; same partial-recall grading.,"You are acting as a network security engineer investigating a recent incident. We suspect an attacker leveraged an open redirect vulnerability during a login flow, combined with a rogue TLS certificate, to steal user credentials. We have pr"
extract-moves-from-video,5,task_000159_edb7847d,TMax-15K,4,5,4,4,"Samples frames, OCRs the text in each and concatenates in order; same frame-sampling and ordered reassembly.","You are a penetration tester investigating a suspected breach on an internal network. We have intercepted a strange video file broadcasted by the malware, located at `/app/exfiltration_feed.mp4`. Our initial analysis suggests the attacker i"
extract-moves-from-video,6,task_000086_7f269221,TMax-15K,4,5,3,4,Hunts a string that flashes only briefly across frames of a terminal video; forces exhaustive frame coverage.,"You are tasked with building a pre-commit manifest filter for our Kubernetes CI/CD pipeline. Currently, invalid deployment manifests are crashing our operator. We need a Bash script that acts as a stream filter to sanitize incoming Kubernet"
extract-moves-from-video,7,task_000125_66da44d3,TMax-15K,4,5,3,4,Recovers a lost value by OCRing a screen recording of a test run; same read-the-terminal-out-of-the-video step.,"You are tasked with migrating a legacy numerical state machine. The original implementation was written in Python 2, but we need to port the logic to a pure Bash script for our new lightweight build system. Unfortunately, the original sourc"
extract-moves-from-video,8,task_000090_b8963df3,TMax-15K,4,4,3,4,ffmpeg plus tesseract over a dashboard recording to pull values off screen; the same frame-extraction-then-OCR toolchain.,"You are a log analyst investigating a recent security incident. The security team recorded a snippet of the SOC dashboard during the incident, which contains the dynamic alert configuration used by the attackers to bypass normal detection. "
extract-moves-from-video,9,rts_task_7eefa8c4246cf6df33bd2f2a,Recursive-Task-Synthesis,4,3,4,4,Keeps only prompt-prefixed lines of a session transcript and emits the typed commands; exactly the filter applied after transcription here.,"The file `/app/session.txt` contains a spoticli interactive session transcript. Lines beginning with the prompt `spoticli ~\$ ` record commands the user typed. Produce a cleaned list of playback-control commands at `/app/result.txt`, one pe"
extract-moves-from-video,10,tw_345797,TerminalWorld-Seeds-Clean,4,3,4,4,"Parses a CLI session transcript, treating prompt-prefixed lines as user input and extracting those commands in order.",A spoticli CLI session transcript is stored at `/app/session.txt`. Each line starting with `spoticli ~$ ` shows a command the user typed at the prompt. Parse the transcript and extract the music playback control commands — those that seek t
feal-differential-cryptanalysis,1,task_004544_3403e2f6,TMax-15K,5,5,4,5,Differential cryptanalysis on a custom cipher to recover a 16-bit key from its source; the exact differential-attack-recovers-small-key skill.,"You are acting as a network security engineer investigating a recent breach. We have intercepted a screen recording of the attacker's terminal during the attack, but the network traffic was encrypted using a proprietary, internally develope"
feal-differential-cryptanalysis,2,task_004532_51ae89be,TMax-15K,5,5,4,5,Recovers a 16-bit block-cipher key from a known plaintext-ciphertext pair by exploiting the weak keyspace; same small-keyspace key recovery.,You are a security auditor tasked with performing a white-box penetration test and code review of a custom C-based backend service. You have been provided with the source code of the application at `/home/user/src/backend.c` and its local S
feal-differential-cryptanalysis,3,task_002392_b43fd016,TMax-15K,5,5,5,5,"Queries an encryption oracle with chosen plaintexts, models the cipher by cryptanalysis and forges a token; the same query-oracle-then-recover attack shape as attack(encrypt_fn).","You are a red-team operator tasked with crafting an evasion payload to bypass an internal authentication mechanism. We have gained access to a target machine, and we believe there is an internal administrative service running locally on one"
feal-differential-cryptanalysis,4,task_003324_1d8e1b65,TMax-15K,4,5,4,4,Recovers the two secret keys of an affine byte cipher from known pairs; same solve-for-the-round-key algebra on a simpler cipher.,"You are acting as a compliance analyst. We need to generate secure audit trails for a legacy system that transmits sensitive logs. The legacy system uses a proprietary encryption scheme over an unsecured channel, but we are upgrading our au"
feal-differential-cryptanalysis,5,task_003333_c06dc2fe,TMax-15K,4,5,3,4,Repairs an add-rotate-xor round explicitly about differential-cryptanalysis resistance; teaches the rotate/xor round arithmetic FEAL is built on.,"You are a security engineer preparing to rotate user credentials. To migrate accounts securely, you must verify the integrity of the legacy credentials during the login flow before re-hashing them with a modern algorithm. We use a custom, l"
feal-differential-cryptanalysis,6,tw_152765,TerminalWorld-Seeds-Clean,4,5,4,4,"Breaks a CTF cipher given its source and an encrypted flag; analyse-a-custom-cipher-and-invert-it, the same reverse-and-recover work.","Your task is to solve the ""My Simple Cipher"" challenge from the Tokyo Westerns 2017 CTF. The encryption logic is provided in `/app/cipher_mod.py`. The encrypted flag is given as the hex string `7c153a474b6a2d3f7d3f7328703e6c2d243a083e2e773c"
feal-differential-cryptanalysis,7,task_005934_901b2b73,TMax-15K,4,4,4,4,Brute-forces a small &0xFFFF keyspace to invert a hash; the exhaust-a-reduced-16-bit-keyspace approach the task's hint points to.,"You are a compliance analyst generating an audit trail for a recently acquired legacy system. As part of the security audit, you must recover a lost PIN used for a proprietary authentication service and audit the system's SSH daemon configu"
feal-differential-cryptanalysis,8,tw_126628,TerminalWorld-Seeds-Clean,4,4,4,4,Timing side-channel attack recovering a password char by char from an oracle; same probe-the-oracle-and-recover-the-secret incremental attack.,"A TCP server is running at `localhost:1337`. It accepts a numeric password and responds differently depending on how many leading characters are correct, introducing a measurable per-character delay. A timing attack library is available at "
feal-differential-cryptanalysis,9,task_000690_9d6ed460,TMax-15K,4,5,4,4,Known-plaintext attack recovering an LCG stream-cipher key by script; same recover-the-key-from-a-weak-cipher attack written as code.,You are an incident responder investigating a recent breach on a Linux web server. The attacker left behind an encrypted payload and a custom Python module used for their Command and Control (C2) communications. They appear to be looking fo
feal-differential-cryptanalysis,10,task_001946_12623d4f,TMax-15K,4,5,4,4,Analyses custom token crypto and breaks it with known plaintext-ciphertext pairs; same reverse-the-cipher-then-recover-key work.,You are an incident responder investigating a potential breach on a Linux system. You have discovered a rogue C++ authentication tool left behind by the threat actor in `/home/user/investigation/`. The attacker used this tool to generate ac
feal-linear-cryptanalysis,1,task_001946_12623d4f,TMax-15K,5,5,4,5,Recovers a custom cipher's key from known plaintext-ciphertext pairs by reading its C++ implementation; the FEAL crux with a smaller cipher.,You are an incident responder investigating a potential breach on a Linux system. You have discovered a rogue C++ authentication tool left behind by the threat actor in `/home/user/investigation/`. The attacker used this tool to generate ac
feal-linear-cryptanalysis,2,task_002392_b43fd016,TMax-15K,5,5,3,5,"Explicit linear cryptanalysis: derive the plaintext-ciphertext byte relation from chosen plaintexts, then forge with the recovered relation.","You are a red-team operator tasked with crafting an evasion payload to bypass an internal authentication mechanism. We have gained access to a target machine, and we believe there is an internal administrative service running locally on one"
feal-linear-cryptanalysis,3,tw_152765,TerminalWorld-Seeds-Clean,5,5,4,5,"Break a custom cipher given only its source and one ciphertext, recovering the plaintext - the same invert-the-scheme reasoning.","Your task is to solve the ""My Simple Cipher"" challenge from the Tokyo Westerns 2017 CTF. The encryption logic is provided in `/app/cipher_mod.py`. The encrypted flag is given as the hex string `7c153a474b6a2d3f7d3f7328703e6c2d243a083e2e773c"
feal-linear-cryptanalysis,4,task_005446_a50bc88d,TMax-15K,4,5,4,4,"C++ brute force of a 16-bit residual keyspace validated by a known plaintext prefix, matched bit-exactly against an oracle binary.","You are a forensics analyst recovering evidence from a compromised web server. We have discovered that the attacker left behind a stripped binary, `/app/oracle_bin`, which they used to decrypt exfiltrated web traffic payloads. They also lef"
feal-linear-cryptanalysis,5,task_005042_33654f1f,TMax-15K,4,5,4,4,"C known-plaintext attack brute-forcing a 32-bit seed then decrypting the whole file to prove recovery, exactly FEAL's proof obligation.","You are a forensics analyst responding to a compromised Linux host. The attackers have encrypted a critical system log and left behind the encryption utility they used. Your job is to reverse engineer their utility, crack the encryption, an"
feal-linear-cryptanalysis,6,task_005717_65ce042f,TMax-15K,4,5,4,4,C++ KPA recovering a 32-bit cipher state from a plaintext prefix and bulk-decrypting the remainder; same search-and-verify loop.,"You are a forensics analyst investigating a compromised Linux host. You have secured a directory containing evidence at `/home/user/evidence/`. Inside this directory, you will find: 1. `dropper.elf`: The malicious executable recovered from "
feal-linear-cryptanalysis,7,task_000690_9d6ed460,TMax-15K,4,5,3,4,Solves algebraically for three cipher parameters from known plaintext instead of searching; the analytic half of a key-recovery attack.,You are an incident responder investigating a recent breach on a Linux web server. The attacker left behind an encrypted payload and a custom Python module used for their Command and Control (C2) communications. They appear to be looking fo
feal-linear-cryptanalysis,8,task_008487_13cee364,TMax-15K,4,4,3,4,"Derives keystream bytes from a known header, then derives the cipher's unknown constants mathematically before decrypting.",You are a network engineer analyzing intercepted telemetry traffic from a compromised IoT device. You have been provided with a binary capture file located at `/home/user/traffic.bin`. Through preliminary reverse engineering of the device's
feal-linear-cryptanalysis,9,task_006795_2e1938f5,TMax-15K,4,4,3,4,Reads the cipher's Rust source and brute-forces a 16-bit seed; the reduced-seed hint in the FEAL prompt maps directly onto this.,You are a penetration tester performing a vulnerability assessment on a compromised host. You have discovered a proprietary logging system that the attackers are using to hide their intrusion detection logs. You found the source code for th
feal-linear-cryptanalysis,10,borgbackup__borg-8872,SWE-Rebench-Tasks-Clean,4,4,2,4,XOR-seed cancellation in a rolling buzhash needs the same XOR/rotation algebra and S-box reasoning a Feistel linear approximation demands.,A git repository with the project this issue is about is checked out somewhere under / (commonly /<project-name>). Find it and work there. Buzhash xor-seed requires odd hash-window The **buzhash chunker** allows the user to specify a custom
filter-js-from-html,1,task_004544_3403e2f6,TMax-15K,5,5,5,5,"Its deliverable is a CLI sanitizer that HTML-encodes <script>/javascript: without touching safe characters, graded on thousands of payloads.","You are acting as a network security engineer investigating a recent breach. We have intercepted a screen recording of the attacker's terminal during the attack, but the network traffic was encrypted using a proprietary, internally develope"
filter-js-from-html,2,task_005319_0d19e265,TMax-15K,5,5,4,5,Filter must reject every HTML-tag and javascript: payload while preserving the clean corpus perfectly - the same two-sided grading.,"You are a localization engineer managing the data processing pipeline for a new application. Your workflow involves receiving translated CSV files, validating them, processing them, and loading them into a local Translation Memory (TM) serv"
filter-js-from-html,3,mozilla__bleach.73871d76.pr_694,SWE-Smith-Seeds-Clean,5,5,2,5,Bug in the canonical Python HTML sanitizer about escaping unknown tags instead of emitting them; that call is filter.py's core decision.,"# HTML_TAGS should be a frozenset not a list ## Description I found an issue when using the linkify function with certain HTML tags. When trying to process text containing HTML-like elements, the linkifier is not properly handling them. Con"
filter-js-from-html,4,mozilla__bleach.73871d76.lm_rewrite__elrad8s4,SWE-Smith-Seeds-Clean,4,5,2,4,"Entities inside anchors must round-trip through bleach unchanged, the same preserve-everything-else constraint in the same library.","### [Bug]: HTML Entities Not Properly Handled in Anchor Tags #### Description I've encountered an issue with the handling of HTML entities within anchor (`<a>`) tags. When using the `linkify` function, entities that are supposed to remain u"
filter-js-from-html,5,task_007206_2ea22c7f,TMax-15K,4,5,3,4,Bypasses a filter that strips only <script> and javascript: with <svg onload=...>; teaches the vectors an incomplete JS filter leaves open.,"You are a red-team operator testing a custom, lightweight web daemon written in C. The target daemon is running locally and simulates a restricted environment with custom token validation, a basic web application firewall (WAF) for XSS, and"
filter-js-from-html,6,mozilla__bleach.73871d76.lm_rewrite__6c10rrw7,SWE-Smith-Seeds-Clean,4,5,2,4,URL scheme parsing for non-special schemes is wrong; deciding whether an href is javascript: depends on exactly this.,"Hi, I've encountered an issue with the `urlsplit` function in the `bleach` library after a recent update. It seems that URLs with non-standard schemes are not being parsed correctly. Specifically, when using a URL with a non-special scheme,"
filter-js-from-html,7,task_003406_2bceda61,TMax-15K,4,5,4,4,Builds a pipeline on the bluemonday HTML sanitizer to strip markup from text while keeping the content intact.,"You are an AI assistant helping a Machine Learning Engineer prepare text training data for an embedding model. The engineer needs a fast Go pipeline to sanitize HTML from text files, filter out anomalous data, compute a mock embedding to ve"
filter-js-from-html,8,pallets__markupsafe.620c06c9.func_basic__09grfhrm,SWE-Smith-Seeds-Clean,4,5,2,4,"HTML escaping emits the wrong entity, framed explicitly as an XSS regression; the escape table must be exactly right.",### Incorrect HTML Escaping in `_escape_inner` Function #### Description It seems that the `_escape_inner` function in `markupsafe._native` is not escaping HTML characters correctly. The function is expected to replace certain characters wi
filter-js-from-html,9,task_001552_87d83871,TMax-15K,4,4,4,4,A stdin filter that URL-decodes then strips the literal <script>; repairing it surfaces the decode-then-filter bypass a real sanitizer must close.,"We are porting a legacy web-security tool into a minimal container environment. As part of this effort, we need to replace an old, stripped binary payload sanitizer (`/app/legacy_sanitizer`) with a newly written version from source, because"
filter-js-from-html,10,task_003328_31c8a848,TMax-15K,4,5,3,4,"Parses HTML with beautifulsoup4 and maps elements to Markdown, forcing real tree traversal rather than tag regexes.","You are an AI assistant helping a technical writer migrate a massive collection of legacy documentation into a unified, optimized custom archive. Your environment contains the following: 1. `/home/user/docs_data.sqfs`: A SquashFS filesystem"
financial-document-processor,1,task_003095_da0071dc,TMax-15K,5,5,4,5,"OCRs a scanned receipt, then aggregates money amounts per key into a summary.csv with fixed headers and 2-decimal rounding.",You are tasked with helping a data scientist clean and process a messy transaction log dataset to calculate merchant totals for a specific tax region. Here is what you need to do: 1. **Information Extraction**: There is a scanned receipt im
financial-document-processor,2,task_001480_4c46ce75,TMax-15K,5,5,4,5,"OCRs a scanned business document, cleans noisy OCR output and turns each line into structured records plus a formatted report.","I need you to automate our incoming inventory matching workflow. We receive scanned shipping manifests as images, and we need to match the items listed on them to our master product catalog. Here is what you need to do: 1. Extract the text "
financial-document-processor,3,task_003391_f8b99429,TMax-15K,4,4,5,4,"OCRs a value from an image then batch-walks a directory, computing per-file values into an exactly formatted output, graded on 100 hidden files.","You are a container specialist managing a fleet of microservices backed by QEMU virtual machines. Your team uses a dashboard to monitor storage quotas, but the alerting system is currently down. You only have a screenshot of the recent stor"
financial-document-processor,4,jsvine__pdfplumber.02ff4313.func_pm_ctrl_invert_if__tv5b85l9,SWE-Smith-Seeds-Clean,4,5,2,4,Layout-preserving PDF text extraction is broken; that mode is what keeps an invoice's 'Total' label attached to its number.,"Text extraction with layout fails when layout_width_chars is not provided #### Description When using `extract_text(layout=True)` without specifying `layout_width_chars`, the function raises a `ValueError` about `layout_width` and `layout_w"
financial-document-processor,5,task_000226_06e3f1db,TMax-15K,4,4,4,4,"OCRs a scanned spec sheet for numeric parameters and applies them row by row to a CSV, emitting a structured result.",You are a data engineer for an industrial IoT company building a high-performance ETL pipeline. We are migrating our quality control anomaly detection system to Rust. You have been given two inputs: 1. A large historical dataset of sensor r
financial-document-processor,6,task_003477_1cf03465,TMax-15K,4,3,5,4,"Classifies each file by inspecting its content and moves each class into its own subdirectory, flattening as it goes.","You are a technical writer tasked with organizing a disorganized, compressed dump of legacy documentation from various company departments. The raw files are provided in a compressed archive at `/home/user/raw_docs.tar.gz`. Your goal is to "
financial-document-processor,7,jsvine__pdfplumber.02ff4313.func_pm_ctrl_shuffle__umw5eacx,SWE-Smith-Seeds-Clean,4,5,2,4,Table cell construction in pdfplumber is broken; recovering an invoice's line-item table depends on exactly this code.,"Table extraction fails with UnboundLocalError on edges_to_set function #### Description When extracting tables from PDFs, the code throws an `UnboundLocalError: local variable 'edges_to_set' referenced before assignment` error. This happens"
financial-document-processor,8,task_002266_d750b211,TMax-15K,4,5,3,4,OCRs a scanned financial mandate for its numeric constraints and then applies them over transaction data.,You are acting as a technical assistant to a compliance officer auditing a suspected money laundering network. We have a scanned mandate at `/app/audit_policy.png`. Extract the constraints from this image (using OCR tools like `tesseract`) 
financial-document-processor,9,tw_288787,TerminalWorld-Seeds-Clean,4,4,4,4,"Decides which files in a mixed directory are really PDFs from content, not extension - the first step of this pipeline.",Examine the files in the `/app/elfUfiles` directory and identify which ones are actually PDF files (regardless of their filename or extension). Write the names of all PDF files found — one per line — to `/app/result.txt`.
financial-document-processor,10,jazzband__tablib-456,SWE-Rebench-Tasks-Clean,4,5,2,4,"Handles the ragged CSV that PDF table extractors emit, where trailing cells are simply absent - a direct hazard for an invoice summary.",A git repository with the project this issue is about is checked out somewhere under / (commonly /<project-name>). Find it and work there. Support importing ragged CSV text into a Dataset Right now Dataset._validate prevents importing data 
fix-code-vulnerability,1,task_009880_c77d5d17,TMax-15K,5,5,5,5,"Identify the vulnerable Python web file, write its CWE to a report, and patch input validation to reject unsafe input - the entire find-report-fix pipeline.",You are an incident responder investigating a security issue in a Python web application. Users have reported being redirected to malicious domains immediately after logging in. You have been provided with the current production application
fix-code-vulnerability,2,bottlepy__bottle.a8dfef30.func_pm_remove_cond__0zlkz504,SWE-Smith-Seeds-Clean,5,5,3,5,"In bottle.py itself, malformed multipart input is silently processed and must instead raise MultipartError - the same file and the exact raise-on-invalid-input fix.","Multipart parser doesn't validate Content-Length header When processing multipart form data, the parser no longer validates that the actual body size matches the Content-Length header specified in individual parts. This allows malformed req"
fix-code-vulnerability,3,task_000862_b2327d41,TMax-15K,4,5,5,5,Classifies web-service vulnerabilities into a JSON report keyed by a cwe_id list - the exact report format and classification step this task requires.,You are a network security engineer investigating suspicious activity on a Linux server. You have been provided with a network traffic capture log and the source code for a suspected rogue web service found on the machine. Your objectives a
fix-code-vulnerability,4,mahmoud__glom.fb3c4e76.pr_262,SWE-Smith-Seeds-Clean,4,4,4,4,"A genuine CWE-502 security fix (yaml.load to yaml.safe_load); identify a named weakness in a library and patch it, the core capability.",# Security vulnerability in YAML loading I found a security issue in the glom CLI when processing YAML files. The CLI is using `yaml.load()` instead of `yaml.safe_load()` which creates a potential security vulnerability. When using the CLI 
fix-code-vulnerability,5,task_003657_4ca05b86,TMax-15K,4,5,4,4,Remediate XSS and command injection in a Python web tool by escaping input and using shell=False; identify-and-patch a CWE in web code.,"You are a network engineer tasked with inspecting traffic logs using a custom Python script provided by a junior colleague. The script, located at `/home/user/log_analyzer.py`, reads a JSON traffic log from `/home/user/traffic_logs.json` an"
fix-code-vulnerability,6,benoitc__gunicorn.bacbf8aa.pr_2927,SWE-Smith-Seeds-Clean,4,5,4,4,The HTTP parser must raise specific exceptions per class of invalid request instead of failing unexpectedly; robust request-parse error handling in a WSGI server.,"### Issue: HTTP Parser Fails with Invalid Requests #### Description After applying the recent patch, it seems that the HTTP parser is encountering issues when processing certain invalid requests. The parser is expected to handle these grace"
fix-code-vulnerability,7,task_000603_8958d7f1,TMax-15K,4,4,5,4,"Identify the command-injection CWE, write the CWE id to a file, and produce a patched script that blocks injection while still working.",You are an incident responder investigating a compromised web server. The system owner noticed unusual behavior and provided you with two files: 1. `/home/user/access.log`: The web server access log. 2. `/home/user/search.cgi`: The Bash-bas
fix-code-vulnerability,8,arrow-py__arrow.1d70d009.func_pm_ctrl_shuffle__vaslaiy9,SWE-Smith-Seeds-Clean,4,2,4,4,validate_ordinal raises ValueError where it should raise TypeError on a non-integer - precisely the 'correct type of error on invalid input' fix.,"validate_ordinal raises ValueError before checking type Description The validate_ordinal function in arrow/util.py is checking the ordinal range before validating the input type, causing incorrect error messages when non-integer values are "
fix-code-vulnerability,9,task_005104_c7706ff3,TMax-15K,3,5,3,4,Find and fix the deliberately broken code path in the same bottle.py framework and reinstall it; same file and framework as the target.,You are a data scientist tasked with building a predictive API for server latency. You have a raw dataset of server metrics in `/home/user/data/server_metrics.csv`. Your objectives: 1. **Data Cleaning & Feature Engineering:** - Load `/home/
fix-code-vulnerability,10,pylons__waitress-124,SWE-Rebench-Tasks-Clean,4,5,3,4,CRLF injection through status line and header names in a WSGI server (CWE-93); a header-injection web vulnerability to identify and fix.,A git repository with the project this issue is about is checked out somewhere under / (commonly /<project-name>). Find it and work there. HTTP Response Splitting - Status/Header Names #117 was about HTTP response splitting in header values
fix-git,1,rts_task_409f0bfc2d21112b81ef04fc,Recursive-Task-Synthesis,5,5,4,5,Recovers a lost commit reference solely from the reflog and reconciles master - the exact reflog-to-find-stranded-commits skill the detached-HEAD recovery needs.,"In the repo at /root/git-katas/rebase-branch, bring the `uppercase` branch onto `master` with a clean, linear history (no merge commits). Initialize the kata environment, then rebase `uppercase` onto `master` and fast-forward `master` to ma"
fix-git,2,tw_241831,TerminalWorld-Seeds-Clean,4,5,4,4,Extracts every change a branch made since it diverged and re-applies them onto a new branch; git surgery to move stranded work onto a branch.,"In the current Git repository, extract all changes introduced in the `JCH_8237` branch since it diverged from the main branch. Create a new branch named `JCH_8237_version_daron` from the main branch and apply all of these extracted changes "
fix-git,3,tw_590773,TerminalWorld-Seeds-Clean,4,5,4,4,Cherry-picks a specific commit by hash onto the current checkout and verifies it - bringing a single stranded commit onto a branch.,"Cherry-pick commit `f2de8475fc4703d03a2ecc2cda627b017202e623` from the upstream `rust-windowing/winit` repository into the local Cargo-managed checkout of neovide's forked `winit` dependency, then verify the patched neovide still builds and"
fix-git,4,rts_task_8535af318208ec7e4cbdd873,Recursive-Task-Synthesis,4,5,4,4,Inspects history to find the commit that added a deleted file and restores it; recovering lost content from git objects.,"Recover the deleted `spec/intersections.js` from Git history. Start by inspecting the repository’s history to locate the commit that added the file, then restore it. Using the restored spec and the `extra-iterable` package (already installe"
fix-git,5,tw_590222,TerminalWorld-Seeds-Clean,4,5,4,4,"Rebases a branch onto master and fast-forwards master to include it - integrating recovered work into master, the merge half of this task.",Rebase the `uppercase` branch onto `master` and fast-forward `master` to include those changes in the repository at `/root/git-katas/rebase-branch`. The kata environment must be initialized before any git operations are performed. After com
fix-git,6,rts_task_aff716d5d0206c0c449c0868,Recursive-Task-Synthesis,4,5,4,4,Uses a reflog reference to recover the baseline commit master was at before a rebase; reflog-based recovery of a lost ref.,"Initialize the kata environment, then rebase the `uppercase` branch onto `master` and fast-forward `master` so both branches point to the same tip commit. The repository is located at `/root/git-katas/rebase-branch`. After the rebase and fa"
fix-git,7,tw_230022,TerminalWorld-Seeds-Clean,4,5,3,4,Recovers a working tree from a messy git state by backing up and re-cloning; repairing a broken repository state.,"Create a shell function or script called `git_outta_here` that provides a ""nuclear reset"" escape hatch for a git repository in a messy state. When invoked from inside a git working directory, the tool should back up the entire current direc"
fix-git,8,task_000387_5cbd2f2c,TMax-15K,4,5,4,4,Navigates a git repo to bisect a regression and recover lost data plus a leaked secret; the recover-something-from-git-state capability.,"You are a site reliability engineer investigating a critical regression in our custom Bash-based database engine. The production system recently crashed, and we need your help to isolate the cause, recover lost data, and find a leaked secre"
fix-git,9,virtuslab__git-machete-330,SWE-Rebench-Tasks-Clean,4,5,2,4,Bug in matching commit logs against filtered reflogs; reflog reasoning is the exact machinery behind recovering detached-HEAD commits.,A git repository with the project this issue is about is checked out somewhere under / (commonly /<project-name>). Find it and work there. `AttributeError: 'str' object has no attribute 'full_name'` due to (?) mistyped `CommandLineOptions.o
fix-git,10,rts_task_a0fe3247d3252d5efed8f220,Recursive-Task-Synthesis,3,5,4,4,Merges a feature branch into master and audits the merged file set; the merge-into-master half of the target task.,"Add the repository `git@github.com:FreeAIHub-Git/hello-world.git` as a Git submodule to the existing repository at `~/GitHub/FAIH`, placing it under the `./submodule/` directory. Stage the addition and verify the submodule is active by runn"
fix-ocaml-gc,1,task_002274_41ca317a,TMax-15K,5,4,5,5,"Crash regression in a C++ repo: bisect, work around a build break, read the core dump, fix, rebuild with make and re-run the test.","You are a Site Reliability Engineer (SRE) investigating recurring crashes in a critical uptime monitoring service. The service, a C++ daemon that calculates weighted moving averages of server response times, has recently started crashing an"
fix-ocaml-gc,2,tw_245032,TerminalWorld-Seeds-Clean,5,4,4,5,"Root-cause a segfault from an uninitialised list-end pointer in a C++ library's init path and fix the initialisation, not the symptom.",There is a segmentation fault in the openal-soft library (https://github.com/kcat/openal-soft) during `alc_initconfig()` when iterating over `BackendList` to build the supported backends string. The crash occurs because `BackendListEnd` is 
fix-ocaml-gc,3,task_000339_224d0caa,TMax-15K,5,4,4,4,"A recent commit in a vendored C library causes an out-of-bounds access; bisect, fix at source, rebuild, verify against a reference.","You are a security researcher analyzing a new malware strain that uses advanced steganography to exfiltrate data. We have recovered the malware's source for its wrapper program (`/home/user/steg_decoder.cpp`), but it statically links to a c"
fix-ocaml-gc,4,task_000583_85cb2773,TMax-15K,4,5,4,4,C undefined behaviour that only manifests under -O3 plus an unfreed heap struct: the latent-memory-bug class the GC change introduced.,"You are an open-source maintainer reviewing a pull request for a lightweight C-based REST API server. The PR implements a new rate-limiting module and request validation for the `/api/submit` endpoint. The contributor noted in the PR: ""The "
fix-ocaml-gc,5,task_000489_92ef5b2f,TMax-15K,4,5,3,4,"Fix double-free, corruption and dangling-pointer bugs in C code with hand-rolled ownership rules, then rebuild and match an oracle.","You are a QA engineer responsible for setting up a high-performance benchmarking gateway for our multi-service test environments. The gateway is written in C and uses a custom state-machine based parser to process test routing URLs, record "
fix-ocaml-gc,6,task_000405_db54ffe9,TMax-15K,4,4,4,4,Dangling pointers and leaks segfault a C graph evaluator; must repair both the build and the allocation lifetime discipline.,"You are a script developer building a fast C++ utility for evaluating a static dataflow circuit. Your team lost the original configuration file for the production circuit, but managed to find a screenshot of the textual rules representing t"
fix-ocaml-gc,7,task_000305_847de7e5,TMax-15K,4,4,3,4,Memory-safety UB in a vendored C library that only crashes at full scale; fix the library and rebuild optimised.,"I am organizing a data processing project that analyzes software dependencies. I have a large dataset of raw semantic versions in `/home/user/versions.txt` (100,000 lines). I need to parse and sort them, but native Python is too slow for ou"
fix-ocaml-gc,8,tw_7829,TerminalWorld-Seeds-Clean,4,4,3,4,Rebuild a crashing C++ program with debug symbols and drive GDB to the faulting access; the native-crash debug loop this task needs.,"The C++ program `/app/clientes.cpp` crashes with a segmentation fault during normal use. Compile the program with debug symbols and use GDB to investigate the crash. Provide appropriate input to the program to reproduce the crash, then exam"
fix-ocaml-gc,9,task_000221_0d2825d8,TMax-15K,4,4,3,3,"Fix a Makefile link error, then a memory-safety bug in a custom hash map's allocate-and-copy path in C.","You are a mobile build engineer maintaining our CI pipelines. We have a small internal telemetry tool written in C that collects build metrics, stores them in a custom hash map, and sends them to a telemetry REST API. However, the tool is c"
fix-ocaml-gc,10,eventlet__eventlet-866,SWE-Rebench-Tasks-Clean,4,4,3,4,Interpreter segfaults during garbage collection after lock objects are patched; reasoning about object state at collection time.,A git repository with the project this issue is about is checked out somewhere under / (commonly /<project-name>). Find it and work there. Greening existing locks doesn't always work right Following https://github.com/eventlet/eventlet/comm
gcode-to-text,1,task_004389_65e62efa,TMax-15K,4,5,3,4,"Real G-code semantics: modal Z state across lines, G1-with-E as extrusion, comment stripping - the parse this task's first half is.","I am a researcher organizing datasets from our custom bio-printer, and I need help extracting specific data from our print logs. The printer outputs standard GCode, but I only care about the extrusion commands that happen within a specific "
gcode-to-text,2,task_003395_f5dea7e2,TMax-15K,4,5,3,4,Extracts X/Y from every G1 move into a coordinate stream: step one of reconstructing the drawn toolpath.,"I am a researcher organizing a massive dataset of 3D printer logs. My dataset contains hundreds of GCode files, and I need to extract the spatial coordinates of all linear extrusion moves to analyze spatial distribution. Because the dataset"
gcode-to-text,3,task_000206_34d0712c,TMax-15K,4,5,3,4,"Filters to G0/G1 moves, parses X and Y floats and shifts them by an offset; the move-line grammar plus coordinate-frame handling.","You are an AI assistant helping a materials researcher normalize an older 3D printing dataset. The dataset is located in `/home/user/dataset/`. You need to process a specific GCode file, `experiment_01.gcode`, which was generated by a legac"
gcode-to-text,4,task_001718_513bde5d,TMax-15K,4,5,3,4,"Robust G-code coordinate parsing across spacing variants and comments, then reasoning about the values themselves.","You are a developer tasked with organizing legacy manufacturing project files for a CNC shop. We recently upgraded our CNC machinery, and the old GCode files need to be audited to ensure they do not exceed the physical limits of the new mac"
gcode-to-text,5,task_001888_1bb7782a,TMax-15K,4,2,5,4,Emulate an instruction DSL to report what it would produce without executing it: the same predict-the-outcome genre.,"I need you to help me organize a project containing legacy custom build scripts. We have a directory of custom `.bld` files that define conditional cross-compilation builds for different architectures. Before we migrate them, I need to know"
gcode-to-text,6,tw_4289,TerminalWorld-Seeds-Clean,4,3,3,4,Rasterise an image onto a coarse terminal grid that still reads correctly: how you make a reconstructed toolpath legible.,"Convert the image file `/app/Mario.png` into a colored ASCII art representation rendered in the terminal using block characters and ANSI terminal color codes. The output should display the image as a grid of colored cells, with each pixel's"
gcode-to-text,7,laspy__laspy-327,SWE-Rebench-Tasks-Clean,4,4,3,4,"Scale and offset silently ignored when writing points, moving every coordinate; the same scaled-coordinate arithmetic discipline.","A git repository with the project this issue is about is checked out somewhere under / (commonly /<project-name>). Find it and work there. Writing ScaleAwarePointRecord ignores scaling and offsets Hello, I was creating a small script to mer"
gcode-to-text,8,jsvine__pdfplumber.02ff4313.func_pm_ctrl_invert_if__tv5b85l9,SWE-Smith-Seeds-Clean,4,3,2,3,Layout text extraction places glyphs on a character grid by coordinate: recovering readable text from positioned marks.,"Text extraction with layout fails when layout_width_chars is not provided #### Description When using `extract_text(layout=True)` without specifying `layout_width_chars`, the function raises a `ValueError` about `layout_width` and `layout_w"
gcode-to-text,9,task_003934_ff2aa56d,TMax-15K,3,5,3,3,G-code normalisation whose rules must first be read out of a PNG; pairs the G-code grammar with reading an answer off an image.,"You are helping to configure a change-tracking pipeline for our 3D printer fleet. Our configuration manager tracks GCode profiles, but users often submit messy or unsafe GCode. We need to enforce standardization. Your task is to write a Pyt"
gcode-to-text,10,rts_task_f08f705c2d22a4b7a9e6e8fd,Recursive-Task-Synthesis,3,2,4,3,Decode a fixed-width symbol stream into characters and print the recovered message; identical decode-a-stream-into-text deliverable.,"Write a decoder script at `/app/parachute.py`. The script must read lines from a data file, validate that each line is exactly 7 binary digits (0/1), convert valid lines to characters using an offset loaded from a JSON config file, and log "
git-leak-recovery,1,tw_6480,TerminalWorld-Seeds-Clean,5,5,4,5,Recover a dangling blob whose file was staged then lost: the unreachable-object recovery this task's part 1 is.,Recover the content of a dangling blob object from the Git repository in `/app`. The repository contains a file that was staged but never committed and subsequently lost — its content exists only as an unreferenced object in the Git object 
git-leak-recovery,2,task_008668_aad66165,TMax-15K,5,5,4,5,Secret committed then removed in a later commit; recover the exact token from history and write it to secret.txt.,"You are an IT support technician responding to an urgent ticket (Ticket #4099). A data ingestion pipeline has broken down due to two issues in the `/home/user/ticket_4099` repository. First, the downstream API requests are failing because t"
git-leak-recovery,3,rts_task_05b12b8f06acd0e46d3f0039,Recursive-Task-Synthesis,5,5,4,5,Locate the dangling commit that added secret.key in the bare repo and remove that commit from history: both halves of this task.,"Remove the mistaken commit that pushed secret.key from the remote history at https://github.com/jrogue/sample.git. Then clone a fresh copy, produce the five deliverables in /app, and assemble the evidence bundle as described in /srv/git/aud"
git-leak-recovery,4,task_003732_d381586c,TMax-15K,5,5,4,5,Commit wiped by a hard reset but not yet gc'd; identify the right blob among the dangling objects and restore it.,"You are tasked with debugging a failing build pipeline for a data processing project located in `/home/user/project`. A critical configuration file, `config.b64`, was accidentally deleted and the commit that added it was wiped out via a har"
git-leak-recovery,5,tw_329715,TerminalWorld-Seeds-Clean,5,5,4,5,Remove the commit that added secret.key from the repository's history so the file is gone for good.,Undo a mistaken commit that was already pushed to a remote Git repository. The repository at `https://github.com/jrogue/sample.git` currently has a commit that added a file called `secret.key` which should not have been pushed. Your goal is
git-leak-recovery,6,rts_task_d35d647825db9db40f37a95c,Recursive-Task-Synthesis,4,5,4,4,Rewrite to drop the secret commit and prove it with the reflog entry and short SHA of the offending commit.,"Undo the mistaken commit that pushed secret.key to https://github.com/jrogue/sample.git. Force-push the correction, then clone a fresh copy. Produce these six deliverables in /app: - result.txt: a directory listing of the cleaned repository"
git-leak-recovery,7,task_002382_b76aee61,TMax-15K,5,5,3,4,"A staged file lost to a hard reset must be pulled out of .git as a dangling blob, byte-for-byte.",You have inherited a data-processing pipeline that parses large configuration files. The previous developer left the project in a broken state. Here is what we know: 1. **Deleted Data**: The primary dataset `massive_data.yaml` was accidenta
git-leak-recovery,8,rts_task_c005db1813b454fd2b579297,Recursive-Task-Synthesis,4,5,4,4,"Preserve the offending commit, then force-push a rewritten history without secret.key and reconcile the two states.","Undo the mistaken commit that pushed secret.key to the remote repository at https://github.com/jrogue/sample.git. Before rewriting history, preserve that commit as a branch named 'mistake-preserved' and push it to the remote. Produce a comm"
git-leak-recovery,9,task_001466_99e645e3,TMax-15K,4,5,3,4,"Content of a hard-deleted branch must be found via reflogs, deleted commits or dangling blobs; covers all three routes.","You are a DevOps engineer investigating a catastrophic failure in our custom distributed database. The system crashed, leaving behind corrupted journal files and a fragmented code repository. Your goal is to write a standalone Bash script a"
git-leak-recovery,10,task_000705_dd1c4aef,TMax-15K,4,5,3,4,A config.json containing SECRET_KEY was committed then deleted; recover it from history and report the secret.,"You are a performance engineer called in to debug a severe resource leak in a Python asynchronous backend service. The service processes incoming network requests, but under heavy load with frequent client cancellations (disconnects), it le"
git-multibranch,1,task_008507_de9e4b80,TMax-15K,5,5,5,5,"Bare repo, post-receive publishing into a web root, self-signed cert with CN=localhost and an HTTPS server on 8443: this task minus SSH.","Hello! I am an observability engineer setting up a local GitOps workflow for our dashboard configurations, and I need your help to build the pipeline. We want developers to push dashboard JSON files to a local Git server, which automaticall"
git-multibranch,2,task_003669_be3ad2e1,TMax-15K,5,5,5,5,Self-signed TLS server on 8443 plus a bare repo whose post-receive must fire on a real push and produce a verifiable artifact.,"As a Site Reliability Engineer, you need to implement a continuous deployment pipeline for a custom health-check monitoring agent written in C. Your objective is to stand up a local secure web server, create a Git repository with a deployme"
git-multibranch,3,task_008540_a95835ab,TMax-15K,5,5,4,5,Branch-filtered post-receive using git --work-tree checkout -f plus service restart: the exact deployment mechanic needed for two branches.,"You are tasked with setting up a lightweight, automated deployment pipeline using Git hooks. We need a continuous deployment mechanism that manages a Python web service without relying on root privileges or a formal init system like systemd"
git-multibranch,4,task_009134_30f90583,TMax-15K,4,5,4,4,"Create the cert and key, fix the server launch so the right document root is served, verify https://localhost:8443/index.html with curl.","You are an operations engineer tasked with diagnosing and fixing a custom deployment script that acts as a simple container lifecycle manager. We have a script at `/home/user/manager.sh` that is designed to set up a deployment directory, li"
git-multibranch,5,task_003575_8f9fa187,TMax-15K,4,5,4,4,"Diagnose and rewrite a failing post-receive hook, environment included, until the push itself succeeds.","You are an engineer responsible for maintaining a lightweight Git-based deployment pipeline. We have a local bare Git repository at `/home/user/deploy.git` that acts as our production remote. When developers push to this repository, a `post"
git-multibranch,6,task_008021_fbbca54a,TMax-15K,4,5,4,4,"Scripts the entire pipeline: bare repo, post-receive extraction, SSH transport, remote wiring and the triggering push.","You are an edge computing engineer responsible for deploying code to remote IoT devices. Since direct deployment is often restricted by NATs and firewalls, you must build a lightweight, Git-based CI/CD pipeline that triggers over an SSH tun"
git-multibranch,7,task_005719_210d44da,TMax-15K,4,5,4,4,"post-receive that builds and launches a daemon on push, judged on the running end state rather than the script text.",You are an edge computing engineer deploying services to an IoT gateway. You need to set up a Git-based automated deployment pipeline that compiles and runs a C-based monitoring daemon. Your objective is to create a bare Git repository that
git-multibranch,8,task_008370_d7c9163e,TMax-15K,4,5,4,4,"Git hooks, a secure web server and a health checker that must all agree; same three-component stack to stand up.","You are a Site Reliability Engineer (SRE) tasked with setting up a lightweight, self-healing deployment and monitoring system. You need to combine Git hooks, a basic secure web server, and a custom C-based health checking tool that monitors"
git-multibranch,9,rts_task_ba953cb11fa97ee52fe7ef3c,Recursive-Task-Synthesis,4,5,4,4,"Generate the CA/key/cert set and prove it by serving HTTPS locally and querying it; the certificate half, verified the same way.",Generate a development certificate for example.com and *.example.com using the ekeca tool. Place the resulting files in /app/example with the following exact names: - root-for-clients.crt (root CA certificate) - server.key (server private k
git-multibranch,10,tw_11181,TerminalWorld-Seeds-Clean,4,5,4,4,An SSH server that must end up running and accepting a set password - the git@localhost password-auth requirement nothing else covers.,"Set up a Docker container based on the `ubuntu:12.04` image that has an SSH server installed and running, with the root password set to `screencast`. The container should be committed as a new image named `sshd_it`, and a container from tha"
gpt2-codegolf,1,task_000650_2f478e87,TMax-15K,5,4,4,5,"Reimplement a stripped model's math so a fuzzer confirms bit-exact equivalence, tuned for speed: match-the-reference-model-in-fast-low-level-code.","You are a data analyst and performance engineer. We have a legacy proprietary scoring model compiled as a stripped executable located at `/app/legacy_scorer`. This binary is used to process CSV files, but it is too slow for our new inferenc"
gpt2-codegolf,2,task_000042_6e4922c3,TMax-15K,5,4,4,5,"Implement PCA/power-iteration numerics from scratch in dependency-free C, exact iterations and format, compiled gcc -O3 -lm - the same build and rigor.","You are a data analyst working on a performance-critical data processing pipeline. You have a dataset of sensor readings, but to optimize downstream systems, you need to extract the most significant axis of variance (the first Principal Com"
gpt2-codegolf,3,task_000794_1b7f0880,TMax-15K,4,4,4,4,"Extract algorithm logic into a pure C library with no dependencies, a Makefile and exact output: the dependency-free-C-from-spec discipline.",You are an engineer tasked with porting a legacy configuration tool to run in a minimal container. The minimal container does not have Python installed. The existing tool relies on a Python C-extension (`expr_ext.c`) to parse and evaluate m
gpt2-codegolf,4,task_000816_72e21ee9,TMax-15K,4,5,3,4,Numerically stable log-softmax over attention dot-products that must not overflow: the exact softmax-stability step inside a transformer.,"You are acting as a bioinformatics software engineer. We have a set of high-dimensional deep learning embeddings representing viral genomic sequences, stored in an HDF5 file. We need to compute the pairwise attention log-scores between all "
gpt2-codegolf,5,task_000295_cd672edd,TMax-15K,4,4,4,4,Metropolis-Hastings sampler implemented from scratch in C with precise output; nontrivial numerics coded by hand in C.,"and <truth> Generation ```xml <task> You are a performance engineer tasked with profiling a legacy application. The system's legacy hardware monitor does not export digital logs for its baseline run; instead, it outputs a video recording of"
gpt2-codegolf,6,task_000513_d8761e46,TMax-15K,4,5,4,4,A C tokenizer for a custom LLM inference engine: same tokenization-in-C and same domain as feeding a GPT-2 sampler.,"You are a data scientist tasked with preparing a text dataset for a lightweight custom C-based LLM inference engine. You need to build a fast data cleaning and tokenization pipeline in C, benchmark its performance, and compute statistical c"
gpt2-codegolf,7,d0c-s4vage__pfp-112,SWE-Rebench-Tasks-Clean,4,4,3,4,Parse a byte stream field by field and match a reference tool's exact semantics: the binary-checkpoint-parsing crux.,A git repository with the project this issue is about is checked out somewhere under / (commonly /<project-name>). Find it and work there. Pfp implicit array handling doesn't match 010's ## Describe the bug Found this when trying to use the
gpt2-codegolf,8,task_000333_7a82aa70,TMax-15K,4,4,4,4,Reconstruct a model's weights from a spec and implement a fast inference CLI whose output is fuzz-tested: implement-model-inference-from-spec.,"You are assisting a data science researcher in organizing and scoring their datasets. The researcher has lost the original source code for their data scoring model, but they have a scanned image of the model's architecture and weights saved"
gpt2-codegolf,9,task_000815_ccae7035,TMax-15K,4,3,4,3,"Implement KNN from scratch in C, parse the data by hand, match a hidden ground truth; from-scratch ML algorithm in C.",You are a data engineer responsible for fixing and rebuilding an ETL and modeling pipeline. We use a custom C implementation for similarity search and classification to minimize overhead. You are provided with a training dataset `/app/train
gpt2-codegolf,10,task_000624_6605751b,TMax-15K,3,2,4,3,Golf a payload under a strict 65-byte budget while keeping it functional: the optimise-under-a-byte-limit half of this task.,You are a red-team operator testing an evasion payload against a locally simulated internal web stack. The target environment is located in `/app/` and consists of two primary services: 1. An Nginx reverse proxy serving as a strict TLS term
headless-terminal,1,task_002893_610b163f,TMax-15K,5,5,4,5,"Spawns and programmatically drives an interactive bash, handling prompts and readiness waits — same mechanism the interface must implement.","As a system administrator, you need to automate a diagnostic routine inside a rootless containerized environment to troubleshoot a silent failure where network routes aren't mapping correctly to an in-memory filesystem. Your task is to writ"
headless-terminal,2,pexpect__ptyprocess.1067dbda.func_pm_remove_loop__exlxfztz,SWE-Smith-Seeds-Clean,5,5,2,5,"Repairs PtyProcess.waitnoecho: tty echo state on a spawned pty, the subtlety that breaks naive headless-terminal implementations.","waitnoecho() method doesn't work properly I found a bug in the `waitnoecho()` method of the `PtyProcess` class. The method seems to be completely broken and doesn't function as expected. ```python p = PtyProcess.spawn(['cat'], echo=True) re"
headless-terminal,3,tw_460725,TerminalWorld-Seeds-Clean,5,4,4,5,Expect script spawning an interactive program and answering prompts; identical spawn/expect/send discipline in a different language.,"Automate the interaction with the Python script at `/app/test.py` using Expect/Tcl. The script prompts the user for their name and favorite animal, and you must automate responses to those prompts: provide `Edwin` as the name and `Fox` as t"
headless-terminal,4,pexpect__ptyprocess.1067dbda.func_pm_remove_assign__ivbnyzsb,SWE-Smith-Seeds-Clean,5,5,2,5,isalive() after signal termination — the waitpid status decoding needed to make the Ctrl-C cancellation test pass.,# UnboundLocalError in PtyProcess.isalive() when process is terminated by signal ## Description Python Version: 3.10.15 ptyprocess Version: latest ## Code to Reproduce ```python import signal import time from ptyprocess import PtyProcess # 
headless-terminal,5,task_005019_716557a7,TMax-15K,4,5,3,4,Explicitly spawns a pseudo-terminal running /bin/bash and passes environment into it; same pty-plus-bash setup.,You are acting as a cloud architect migrating our legacy infrastructure to a new deployment model. Our old system relies on a proprietary routing component that maps user connection tokens to specific backend worker ports. We lost the sourc
headless-terminal,6,task_004882_c8e52fc8,TMax-15K,4,4,4,4,Packages pexpect interaction into an importable adapter module consumed by other code — same API-around-a-live-process shape.,You are a cloud architect migrating a legacy interactive data system to a modern REST API architecture. We have two main components located in `/app/`: 1. **Legacy Interactive Data CLI (`/app/legacy_cli.py`)**: This is a mock interactive sy
headless-terminal,7,task_001395_861d32d6,TMax-15K,3,5,3,4,"Fixes and installs pexpect from vendored source, forcing a look inside the library this task would otherwise use blindly.","You are an administrator for a system that automates the deployment of user accounts. A previous administrator left the system in a broken state. You need to fix a vendored dependency, write a robust input sanitiser for user creation reques"
headless-terminal,8,rts_task_6ba244b698500a5585a1f154,Recursive-Task-Synthesis,4,4,4,4,"Implements an interactive shell with fork/execvp, background jobs and exit handling: the child-process control the wrapper hides.","Create a C source file at `/app/test.c` that implements a simple Linux shell. The shell must print the prompt `OS-ku>`, fork a child to execute commands via `execvp`, and support background execution when the user appends `&`. Typing `exit`"
headless-terminal,9,task_000963_f95a4d5e,TMax-15K,4,4,3,4,"Long multi-command pexpect session against an interactive shell, requiring state to persist between sent commands.","You are a backup operator tasked with testing the restoration of network configurations to a simulated core router. We have a proprietary router simulator located at `/home/user/mock_router.py`. This simulator uses an interactive, text-base"
headless-terminal,10,amoffat__sh-603,SWE-Rebench-Tasks-Clean,4,4,2,4,Deadlock between waiting on a child and reading its output in a pty-backed command library; the exact race a send/wait API hits.,A git repository with the project this issue is about is checked out somewhere under / (commonly /<project-name>). Find it and work there. _done callback consistent deadlock when accessing RunningCommand arg passed to callback This consiste
hf-model-inference,1,task_000680_ff6ac094,TMax-15K,5,5,5,5,HuggingFace model inference served on port 5000 through a POST endpoint with a strict JSON schema; nearly the same task.,"You are an AI assistant acting as a Machine Learning Engineer preparing a pipeline for a voice-based customer support system. Your goal is to build and deploy a local HTTP service that processes audio requests, transcribes them, and classif"
hf-model-inference,2,task_003986_4e4c690f,TMax-15K,5,5,4,5,"Loads an HF model and processor, runs inference and exposes it via Flask/FastAPI — the download-load-serve chain end to end.","I am a researcher organizing a new multimodal dataset. I have a raw audio sample located at `/app/audio/sample.wav`, and I need to extract mathematical features from the signal, transcribe it using a small model, and expose these results vi"
hf-model-inference,3,task_000318_4bf545ba,TMax-15K,4,4,5,4,POST /predict turning a JSON payload into a tensor for a PyTorch model and returning JSON; same request-to-inference glue.,"You are an incoming Data Scientist taking over a partially finished project. The previous engineer left abruptly, leaving behind raw data, a PyTorch model weights file, and a scanned sticky note with vital project parameters. Your goal is t"
hf-model-inference,4,task_008873_24721464,TMax-15K,4,5,3,4,"Reconstruct a sentiment model in PyTorch, tokenize with its vocab and run inference over reviews; the modelling core here.","You are a Data Analyst working with a proprietary legacy sentiment analysis system. We lost the original inference code, but we still have the model weights, vocabulary, and a batch of new customer reviews to process. Your task is to recons"
hf-model-inference,5,task_000128_5892b832,TMax-15K,3,4,5,4,"Flask service on a fixed host:port with POST /predict, exact JSON contract, left running in the background.","You are tasked with fixing a machine learning pipeline and deploying it as a microservice. We have a video artifact located at `/app/experiment.mp4`. As a data analyst, your first step is to perform feature engineering by extracting frame-l"
hf-model-inference,6,task_003205_4267f918,TMax-15K,4,5,4,4,HF transformer inference plus embedding index behind an authenticated HTTP service; model loading and serving together.,"You are a data engineer building an ETL pipeline that processes, indexes, and serves semantic searches over audio recordings of customer support calls. Your goal is to build an end-to-end pipeline that transcribes an audio file, chunks the "
hf-model-inference,7,rts_task_0d4c15474074a305ff2be8f2,Recursive-Task-Synthesis,4,4,4,4,Train a model then start an HTTP inference server and post features to it; best model-plus-serving example outside TMax.,"Run the provided xorq and scikit-learn workflow to train a classifier on the Palmer Penguins dataset at /app/penguins.parquet. This produces a model and test features. Then locate and start the included HTTP inference server, send it the te"
hf-model-inference,8,bentoml__bentoml-5084,SWE-Rebench-Tasks-Clean,4,5,2,4,Service-dependency lifecycle bug in a model-serving framework; same stack of exposing a loaded model over HTTP.,A git repository with the project this issue is about is checked out somewhere under / (commonly /<project-name>). Find it and work there. bug: `AttributeError`: `close()` called on Service dependency in `TestClient` ### Describe the bug Hi
hf-model-inference,9,marshmallow-code__webargs.dbde72fe.pr_974,SWE-Smith-Seeds-Clean,4,4,2,4,Malformed JSON body must yield an error response instead of a crash — exactly the 400 branch of this API schema.,"# BottleParser doesn't handle invalid JSON properly I noticed that when sending invalid JSON to a Bottle application using webargs, the application crashes instead of handling the error gracefully. ## Description The BottleParser class in `"
hf-model-inference,10,keras-team__keras-20079,SWE-Rebench-Tasks-Clean,4,4,2,4,Model saved to disk reloads but fails at predict; the local-model-directory load-then-infer round trip this task requires.,"A git repository with the project this issue is about is checked out somewhere under / (commonly /<project-name>). Find it and work there. Rescaling Layer Issue when Loading .keras Model Hello, I have an issue with saving and reloading a .k"
install-windows-3.11,1,task_003464_52c8af89,TMax-15K,5,5,4,5,Background qemu-system-x86_64 with -nographic and a QMP socket at a required path — the same VM plus control-socket setup.,"You are an Site Reliability Engineer (SRE) tasked with wrapping an old, undocumented uptime monitoring binary into a modern, multi-protocol service using C. We are transitioning to a GitOps deployment model. We have a legacy monitoring tool"
install-windows-3.11,2,task_003951_3539778b,TMax-15K,5,5,4,5,"Headless daemonized QEMU with -S and a VNC display on a computed port, monitored and exposed over a web server.","You are an infrastructure engineer automating the provisioning and monitoring of a lightweight virtual machine. Your task is to start a QEMU instance, write a custom C program to monitor its process status, and expose this status securely v"
install-windows-3.11,3,task_003133_85965df1,TMax-15K,5,5,4,5,"Provision a disk and write the QEMU launch line with -nographic, VNC display :2 and a PID file; same command composition.","You are tasked with building the foundation of a local Kubernetes-like operator that manages lightweight VMs using QEMU. You need to create several scripts and configurations to handle connectivity diagnostics, backups, disk provisioning, a"
install-windows-3.11,4,task_003288_e131a9f5,TMax-15K,5,5,3,5,"Connect to a QEMU monitor unix socket and issue monitor commands programmatically, parsing the replies.","You are a Site Reliability Engineer (SRE) tasked with monitoring the uptime of a legacy system that runs inside a QEMU virtual machine. The VM does not expose a modern API, but it does expose an interactive QEMU monitor over a UNIX domain s"
install-windows-3.11,5,task_003890_44be0a93,TMax-15K,4,5,4,4,Fix an nginx reverse proxy sitting in front of services alongside a QEMU VM; the nginx-plus-VM topology this task builds.,You are acting as a network engineer troubleshooting connectivity for our new local environment. We have a multi-service stack running in `/app/`. It consists of: 1. An Nginx reverse proxy listening on `127.0.0.1:8080`. 2. A Python Flask AP
install-windows-3.11,6,task_003209_8bd1fcc5,TMax-15K,4,5,4,4,"Daemonize QEMU with a VNC display and PID file, then inspect the live process; same background-VM verification loop.","You are acting as a capacity planner who needs to analyze the resource usage of a virtualized application stack, expose the metrics securely, and ensure they are backed up. Your environment is a standard Linux system. You must complete the "
install-windows-3.11,7,tw_132013,TerminalWorld-Seeds-Clean,4,5,4,4,"Builds a qcow2 overlay so the base image stays untouched, then boots it — the same immutable-base-disk requirement.","Your task is to prepare a bootable Ubuntu 16.04 cloud image environment in `/app`. The provided `ubuntu-16.04-server-cloudimg-amd64-disk1.img` is an unmodified Ubuntu 16.04 cloud image. Using this as a backing file, create a copy-on-write o"
install-windows-3.11,8,task_005975_f72b6904,TMax-15K,4,5,4,4,Wrapper script booting a qcow2 under QEMU with -nographic and a locally bound VNC server; direct flag-level practice.,"You are a Linux systems engineer tasked with hardening a legacy application environment. You need to automate the configuration of a user list, schedule a recurring task, and prepare a secure virtual machine launch script. You must implemen"
install-windows-3.11,9,tw_436604,TerminalWorld-Seeds-Clean,4,5,4,4,"End-to-end KVM/libvirt VM deployment from a downloaded image with per-guest configuration, left running and verified.","Deploy a Debian 11 cloud VM named `debian01` using cloud-init and libvirt/KVM. Download the Debian 11 generic cloud image (qcow2 format), resize it to accommodate additional storage, and provision the VM with a cloud-init configuration that"
install-windows-3.11,10,task_001459_aa5314fb,TMax-15K,4,5,3,4,Emits a QEMU command line with -vnc <display> and user-mode hostfwd from parsed config; teaches display-to-port mapping.,"You are an edge computing engineer deploying a simulated IoT gateway environment. Since you do not have root access on the build server, you need to configure a user-space QEMU virtual machine that maps custom network routing via host forwa"
kv-store-grpc,1,task_000585_2fd259d3,TMax-15K,5,5,5,5,"Proto with two RPCs and their message types, grpc_tools.protoc codegen, server.py on a port plus a client — the same task with different verbs.","You are tasked with building a gRPC-based directory synchronization tool in Python to help developers organize and synchronize project files between different versions. You need to build a system that analyzes two directories, computes the "
kv-store-grpc,2,task_002235_30d3ca0f,TMax-15K,5,5,5,5,"Field-by-field proto spec, compile for Python into a named directory, implement the service in server.py on a fixed port.","You are a script developer tasked with creating a distributed utility that analyzes the complexity of x86 assembly snippets. You will build a gRPC service in Python that parses minimal assembly, computes an ""Instruction Execution Cost"" (IEC"
kv-store-grpc,3,task_000717_55759ff7,TMax-15K,5,5,4,5,"Define the service and its request/response messages, compile, serve on an exact port and leave the server running in the background.","You are a log analyst investigating a failing data pipeline. An upstream ETL job has been randomly retrying and generating duplicate audit records, which are mysteriously recorded as audio voice-memos containing multi-language metadata (due"
kv-store-grpc,4,task_002157_d18d63f3,TMax-15K,5,5,4,5,"Proto authored with explicit field tags, compiled with grpcio-tools, then a Python server implementing the declared RPC.","You are acting as a build engineer managing an artifact patching system. We have a vendored package located at `/app/vendored/patch_manager` (a simple Python tool for applying unified diffs to text artifacts). Unfortunately, the package is "
kv-store-grpc,5,task_002790_b5b89843,TMax-15K,4,5,5,5,"Installs grpcio and grpcio-tools, compiles the proto to a target directory and launches the gRPC server in the background.","You are tasked with porting and modernizing a legacy system compatibility tool into a minimal containerized environment. As part of this, you need to build a new central Version Compatibility gRPC Daemon in Python, write the underlying sema"
kv-store-grpc,6,task_001405_cce4db51,TMax-15K,4,5,4,4,"Write an exact proto3 schema, generate Python bindings and implement the named analyzer service against it.",You are an engineer tasked with setting up a polyglot build system and a gRPC service for a video analysis pipeline. We have a video file located at `/app/drone_flight.mp4`. Your objective is to expose a gRPC service in Python that extracts
kv-store-grpc,7,task_002811_62002456,TMax-15K,4,5,4,4,"Declare an RPC with request and response messages, compile it, and implement the Python server that answers it.",You are a QA engineer responsible for testing and modernizing our data processing pipeline. We currently have a legacy expression evaluator compiled as a stripped executable located at `/app/legacy_evaluator`. It reads JSON from standard in
kv-store-grpc,8,task_002953_da753887,TMax-15K,4,5,3,4,Pure codegen drill: install grpcio-tools and produce _pb2.py and _pb2_grpc.py in a required output directory.,"As a release manager preparing for a new deployment, you need to automate the aggregation of gRPC protocol buffer updates. Over time, updates to the company's core service have been distributed as patch files. Your workspace is located at `"
kv-store-grpc,9,rts_task_ad91b8d961a8d683e16076ad,Recursive-Task-Synthesis,3,5,4,4,"Start a gRPC server in the background, confirm from its log that it is listening, then prove it with a client call.",Build the gRPC server in `~/go/src/grpc-server`. Start it and redirect its output to `/app/server.log`. Confirm from the log that the server is listening and ready. Run the Python client (`scripts/client.py`) and save its full output to `/a
kv-store-grpc,10,task_002251_e89ba374,TMax-15K,4,5,4,4,"Install the gRPC toolchain, generate bindings from the .proto into the right directory and make the server import them cleanly.",I am migrating an old Web Application Firewall (WAF) microservice from Python 2 to Python 3. The service receives payloads via gRPC and passes them to a high-speed C-shared library (`libmatcher.so`) to check for malicious signatures. Curren
large-scale-text-editing,1,task_000005_162ed362,TMax-15K,5,3,4,4,Deduce an unknown string transformation from observed input/output pairs and reproduce it exactly — the same inference this task starts with.,"We have a local data processing pipeline that relies on a vendored Python package, `datashaper-1.2.0`, located at `/app/datashaper-1.2.0`. There is a systemd user service configured for this package, but it continuously fails to start. Your"
large-scale-text-editing,2,task_000104_cc500ca7,TMax-15K,4,5,4,4,"CSV field transformation restricted to awk and shell, with output that must match the required format exactly.","You are a localization engineer managing translation strings for multiple software projects. Every day, an automated system dumps the current total word counts for different projects in a ""wide"" CSV format. You need to create a Bash-based p"
large-scale-text-editing,3,task_000044_5ecfe251,TMax-15K,5,3,4,4,"Probe an oracle to work out a character-substitution transform, then match it bit-for-bit on arbitrary input.","You are a system administrator taking over a staged deployment of a new internal data processing service. Currently, the deployment is failing. When users send a POST request to the local Nginx endpoint at `http://127.0.0.1:8080/api/process"
large-scale-text-editing,4,tw_147333,TerminalWorld-Seeds-Clean,4,4,4,4,Pattern-match text with whitespace and digits and replace every occurrence in place across files; a substitution command in disguise.,"Find all files in `/app` that contain the pattern `MaxRequest` followed by whitespace and digits, and replace every such occurrence with the literal text `MaxRequest 999`. The replacement must be applied in-place across all matching files. "
large-scale-text-editing,5,task_000040_6e138997,TMax-15K,4,5,4,4,"Multi-step CSV pipeline with high-level languages banned, forcing terse sed/awk expressions over columns.","You are a data engineer tasked with building a lightweight ETL and testing pipeline for a legacy Linux environment where Python, R, and other high-level languages are strictly forbidden. You must use only standard shell tools (Bash, `awk`, "
large-scale-text-editing,6,task_000167_a3315aaa,TMax-15K,4,4,4,4,"Reimplement a legacy per-line text canonicaliser whose output must match exactly, line in and line out.",You are a network engineer tasked with troubleshooting a series of recurring connectivity drops and replacing a legacy diagnostic tool with a modern Go implementation. Please complete the following multi-stage workflow: 1. **Video Analysis 
large-scale-text-editing,7,rts_task_e310969f514289c50fccce04,Recursive-Task-Synthesis,4,4,4,4,Write one regular expression that satisfies a list of precise format rules and correctly splits a dataset.,"In the `/app` directory you’ll find two input files: - `test_cases.txt` – a small set of phone number strings, one per line. - `numbers.txt` – a larger dataset to validate and split. Create a Node.js script at `/app/phone.js` that uses a **"
large-scale-text-editing,8,task_000140_a41de773,TMax-15K,4,4,4,4,Match a reference tool's output bit-for-bit using only shell utilities; restricted toolset plus byte-exact verification.,"You are acting as a backup administrator for a legacy Linux system. We have a proprietary backup archiving tool located at `/app/legacy_packer`. Unfortunately, we lost the source code for this tool years ago, and we are migrating to new env"
large-scale-text-editing,9,task_000972_32925c73,TMax-15K,4,4,4,4,Stream a large CSV and rewrite each row's text field to an exact format without loading the file; per-row edits at scale.,"You are a localization engineer managing subtitle translation pipelines. A recent automated export of localized subtitle time-series data was corrupted. The timing data has gaps, and the text contains malformed localization tags. Your objec"
large-scale-text-editing,10,pycqa__docformatter-143,SWE-Rebench-Tasks-Clean,4,4,2,4,"Deterministic text reflow rules that must fire in exactly the right places; encoding a precise rewriting rule, not an approximate one.","A git repository with the project this issue is about is checked out somewhere under / (commonly /<project-name>). Find it and work there. No wrapping when there is a paragraph break example: ```python def func(): """"""My awesome function. Th"
largest-eigenval,1,task_004857_2c3d045e,TMax-15K,5,5,5,5,Eigenvalue computation in Python that must match a reference to tolerance and be 10x faster. Nearly the same task.,"A former researcher in our lab left behind a compiled binary, `/app/spectro_sim`, which simulates the vibrational spectroscopy of molecular networks. It takes a molecule's mass and bond properties and outputs the spectral frequencies. Unfor"
largest-eigenval,2,task_004244_018a965b,TMax-15K,5,4,3,4,Power iteration with Rayleigh quotient for the dominant eigenvalue plus -O3 profiling; the algorithm that beats a generic eig call.,I am a performance engineer responsible for profiling our new C++ network analysis pipeline. We are building a tool to find the dominant structural component (principal eigenvalue) of observational network data using the Power Iteration met
largest-eigenval,3,task_000042_6e4922c3,TMax-15K,5,4,3,4,"Hand-written power iteration for the dominant eigenvector, with normalization and sign determinism, in dependency-free C.","You are a data analyst working on a performance-critical data processing pipeline. You have a dataset of sensor readings, but to optimize downstream systems, you need to extract the most significant axis of variance (the first Principal Com"
largest-eigenval,4,task_003789_221005da,TMax-15K,4,3,5,4,Rewrite a numeric kernel for a 50x speedup while staying within 1e-5 of the reference; identical accuracy-under-speed-budget contract.,"You are a performance engineer working on a scientific computing pipeline for a physics simulation. The lead scientist left you a voicemail with the parameters for the new reference distribution, but they are currently out of the office. Yo"
largest-eigenval,5,task_008399_38ddeb46,TMax-15K,4,4,4,4,Python entrypoint wrapping a compiled C kernel for speed - the exact escape hatch TB2.1 permits.,You are a performance engineer working on optimizing a scientific simulation code. The current pure-Python implementation is accurate but too slow for large-scale production runs. Your team has provided a highly optimized C function for the
largest-eigenval,6,task_004522_01ba1112,TMax-15K,4,5,3,4,numpy/scipy decomposition that must reproduce a reference's handling of near-zero eigenvalues; same solver machinery and tolerance check.,"You are helping a researcher port a legacy simulation component into a modern Python pipeline. The researcher has a compiled, stripped legacy binary located at `/app/bin/legacy_solver`. This tool reads a sequence of linear systems ($Ax = b$"
largest-eigenval,7,task_004322_dc7e237c,TMax-15K,4,4,3,4,Randomized power iteration for the largest and smallest eigenvalues with a convergence-rate budget; same estimator family.,"You are an ML engineer preparing a training dataset for a physics-informed neural network. The pipeline relies on matrix factorization (Cholesky/SVD) of local deformation tensors, but it frequently fails due to numerical instability when en"
largest-eigenval,8,task_005412_1a7d91ac,TMax-15K,4,4,3,4,"Diagnose and fix non-converging power iteration on near-singular matrices, and speed up the hot loop; both failure modes here.","I am working on a structural bioinformatics pipeline in Rust to analyze protein residue contact networks, but my model fitting code is failing. I have a Cargo project at `/home/user/protein_network`. It reads a PDB (Protein Data Bank) file,"
largest-eigenval,9,mpmath__mpmath-713,SWE-Rebench-Tasks-Clean,4,5,2,3,An eigensolver's degenerate 1x1 case returns the wrong structure; the same edge case a hand-rolled dominant-eigenpair routine must handle.,A git repository with the project this issue is about is checked out somewhere under / (commonly /<project-name>). Find it and work there. eig for one-dimension matrix The returns of `eig` function are inconsistent with document when matrix
largest-eigenval,10,task_003207_4cab79ae,TMax-15K,3,4,3,3,Power iteration for a leading eigenvalue whose parallel reduction order makes the result nondeterministic; float reproducibility in eigen code.,"You are acting as a bioinformatics analyst. We are trying to process a set of DNA sequences, but our pipeline is currently broken and non-deterministic. Here is what you need to do: 1. We have an audio file `/app/primer.wav` which contains "
llm-inference-batching-scheduler,1,task_001798_23078e06,TMax-15K,5,3,5,5,"Produce a JSON grouping plan covering every item exactly once under hard dependency constraints, driving a provided latency simulator under a threshold.",You are acting as a Database Reliability Engineer. We have a legacy system backup process that frequently deadlocks or takes too long when dumping our database due to concurrent table extraction. We have a stripped binary at `/app/backup_sc
llm-inference-batching-scheduler,2,task_000331_d694b191,TMax-15K,5,2,5,5,Constrained bin packing (capacity plus conflict) scored on packing efficiency against an oracle; the packing core of this task.,"You are a mobile build engineer responsible for maintaining our app's asset delivery pipeline. Our mobile application ships with thousands of localized assets that need to be grouped into download bundles. Currently, we use a proprietary, c"
llm-inference-batching-scheduler,3,task_001815_670738ce,TMax-15K,5,2,5,4,"Heuristic search over an intractable space to clear a fitness threshold, with brute force explicitly ruled out. Same search-under-budget discipline.",You are an expert bioinformatics analyst. We need to perform a sequence motif discovery task on a newly sequenced dataset. We have a dataset of 100 DNA sequences (each 200 bases long) located at `/app/sequences.fasta`. There is a conserved 
llm-inference-batching-scheduler,4,task_005176_040cf82b,TMax-15K,5,2,4,4,"Min-cost assignment where one global choice per key must satisfy every constraint at once, output as a JSON assignment.","You are an integration developer tasked with building a tool to resolve package dependencies from a mock API response. You have received an API dump containing a package dependency graph with conflicting constraints, and you need to find a "
llm-inference-batching-scheduler,5,task_000726_e9bf29eb,TMax-15K,4,3,3,4,Group ordered items into batches under a per-batch cost cap; the greedy fill-until-cap decision inside each shape bucket.,"You are an integration developer building a microservice orchestration planner. We need a system that takes a set of API calls (tasks), their computational costs, and their dependencies (which task must run before which), and schedules them"
llm-inference-batching-scheduler,6,task_001942_4bdd8442,TMax-15K,4,2,3,3,"Minimise a total cost whose terms come only from querying a provided cost oracle, emitting a JSON plan. Same opaque-cost-model optimisation.",You are an AI assistant helping a database administrator optimize a network routing query system. We have a legacy network routing database stored at `/home/user/network.db` (SQLite3). It contains two tables detailing our infrastructure: `r
llm-inference-batching-scheduler,7,task_000607_a15537ed,TMax-15K,3,2,4,3,Iterate the implementation until an external scoring binary reports at least 95.0; the same refine-and-remeasure loop against a supplied evaluator.,"You have inherited an unfamiliar, undocumented log processing codebase from a former developer. The system is designed to ingest logs from three interacting microservices (Alpha, Beta, and Gamma), reconstruct their causal timeline, and corr"
llm-inference-batching-scheduler,8,task_003232_8eda3668,TMax-15K,3,3,3,3,Implement a plan cost estimator that sums per-operation costs over a plan tree; reading a cost model is the first move here too.,You are a Database Administrator tasked with migrating and optimizing execution plans from a legacy document database to a new graph database. We need a cost estimator to evaluate NoSQL/Graph query execution plans. The costs for fundamental
llm-inference-batching-scheduler,9,automl__smac3-1069,SWE-Rebench-Tasks-Clean,4,3,2,3,Fix racing so configurations worse than the incumbent are rejected; the accept/reject logic of a budgeted search over candidate plans.,A git repository with the project this issue is about is checked out somewhere under / (commonly /<project-name>). Find it and work there. Racing: Configs worse than existing incumbent are not rejected `bug` <!-- Instructions For Filing a B
llm-inference-batching-scheduler,10,task_001330_31f79b9a,TMax-15K,4,1,3,3,Assignment where naive greedy fails by taking the only option a tightly-constrained item had; the same trap with only 8 shapes available.,"You are helping fix a broken custom build and packaging script for a distributed system. In `/home/user/system_build/`, there is a Python script named `build_pack.py` and a directory called `configs/` containing configuration files for mult"
log-summary-date-ranges,1,task_000722_0ff34afb,TMax-15K,5,5,3,4,"Per-level INFO/WARN/ERROR counting over log files, with the specific trap of level words appearing inside message text.",You are tasked with debugging a regression in a data processing script using `git bisect` and your Bash skills. You have been provided with a Git repository at `/home/user/log_processor` which contains a Bash script named `process_logs.sh`.
log-summary-date-ranges,2,elastic__curator-603,SWE-Rebench-Tasks-Clean,5,4,2,4,Parse the date out of an artifact's name with a timestring and select those inside a relative age window. Both halves of this task.,A git repository with the project this issue is about is checked out somewhere under / (commonly /<project-name>). Find it and work there. Fix regex to not escape non-special characters. I am having some indices in elasticsearch whose namin
log-summary-date-ranges,3,task_000927_43407097,TMax-15K,4,5,3,4,"Logs named app_<YYYY-MM-DD>.log carrying LEVEL records; date comes from the filename, selection from the level.","You are a backup administrator responsible for archiving critical system logs. We have an old proprietary archiving tool, but the source code is lost. You only have the compiled, stripped executable located at `/app/arc_tool`. Your goal is "
log-summary-date-ranges,4,task_000766_d807ec60,TMax-15K,4,5,4,4,"Time-bucketed log counts with zeros for empty buckets, written to summary.csv with an exact header and sort order.","You are a log analyst investigating access patterns for a web server. You have been given a raw log file located at `/home/user/raw_logs.log`. This file contains web server access logs, but it has a few issues: 1. It contains mixed characte"
log-summary-date-ranges,5,task_000788_164b1ca2,TMax-15K,4,4,4,4,"Per-day counts over a full calendar month into a Date,Count CSV, including days with no events. Calendar-window aggregation.",You are tasked with processing a log file generated by a configuration manager tracking server changes over time. The raw log file is located at `/home/user/raw_config_events.txt`. The log file has the following pipe-separated format: `TIME
log-summary-date-ranges,6,elastic__curator-1175,SWE-Rebench-Tasks-Clean,4,4,2,4,The relative 'period' date-range filter works for one artifact type but not another; debugging relative-window selection logic.,A git repository with the project this issue is about is checked out somewhere under / (commonly /<project-name>). Find it and work there. Delete snapshots not working with period filter I'm trying to run 'delete_snapshots' action with 'per
log-summary-date-ranges,7,rts_task_86fc9ae7ab9a99c8d46262aa,Recursive-Task-Synthesis,4,3,3,4,"An explicitly inclusive 30-day window anchored on a reference point, with per-day counts inside it.","Create an activity report and a diff summary for the repository at https://github.com/courses-ionio/dokey.git. Clone the repository into /app/git_environment/dokey, then inspect the git history to determine which file changed most often in "
log-summary-date-ranges,8,tw_314564,TerminalWorld-Seeds-Clean,4,3,3,4,"Counts per day from 30 days ago through today, one day at a time; the inclusive rolling window plus a daily histogram in shell.","Create a visualization of the daily commit frequency for the Git repository at `https://github.com/courses-ionio/dokey.git`. Clone the repository into `/app/git_environment/dokey`, then analyze the commit history to count the number of comm"
log-summary-date-ranges,9,arrow-py__arrow.1d70d009.lm_rewrite__oj8wtjgv,SWE-Smith-Seeds-Clean,4,4,2,4,Wrong span endpoints with exact=True and open bounds - the inclusive/exclusive boundary bug that silently corrupts last_7_days.,"Title: Inconsistent Span Calculation with Exact=True and Open Bounds Description (last modified by [Your Name]) After the recent changes, there seems to be an issue with the `span` method when using `exact=True` and open bounds. The method "
log-summary-date-ranges,10,task_001965_7830fc0b,TMax-15K,4,5,3,4,"Accept only the exact level tokens and skip everything else, then bucket by time and aggregate. Same strict-token plus windowing.","You are an operations engineer investigating performance patterns from a high-throughput API gateway. We have a raw text log file that requires strict validation, time-based bucketing, and summary aggregations to identify potential bottlene"
mailman,1,tw_1060,TerminalWorld-Seeds-Clean,5,3,5,4,"Configure an installed daemon and its data files until a real protocol query against it returns the right answer. Same shape, different protocol.","Configure a local authoritative DNS server so that a reverse DNS (PTR) lookup for the IP address `198.101.245.14` returns a valid PTR record. When queried against the local server (`dig @127.0.0.1 -x 198.101.245.14`), the response must have"
mailman,2,task_000544_bb764ab4,TMax-15K,4,5,4,4,"Two mail-path services are misconfigured and cannot talk; fix the config so mail flows, then parse the messages correctly.","You are the site administrator for a platform that automatically provisions user accounts via email requests. The system consists of multiple microservices that have become misconfigured, and it lacks proper sanitization, making it vulnerab"
mailman,3,task_004180_1658d3d8,TMax-15K,4,5,4,4,"Bring a mailing-list architecture back up: SMTP receiver plus worker under supervision, with the unix accounts it needs.","You are an assistant helping a backup operator test the restore procedure of a legacy mailing list architecture. The system relies on a local SMTP receiver, a Redis instance, and an archive worker. We need to restore the environment, set up"
mailman,4,tw_321921,TerminalWorld-Seeds-Clean,4,4,5,4,"A mail daemon is squatting the port the target service needs, and the firewall blocks it; resolve both and leave the service reachable.","The Apache HTTP server (`httpd`) is configured to listen on port `5001`, but port 5001 is currently blocked by `sendmail` and the firewall is not configured to allow traffic on that port. Make `httpd` running and accessible on port 5001. Po"
mailman,5,task_004496_9337bdc3,TMax-15K,4,5,4,4,"Stand up an SMTP mailing-list integration together with other services, all running under one account. Multi-service mail bring-up.","You are a deployment engineer tasked with rolling out a local deployment pipeline and an audio-processing microservice. Because you do not have root access, all services must run under your user account (`/home/user/`) and use unprivileged "
mailman,6,task_000482_d54c11a6,TMax-15K,3,5,4,4,"Drive a mailing-list server's setup tool to produce its config, make it idempotent, then verify mail actually landed in the spool.","You are a backup operator testing the restore process of a custom mailing list server configuration in a staged deployment environment. You need to automate the configuration of a restored interactive setup tool, ensure the deployment scrip"
mailman,7,tw_14495,TerminalWorld-Seeds-Clean,4,3,5,4,"Install a server daemon from its vendor repo, set the hostname it depends on, and leave it running, listening and enabled.",Set up a fully functional Puppet Master on the server. Configure the system hostname to `do1.elsotanillo.net`. Install the Puppet Master service using the official PuppetLabs repository for Debian. The Puppet Master service must be running 
mailman,8,rts_task_478a3e0a7c6967e4c91eba91,Recursive-Task-Synthesis,4,3,4,4,"Keep one setting consistent between a live database and an /etc config file, starting the service if it is down. Two-sided daemon configuration.","Ensure the configuration setting `services.use.kamailio` is set to `true` in both the PostgreSQL `asterisk` database and in `/etc/asterisk/kamailio.conf`. The database stores settings in the `setup` table. If PostgreSQL is not running, star"
mailman,9,tw_12554,TerminalWorld-Seeds-Clean,4,3,4,4,"Install the package, change the bind directive in its /etc config, then restart and enable the service. The core loop of this task.",Create a Vagrant environment in `/app` that provisions an Ubuntu 14.04 LTS (trusty64) virtual machine with Redis installed and configured via Ansible using Vagrant's built-in Ansible provisioner. The `/app/Vagrantfile` should define a VM ba
mailman,10,scrapy__scrapy.35212ec5.pr_5406,SWE-Smith-Seeds-Clean,4,5,2,4,"Real SMTP work: fix STARTTLS negotiation and make the TLS mode configurable. Same protocol, from the sending side.",Fix SMTP STARTTLS for Twisted >= 21.2.0 ## Summary The [Mail settings](https://docs.scrapy.org/en/latest/topics/email.html#topics-email-settings) don't have an option to choose a TLS version. Only to enforce upgrading connections to use SSL
make-doom-for-mips,1,task_003109_dc7395ac,TMax-15K,5,5,5,5,Build uses the host compiler instead of the cross-compiler and fails to link; fix it to cross-build and link a static archive for the target.,You are tasked with fixing a build and testing pipeline for a multi-file Rust project located in `/home/user/project`. The project is a WebSocket server written in Rust that processes a custom data structure. It offloads the heavy processin
make-doom-for-mips,2,tw_334878,TerminalWorld-Seeds-Clean,5,5,5,5,"Statically build a C library for a non-native target, link the application against it, and produce an artifact node executes. Same pipeline end to end.","Compile Fennel 0.4.1 (the `launcher.fnl` entry point, with all required Lua/Fennel sources bundled) into a WebAssembly module using Emscripten, producing a runnable Node.js artifact at `/root/Tools/Fennel/fennel.js` alongside `/root/Tools/F"
make-doom-for-mips,3,task_004105_5eccba35,TMax-15K,5,5,4,4,A foreign-architecture binary must run under a user-mode emulator; debug why the emulated process fails. Cross-build plus emulator runtime.,You are an SRE investigating an outage. Our newly deployed multi-service architecture in `/home/user/app/` is failing. The architecture consists of: 1. An Nginx reverse proxy configured via `/home/user/app/nginx.conf` (listening on 127.0.0.
make-doom-for-mips,4,tw_6033,TerminalWorld-Seeds-Clean,5,4,5,4,Point someone else's build system at a bare-metal cross-compiler prefix and get it to compile through. Retargeting an unfamiliar build.,"Build the LainOS v0.0.3 operating system from its source repository. Clone the project from `https://github.com/lain-dono/lainos.git`, configure the build environment with the appropriate cross-compiler toolchain prefix (`i586-elf-`), and c"
make-doom-for-mips,5,task_001621_5acb66a7,TMax-15K,5,5,4,4,Teach a Makefile to select a cross gcc per target architecture and name outputs accordingly. The precise Makefile edit this task needs.,"You are a Build Engineer responsible for managing artifacts and build pipelines for a mathematical signal processing project. In `/home/user/signal_project/`, there is a small C project consisting of `main.c`, `poly_filter.c`, `poly_filter."
make-doom-for-mips,6,conan-io__conan.86f29e13.func_pm_remove_assign__vt2zl5s6,SWE-Smith-Seeds-Clean,4,5,2,4,GNU triplet generation is wrong specifically for mips and mips64 - the triplet is what names the MIPS cross toolchain.,"GNU triplet generation fails for certain architectures Description It seems that the recent changes have affected the generation of GNU triplets for specific architectures. When attempting to generate triplets for `mips`, `mips64`, and `s39"
make-doom-for-mips,7,tw_135422,TerminalWorld-Seeds-Clean,5,5,4,4,Build binutils as a cross-toolchain for a target triplet with sysroot and library paths set. Building the cross toolchain itself.,Compile and install the Binutils 2.27 package as part of an LFS (Linux From Scratch) cross-toolchain build. The source tarball `binutils-2.27.tar.gz` is located in `$LFS/sources`. Binutils must be configured as a cross-compiler targeting `$
make-doom-for-mips,8,rts_task_24702e8563eef351a1c3cedd,Recursive-Task-Synthesis,4,4,5,4,"Cross-build, confirm with file that the ELF is the right architecture, run it under the emulator and check the output. Same verification chain.","Complete the unfinished ARM64 assembly program at `src/promedio.s` and update the `Makefile` to assemble and link the source, producing the final executable at `bin/promedio`. The expected output and validation criteria are defined in `rewr"
make-doom-for-mips,9,task_001149_2439a852,TMax-15K,4,5,4,4,A Makefile hardcoding the wrong cross-compiler breaks the build; diagnose toolchain selection inside someone else's Makefile.,"You are an edge computing engineer deploying a new sensor data filtering daemon to a fleet of IoT devices. The devices receive JSON payloads from local sensors, but recent firmware bugs in the sensors have resulted in malformed and oversize"
make-doom-for-mips,10,tw_713382,TerminalWorld-Seeds-Clean,4,4,5,4,"Write the Makefile that drives the cross toolchain, then run the foreign-arch binary under the emulator for an exact stdout.","Write an ARM64 Assembly program that searches for a substring within a main string and reports the position where it was found. The program should search for the substring `""Dagger""` within the main string `""Mercy y Dagger son personajes mu"
make-mips-interpreter,1,task_007807_8998d4c1,TMax-15K,5,4,5,5,"Write a register-machine interpreter in C from a written ISA spec: PC, registers, fixed 32-bit encoding, relative jumps, sign extension, file output.","I am migrating a legacy numerical processing system from Python 2 to Python 3. The system consists of a Python script that compiles a custom mathematical assembly language into a proprietary bytecode, and a C-based Virtual Machine (VM) that"
make-mips-interpreter,2,task_000330_15b96164,TMax-15K,5,4,4,5,"Build a 4-byte-instruction VM decoding opcode and register fields from a bytecode file, fuzz-compared against a reference implementation.","A former developer left behind an unfinished string-processing virtual machine (VM) that they used to organize, sort, and merge project files. They also left a voice memo detailing the exact behavior of the missing opcodes. You need to comp"
make-mips-interpreter,3,task_000246_a1b7a5cc,TMax-15K,5,4,4,4,C bytecode interpreter over a raw byte stream with little-endian immediates that must match an oracle VM on arbitrary input.,"I need you to develop a small virtual machine utility in C that evaluates mathematical expressions encoded in a custom bytecode. The specification for this bytecode, including the hexadecimal opcode mappings and a required modulo constant f"
make-mips-interpreter,4,task_001481_3bacc41d,TMax-15K,5,4,4,4,Reverse-engineer a stripped emulator's instruction set and reimplement it natively with identical stdout and error behaviour.,"As a release manager preparing for an infrastructure migration, you need to replace a legacy C-based evaluation service with a modern Python WebSocket architecture. The current service relies on an undocumented, stripped binary located at `"
make-mips-interpreter,5,task_001395_746fbd2e,TMax-15K,4,4,4,4,Implement a two-register VM in C++ that parses and executes a custom assembly language with an execution quota and exit-code contract.,"You are a platform engineer maintaining a CI/CD pipeline for a custom hardware emulator. We have a new requirement to implement a minimal Virtual Machine (VM) in C++ that interprets a custom assembly language, along with an end-to-end (E2E)"
make-mips-interpreter,6,task_000258_60a61045,TMax-15K,4,4,4,4,Encode instructions to exact little-endian bytecode and then emulate that byte stream - both halves of the assemble/execute pipeline.,"You are an integration developer tasked with creating a tool to test a legacy API endpoint. The API does not accept JSON or XML; instead, it accepts a custom binary payload that acts as bytecode for a small virtual machine on the server. Yo"
make-mips-interpreter,7,task_000386_43121cfd,TMax-15K,4,4,3,4,"Implement an emulator for an assembly instruction set and register file taken from a spec document, then report final register state.",You are an integration developer building a custom API for a retro-computing emulator service. We have received a specification document as an image located at `/app/arch.png`. This image contains the architectural specifications for our ne
make-mips-interpreter,8,tw_134335,TerminalWorld-Seeds-Clean,5,4,4,4,Emulate a custom-architecture binary under radare2 ESIL with an external interrupt handler and manual register/memory manipulation.,"You have a disk image `disk.img` containing code compiled for the `dan32` architecture, and a Ruby script `./out.rb` that acts as an interrupt handler. Your objective is to emulate the execution of this binary using radare2's ESIL framework"
make-mips-interpreter,9,task_004729_e3cd8799,TMax-15K,4,4,3,4,"Reimplement a bytecode interpreter (operand fetch, wrapping 8-bit ALU, halt semantics) to match a stripped reference binary exactly.",You are a QA engineer tasked with migrating our testing environment off a legacy proprietary testing tool. We have a legacy tool located at `/app/legacy_chksum_bin` (a stripped binary). This tool is a simple bytecode interpreter used to val
make-mips-interpreter,10,d0c-s4vage__pfp-112,SWE-Rebench-Tasks-Clean,5,4,3,4,"Fix interpreter semantics in pfp, a binary-template interpreter, so a DEX template with uleb128 decoding matches the reference implementation.",A git repository with the project this issue is about is checked out somewhere under / (commonly /<project-name>). Find it and work there. Pfp implicit array handling doesn't match 010's ## Describe the bug Found this when trying to use the
mcmc-sampling-stan,1,task_008944_ba409078,TMax-15K,5,5,4,5,"Sample a Beta-Binomial posterior by Metropolis-Hastings and compare with the exact conjugate result: same likelihood, prior family and posterior-mean output.",You are a data scientist validating a custom MCMC sampling algorithm against an analytical solution. You need to write a Python script `/home/user/validate_mcmc.py` that samples from the posterior of a Beta-Binomial model using the Metropol
mcmc-sampling-stan,2,task_000371_d0ff3ecb,TMax-15K,5,5,4,5,"Binomial data with a Beta prior, a 110k-iteration MH chain with burn-in, and a posterior mean validated against the analytical value.","You are a machine learning engineer preparing baseline synthetic training data for a downstream Bayesian neural network. Your task is to generate samples from a known mathematical posterior to serve as a gold-standard dataset, combining MCM"
mcmc-sampling-stan,3,task_000496_927a035b,TMax-15K,5,5,4,5,"Configure a library sampler with prescribed walkers, steps, seed and burn-in and report posterior means - the rstan::sampling recipe in another PPL.",I am a computational biology researcher modeling a synthetic gene circuit. I need your help to analyze some sequence and expression data. There are two parts to this task. **Part 1: Promoter Sequence Alignment** I have a genome file located
mcmc-sampling-stan,4,pymc-devs__pymc-7637,SWE-Rebench-Tasks-Clean,5,5,2,4,PyMC sampling is no longer deterministic under a supplied seed; identical reproducibility contract to TB2.1's seed=1 over four chains.,A git repository with the project this issue is about is checked out somewhere under / (commonly /<project-name>). Find it and work there. Sampling with generators as seeding no longer deterministic ### Description This was revealed in http
mcmc-sampling-stan,5,task_009085_092b7aa8,TMax-15K,4,5,4,4,"Random-walk MH for a Bayesian regression posterior with seeded RNG and burn-in, cross-validated against the closed-form OLS solution.","You are acting as a data scientist fitting a Bayesian linear regression model. You have a dataset located at `/home/user/data.csv` containing 100 observations. The file has three columns: `x1`, `x2`, and `y`. You are modeling this as $y_i ="
mcmc-sampling-stan,6,pyro-ppl__numpyro-1914,SWE-Rebench-Tasks-Clean,4,5,2,4,MCMC yields no posterior samples because every site is deterministic - reasoning about what a PPL model block actually declares as sampled.,A git repository with the project this issue is about is checked out somewhere under / (commonly /<project-name>). Find it and work there. MCMC returns no samples when model contains deterministic variables only # Steps to reproduce ```pyth
mcmc-sampling-stan,7,task_002777_9a954190,TMax-15K,4,5,4,4,"Stand up the scientific environment, install the sampler, then fix the likelihood's integrator so the MCMC converges: install-plus-sample in one task.","I am an ML engineer preparing training data to train a Neural ODE on the dynamics of a Van der Pol (VDP) oscillator. To generate the dataset of parameters, I am using an MCMC method to sample the oscillator's stiffness parameter `mu` from a"
mcmc-sampling-stan,8,task_001025_b4f73035,TMax-15K,4,5,3,4,"Repair an emcee pipeline and emit posterior means of three parameters after burn-in, the same extract-the-chain-and-average step.",I am a bioinformatics analyst working on modeling the mutation load of a viral sequence over time. I have written a Python script located at `/home/user/mcmc_mutations.py` which attempts to use Markov Chain Monte Carlo (MCMC) to fit a dynam
mcmc-sampling-stan,9,pyro-ppl__numpyro-1918,SWE-Rebench-Tasks-Clean,4,5,2,4,MCMC.run fails after warmup with an ensemble kernel; the warmup/iterations/chains driver layer TB2.1 must configure correctly.,"A git repository with the project this issue is about is checked out somewhere under / (commonly /<project-name>). Find it and work there. `MCMC.run` gets error after `MCMC.warmup` with `AIES` Hi, I get an error when I `MCMC.run` after `war"
mcmc-sampling-stan,10,task_001820_0ad61bdb,TMax-15K,3,5,3,3,"Exactly TB2.1's data shape - trials and successes per group, Binomial likelihood, Beta prior, posterior mean per group - but solved in closed form.",You are an AI assistant helping a scientific researcher organize and analyze a collection of experimental datasets. The researcher has left several raw data files in the directory `/home/user/datasets/`. You need to write and execute a Pyth
merge-diff-arc-agi-task,1,task_003045_a0576d1c,TMax-15K,5,4,4,4,"Resolve a conflicting patch so the merged file keeps both sides' fields, then implement a parser to a written spec - both TB2.1 halves in one task.",You are an open-source maintainer reviewing a broken Pull Request (PR) for a custom API Gateway project. The PR aims to introduce a new schema for the backend API and add a streaming log redactor to sanitize sensitive tokens before they hit
merge-diff-arc-agi-task,2,tw_123496,TerminalWorld-Seeds-Clean,5,5,4,4,Backport a commit onto another branch where it conflicts and resolve the conflicted file so the branch is consistent afterwards.,Resolve a cherry-pick conflict in the CPython repository using the `cherry_picker` tool. A cherry-pick operation for commit `7bd8d3e794782582a4ad1c9749424fff86802c3e` targeting branch `3.6` has been initiated but encounters a merge conflict
merge-diff-arc-agi-task,3,task_004452_0a1fc499,TMax-15K,4,4,4,4,"Apply a conflicting contributor patch by hand, keep the pre-existing behaviour, then fix and build the code the merge brought in.",You are the maintainer of an open-source Web Application Firewall (WAF) simulator called `BashWAF`. A contributor has submitted a Pull Request (PR) to improve the system by adding a Go-based bytecode interpreter to safely sandbox and evalua
merge-diff-arc-agi-task,4,rts_task_0e80e89c4dcb4386ccb28bb9,Recursive-Task-Synthesis,4,5,4,4,"Produce a git bundle of a branch and then integrate that branch into the mainline - bundles and branch integration together, as TB2.1 requires.","In the repository at `/root/git-katas/rebase-branch`, initialize the kata environment (run the setup script located in that directory if needed). Create a backup of the original `uppercase` branch before any modifications: generate a git bu"
merge-diff-arc-agi-task,5,tw_42586,TerminalWorld-Seeds-Clean,4,5,4,4,"Create two named branches in one repo, each with its own file content and commit: the exact branch1/branch2 end state before the merge.","Create two new Git branches in the repository at the current working directory. The first branch, `feature-one`, should contain a `README.md` with the content `Super solution` and a commit with the message `Problem solved`. The second branc"
merge-diff-arc-agi-task,6,jelmer__dulwich-1160,SWE-Rebench-Tasks-Clean,4,5,2,4,"Fetch fails because the object store cannot accept pack data; a bundle is a packfile with refs, so this is the ingestion path TB2.1 drives.","A git repository with the project this issue is about is checked out somewhere under / (commonly /<project-name>). Find it and work there. AttributeError: 'MemoryObjectStore' object has no attribute 'add_pack_data' Hi, I just updated from `"
merge-diff-arc-agi-task,7,task_000121_a56b5844,TMax-15K,4,3,3,3,"Given only samples and a black-box oracle, infer the governing rule and make it robust on a hidden evaluation set, as ARC hidden tests demand.","I am a researcher running Monte Carlo simulations of a newly discovered nonlinear dynamic system. Unfortunately, our simulation pipeline sometimes produces unphysical ""glitch"" trajectories alongside the valid ones. I need you to build a cla"
merge-diff-arc-agi-task,8,task_001862_8c16c6ce,TMax-15K,3,3,4,3,"Make the function in algo.py satisfy every case in a JSON example file - same artifact, same harness, same pass-all-examples criterion.","You are tasked with fixing a buggy Python algorithmic module and writing an end-to-end test orchestrator to verify the fix. In `/home/user/`, you will find two files: 1. `algo.py`: Contains a function `longest_path(graph, start_node)` that "
merge-diff-arc-agi-task,9,jelmer__dulwich-1073,SWE-Rebench-Tasks-Clean,4,5,2,3,reset_index is broken: writing a tree out to index and worktree is what 'checked out into a local branch' actually means.,A git repository with the project this issue is about is checked out somewhere under / (commonly /<project-name>). Find it and work there. Repo.reset_index is broken Suppose I have a repository with a staged file: ```bash mkdir test-repo cd
merge-diff-arc-agi-task,10,task_000005_162ed362,TMax-15K,4,2,3,3,Deduce a transformation only by probing an oracle and reimplement it so it agrees on every input in range - pure induction from I/O pairs.,"We have a local data processing pipeline that relies on a vendored Python package, `datashaper-1.2.0`, located at `/app/datashaper-1.2.0`. There is a systemd user service configured for this package, but it continuously fails to start. Your"
model-extraction-relu-logits,1,task_001030_45a9959c,TMax-15K,5,5,4,5,"Recover a hidden linear layer's matrix behind a ReLU by querying an oracle with basis vectors, then reproduce its output exactly - the same attack, smaller.","You are a machine learning engineer tasked with preparing a training data pipeline for a speech-to-intent model. This involves setting up the environment, extracting tabular features from audio transcripts, and reconstructing an undocumente"
model-extraction-relu-logits,2,task_000650_2f478e87,TMax-15K,5,4,4,4,Design synthetic queries against a stripped binary and fit them to recover its exact coefficients; query design plus numerical parameter recovery.,"You are a data analyst and performance engineer. We have a legacy proprietary scoring model compiled as a stripped executable located at `/app/legacy_scorer`. This binary is used to process CSV files, but it is too slow for our new inferenc"
model-extraction-relu-logits,3,task_000082_fd111b7f,TMax-15K,4,4,3,4,Estimate gradients of an objective by central finite differences at a prescribed step - the probe TB2.1 uses to find each ReLU's kink.,"You are a data scientist attempting to fit an implicit, non-linear physical model to a reference dataset. The relationship between the independent variable $x$ and the dependent variable $y$ is governed by the following implicit equation: $"
model-extraction-relu-logits,4,task_004626_3fabad28,TMax-15K,4,3,4,4,Craft inputs for a stripped binary to deduce the exact function it computes and reimplement it equivalently - pure black-box inference.,"I am a researcher organizing a massive dataset of academic citations. As part of our data comprehension pipeline, we rely on a custom ""Influence Centrality"" metric to identify key papers. We have a legacy tool, provided as a stripped binary"
model-extraction-relu-logits,5,tw_125882,TerminalWorld-Seeds-Clean,4,3,4,4,Recover a hidden constant by solving the constraints a binary imposes through dynamic symbolic execution rather than by guessing.,Your task is to find the magic constant required by the `test_afl_dse` binary. You are provided with a Python script (`afl_dse.py`) and AFL results (in `findings/queue/`) which you can use to solve the constraints via miasm's Dynamic Symbol
model-extraction-relu-logits,6,task_004647_5bcf5b9d,TMax-15K,4,3,3,3,"Generate probe data, observe an oracle's input-output pairs and identify the transformation it applies before reimplementing it.","You are a Machine Learning Engineer responsible for preparing training data for a new anomaly detection model. We have a legacy data cleaning tool located at `/app/oracle_processor`. It is an old, stripped, and undocumented binary. It reads"
model-extraction-relu-logits,7,pyg-team__pytorch_geometric-8143,SWE-Rebench-Tasks-Clean,4,4,2,3,"Eigenvector permutation invariance fails under floating-point differences - comparing objects defined only up to permutation and sign, as TB2.1 grades A1.",A git repository with the project this issue is about is checked out somewhere under / (commonly /<project-name>). Find it and work there. `test/transforms/test_add_positional_encoding.py::test_eigenvector_permutation_invariance` fails with
model-extraction-relu-logits,8,task_001285_c68f2d42,TMax-15K,4,2,3,3,Script a systematic parameter sweep over a black box to deduce its formula instead of reading its disassembly.,"You are a monitoring specialist migrating an old monitoring stack. We have a legacy, closed-source alerting agent located at `/app/legacy_alerter`. This stripped binary evaluates system metrics and determines the alert severity state. Your "
model-extraction-relu-logits,9,tw_229615,TerminalWorld-Seeds-Clean,4,3,4,3,Solve symbolically for the input a binary accepts; recovering unknowns of an opaque function by constraint solving.,"Use symbolic execution to find the correct input for the binary located at `/app/angr-doc/examples/CSCI-4968-MBE/challenges/crackme0x00a/crackme0x00a`. The binary accepts user input and prints ""Congrats"" when the correct password is provide"
model-extraction-relu-logits,10,task_003103_c5ee5fa5,TMax-15K,2,5,3,3,"A 10-input MLP with a ReLU hidden layer, numpy weights and .npy vectors - TB2.1's exact object, with the weights handed over instead of stolen.","I am a researcher organizing a dataset of mathematical vectors, and I need your help filtering them based on a pre-trained neural network. I have a set of 50 `.npy` files in the directory `/home/user/dataset/`. Each file contains a 1D NumPy"
modernize-scientific-stack,1,task_001928_166ebd41,TMax-15K,5,5,5,5,"Write a new py3 script replacing a py2 CSV processor, fixing print syntax, str/bytes mixing and encoding, and matching a baseline output exactly.","You are tasked with helping a developer migrate a legacy data processing pipeline from Python 2 to Python 3. The pipeline handles data files with mixed character encodings, sorts and merges them, and verifies the output. You also need to se"
modernize-scientific-stack,2,task_001372_52718284,TMax-15K,5,4,5,5,"Leave the py2 original alone and author a py3 equivalent at a new path that translates print, xrange and integer division with identical output.","You are tasked with migrating a legacy Python 2 script to Python 3. The script acts as a simulated REST API backend that processes video frames and performs a simple image analysis. In your environment, there is a video file located at `/ap"
modernize-scientific-stack,3,alteryx__woodwork-1533,SWE-Rebench-Tasks-Clean,5,5,3,4,"Replace the deprecated pandas frame.append with pandas.concat across a codebase - swapping a dead API for its modern equivalent, in pandas itself.",A git repository with the project this issue is about is checked out somewhere under / (commonly /<project-name>). Find it and work there. Stop using df.append in codebase to resolve warning - In building the Featuretools docs I saw this wa
modernize-scientific-stack,4,task_002571_56be1524,TMax-15K,4,4,4,4,"Port a py2 CSV-reading script to py3, handling stdout decoding and the exact printed format, then automate the build and test.",I am migrating an old data processing pipeline from Python 2 to Python 3. The pipeline consists of a Python script that reads CSV data and passes it to a custom command-line interpreter written in C. The files are located in `/home/user/pip
modernize-scientific-stack,5,task_000953_1d76c7c3,TMax-15K,4,4,4,4,"Find and remove the py2 remnants (comparator sorting, dict iteration) that crash the ported service under Python 3.","I've been migrating an old Python 2 API backend to Python 3, but I'm running into errors and I need your help to fix them and test the system. The project is located in `/home/user/api_project`. It consists of a custom REST API built with `"
modernize-scientific-stack,6,rts_task_96a22e8b553ac94c19c977e9,Recursive-Task-Synthesis,4,5,4,4,"Consult the README for the CSV's declared encoding and delimiter, then load it correctly - the read-config-then-read-CSV step TB2.1 requires.","Use the `rows` CLI tool (install from the `turicas/rows` GitHub repository, `develop` branch) to import CSV data into PostgreSQL. The CSV is packaged inside the archive `/app/Downloads/receitas_candidatos_doador_originario_2022_BRASIL.tar.g"
modernize-scientific-stack,7,pandas-dev__pandas.95280573.pr_48050,SWE-Smith-Seeds-Clean,4,5,2,3,Make pandas' encoding argument default correctly to utf-8 when unset; the precise behaviour behind 'read the CSV with UTF-8 encoding'.,"ENH: Add option to `read_sas` to infer encoding from file, then use encoding ### Feature Type - [X] Adding new functionality to pandas - [X] Changing existing functionality in pandas - [ ] Removing existing functionality in pandas ### Probl"
modernize-scientific-stack,8,task_001192_a47265df,TMax-15K,4,4,3,3,Read py2-pickled data under py3 and reproduce a legacy checksum over raw bytes rather than unicode - the canonical str/bytes port trap.,"You are migrating a legacy data processing pipeline from Python 2 to Python 3. As part of the migration testing, you need to verify that historical serialized data can still be read and validated correctly using the new Python 3 environment"
modernize-scientific-stack,9,pycqa__bandit-999,SWE-Rebench-Tasks-Clean,4,4,2,3,Correct a checker that still references urllib/urllib2 entry points removed in Python 3; demands exact knowledge of what py3 dropped.,A git repository with the project this issue is about is checked out somewhere under / (commonly /<project-name>). Find it and work there. urllib.urlopen does not exist in Python 3 ### Describe the bug The blacklist calls plugin checks for 
modernize-scientific-stack,10,tw_100135,TerminalWorld-Seeds-Clean,3,5,4,3,Convert raw NASA GISS temperature records into a clean CSV - the same climate tabular-data processing the modernized analyzer performs.,Your task is to process unstructured NASA GISS temperature data and convert it into a clean CSV format. Download the sample data from `http://stash.compciv.org/2017/nasa-gistemp-sample.txt`. Extract the 4-digit year and the first temperatur
mteb-leaderboard,1,task_004288_74a75666,TMax-15K,5,4,4,5,"Drop records failing a completeness/validity rule, average the remaining scores, argmax: structurally identical to the MTEB Mean (Task) pick.",You are an MLOps engineer troubleshooting an experiment tracking pipeline. Recent updates have introduced a silent data corruption issue where some integer ID columns were converted to floats or `NaN` values due to a faulty Pandas transform
mteb-leaderboard,2,task_008938_9ee68be3,TMax-15K,4,4,4,4,Select the single best model configuration from a benchmark-results log subject to a threshold; same constrained argmax over model rows.,You are an MLOps engineer tasked with cleaning and analyzing experiment tracking artifacts to identify the most efficient model that meets our accuracy standards. You have been provided with an experiment log file at `/home/user/experiments
mteb-leaderboard,3,task_003685_7502ce0e,TMax-15K,4,4,3,4,Group experiment runs and return the configuration with the highest mean accuracy; the aggregation core of the MTEB question.,You are an MLOps engineer tasked with analyzing experiment artifacts and reconstructing the best model architecture for testing. You have been provided with an experiment log file at `/home/user/experiments.csv`. This file contains the resu
mteb-leaderboard,4,task_000660_1a27985b,TMax-15K,4,5,3,4,"Compare two candidate text-embedding models and commit to the better one; the same embedding-model choice, measured rather than looked up.","You are a Machine Learning Engineer preparing training data and evaluating models for a new text classification pipeline. We have a local embedding service that hosts two candidate embedding models, but we don't know which one has better in"
mteb-leaderboard,5,task_003386_05a05def,TMax-15K,4,4,3,4,"Build a per-model mean_cv_accuracy table then identify the highest scorer; argmax over a model-score table, exact output paths.","You are an MLOps engineer tasked with building a reproducible experiment pipeline. We have a raw dataset located at `/home/user/raw_data.csv`. Your objective is to create a Python script that processes this data, engineers new features, tra"
mteb-leaderboard,6,task_002195_f8b28fed,TMax-15K,4,4,3,4,Select the best model run from an experiment-tracking dump while joining metrics with embeddings; model selection plus embedding domain.,You are an MLOps engineer tasked with retrieving the most relevant and efficient model experiment from a tracking server's file dump. You have been given two files in your home directory (`/home/user/`): 1. `artifacts.csv`: Contains metadat
mteb-leaderboard,7,task_004300_d95264b2,TMax-15K,3,4,3,3,Score several models against ground truth and identify the best performer; evaluate-then-rank-models with a named answer.,"You are an MLOps engineer auditing an experiment tracker's data. In the directory `/home/user/mlops_data`, you have a ground truth dataset and predictions from several models. Your goal is to validate the model outputs, evaluate their accur"
mteb-leaderboard,8,tw_276310,TerminalWorld-Seeds-Clean,4,2,4,3,"Open an unfamiliar tabular format with its own library, average columns, write an exactly specified answer file; same shape, other domain.","Analyze the ROOT file at `/app/file.root`, which contains a TTree named `myTree`. Compute the mean of all columns across all entries in the tree, as well as the mean of the `pt_x` column specifically. Write the results to `/app/result.json`"
mteb-leaderboard,9,rts_task_aa3db4f023400748db590c7d,Recursive-Task-Synthesis,3,2,3,3,"Discover an opaque results file's structure via its CLI, then compute the configured summary statistics; explore-library-then-aggregate.","Inspect the ROOT file /app/file.root with ROOT command-line tools to determine its contents and identify the name of the TTree it contains. Then, process that TTree according to the specifications in /app/config/. Produce: - /app/result.txt"
mteb-leaderboard,10,alteryx__evalml-1221,SWE-Rebench-Tasks-Clean,4,4,2,3,Work inside an AutoML rankings/full_rankings leaderboard table; teaches how model-versus-score leaderboards are assembled and scored.,A git repository with the project this issue is about is checked out somewhere under / (commonly /<project-name>). Find it and work there. Add validation column to `rankings` and `full_rankings` computed from 1st CV fold Add a `validation_s
mteb-retrieve,1,task_003184_6024c47e,TMax-15K,5,5,5,5,"Same task with k=3: install sentence-transformers, embed documents and a query with a named model, cosine-rank, write the exact top matches.","You are assisting a data science researcher who is organizing a large, messy directory of dataset metadata. The researcher wants to test a semantic search pipeline to find datasets that match specific research queries. Your task is to build"
mteb-retrieve,2,task_009339_2e902d57,TMax-15K,5,5,4,5,"Embed a corpus and a query with sentence-transformers, cosine-compare, and write the single most similar item's identifier to a file.","I need a reproducible, multi-language data pipeline to process a CSV of mathematical concept descriptions, compute semantic embeddings, and retrieve the most relevant concept for a specific query. Here is the setup: You are provided with a "
mteb-retrieve,3,task_007919_9f671c59,TMax-15K,4,4,4,4,"Corpus is one sentence per line; embed, cosine against a query, return top-3 0-indexed line numbers, exactly the off-by-one hazard here.","You are a Machine Learning Engineer preparing a lightweight retrieval system. You have been provided with two files in your home directory (`/home/user/`): 1. `corpus.txt`: A small dataset of sentences, one per line. 2. `word_vectors.csv`: "
mteb-retrieve,4,task_003078_2ecd85ff,TMax-15K,4,4,4,4,Encode a query with an opaque embedding tool and return the top_k most similar documents by cosine from a document store.,"I need you to build a specialized ETL pipeline and serving layer for a new semantic analysis project. We have a proprietary, closed-source legacy tool that generates specialized document embeddings. The tool has been compiled into a strippe"
mteb-retrieve,5,task_001841_ca029bee,TMax-15K,4,4,4,4,Embed the query with the same vectorizer used for the corpus and return the top 5 by cosine; identical query-vs-corpus consistency requirement.,I need your help setting up a data processing and similarity search pipeline for our ML training data. We have a multi-service architecture running locally: 1. A Redis instance running on port 6379. 2. A Flask API running on port 5000 (curr
mteb-retrieve,6,task_003704_3cde6594,TMax-15K,4,5,4,4,Loads all-MiniLM-L6-v2 via sentence-transformers and runs embedding-based retrieval over a filtered corpus; same library and phase structure.,"You are a Data Scientist tasked with cleaning a messy dataset of product descriptions generated by a previous pipeline. The dataset is located at `/home/user/noisy_descriptions.csv` (you will need to assume it is there, but I have provided "
mteb-retrieve,7,tw_323887,TerminalWorld-Seeds-Clean,4,5,4,4,Drive an unfamiliar embedding library to train models and emit a cosine similarity; embedding API plus exact single-value output file.,"Use the CADE (Compass-Aligned Distributional Embeddings) library in `/app` to measure how the word ""like"" has shifted in meaning between two text corpora. A compass model should be trained on `compass.txt`, then two slice models trained on "
mteb-retrieve,8,rts_task_abd2d2db375ec35a34770513,Recursive-Task-Synthesis,4,5,4,4,"Embedding models trained via a library, cosine similarity written as one exact float; same library-to-exact-answer chain.","Measure the semantic shift of ""like"" between sample_text_1.txt and sample_text_2.txt using CADE. Train the compass and slice models, using the git repository's commit history to recover the correct embedding size. Write the resulting cosine"
mteb-retrieve,9,task_003205_4267f918,TMax-15K,4,5,3,4,Deterministic chunking plus sentence-transformers/all-MiniLM-L6-v2 encoding; the exact model-loading and encoding discipline mteb requires.,"You are a data engineer building an ETL pipeline that processes, indexes, and serves semantic searches over audio recordings of customer support calls. Your goal is to build an end-to-end pipeline that transcribes an audio file, chunks the "
mteb-retrieve,10,rts_task_fe9b38379292388dd5e39009,Recursive-Task-Synthesis,4,5,4,4,"Uses a provided venv, logs the installed embedding-library version, then embeds and cosine-compares; rehearses pinned-version library work.","Use the CADE library in /app to measure the semantic shift of ""like"" between sample_text_1.txt and sample_text_2.txt. Activate the provided virtual environment at /app/env and log the installed CADE package version to /app/cade_version.txt."
multi-source-data-merger,1,task_009065_79ba1fe5,TMax-15K,5,5,5,5,"Identical setup: CSV, JSON and Parquet sources with different column names unified to one schema, written as Parquet plus a structured JSON report.","You are an automation specialist for a health-tech company. We receive heart rate monitoring data from various smartwatches and medical devices. Because different devices use different telemetry backends, the raw data arrives in multiple fo"
multi-source-data-merger,2,task_002650_61b2beb7,TMax-15K,5,5,4,5,"Parquet, CSV and JSON sources whose key column is named differently (id vs user_id), unioned and joined on that key into an exactly-keyed output.",I need you to help me clean and merge some messy user review datasets from different regional databases. I'm building a multi-stage data processing pipeline in Python. I have three files located in `/home/user/raw_data/`: 1. `users.parquet`
multi-source-data-merger,3,task_005278_e150eff8,TMax-15K,4,4,4,4,Multi-format reading with explicit schema unification across two channels before further processing; the field-mapping core of this task.,"You are a data scientist preparing a dataset for a customer support chatbot model. You have two raw datasets of customer interactions from different channels that need to be unified, cleaned, aggregated, and reshaped. Your task is to write "
multi-source-data-merger,4,task_002333_9fc62ff2,TMax-15K,4,5,4,4,Consolidate CSV and JSONL sources into a single Parquet file while removing records duplicated across runs; merge-key dedup into Parquet.,"You are an automation specialist tasked with building a robust ETL pipeline. Your team processes user data from various sources (CSV and JSONL formats) into a consolidated Parquet file. However, the pipeline often fails mid-execution and is"
multi-source-data-merger,5,rts_task_a3615b3d3cbf853cca0fb73c,Recursive-Task-Synthesis,4,3,4,4,"Merge two objects resolving key conflicts by a documented rule, emit merged.json, then validate against a schema and write a report.","In the `/app` directory, the `extra-object` npm package is already available. Look inside `/app/config`. You will find two configuration objects, an error log from a previous merge attempt, and a schema. Examine the error log to determine h"
multi-source-data-merger,6,task_002307_b945c419,TMax-15K,4,4,4,4,Legacy systems dump different formats and schemas; map their differing field names onto one exact record shape. Pure schema-mapping ETL.,"You are tasked with building a configuration management ETL pipeline to track server configuration drift. Configuration changes are dumped by different legacy systems into a raw directory, using different formats and schemas. You must write"
multi-source-data-merger,7,facebookresearch__fvcore.a491d5b9.lm_rewrite__ipg0fu5k,SWE-Smith-Seeds-Clean,4,3,2,4,Values from multiple base configs must merge with correct precedence; the source_a > source_b > source_c rule as a debugging problem.,"# Configuration inheritance not working correctly with multiple base files <!-- Summary. --> I've discovered an issue with the `load_yaml_with_base` method in the `CfgNode` class. When using multiple base configuration files, the inheritanc"
multi-source-data-merger,8,task_000326_43906003,TMax-15K,4,4,4,4,Merge and deduplicate user dumps while standardizing mixed date inputs to YYYY-MM-DD; the date-format criterion graded here.,"You are acting as a data engineer assisting a data scientist. We receive daily dumps of user data and activity logs that need to be cleaned, deduplicated, and merged before analysis. Your task is to build a data pipeline that processes thes"
multi-source-data-merger,9,task_000270_92b7693a,TMax-15K,4,3,3,4,"Among records sharing a key, keep only the highest-priority one; the per-key winner selection that drives both outputs here.","You are a localization engineer fixing a messy dataset. An ETL job that pulls translations from our translation management system failed and retried, resulting in duplicate records. Additionally, some records were corrupted during extractio"
multi-source-data-merger,10,tw_647708,TerminalWorld-Seeds-Clean,4,3,4,4,Combine two CSVs with different column sets and emit an exactly-shaped derived table; join plus strict output schema.,"Given two CSV files at `/app/bears.csv` and `/app/sightings.csv`, compute combined area statistics and save the result to `/app/area_stats.csv`. `/app/bears.csv` has columns `Bear ID`, `Last detected`, `Area`, and `Score`. Compute per-area "
nginx-request-logging,1,task_005935_cd483540,TMax-15K,5,5,5,5,"Write an nginx.conf on port 8080 with limit_req_zone plus limit_req keyed by client IP and burst, explicit log paths, then start nginx. Same directives.","You are a release manager preparing a local deployment service to serve release notes to internal tools. You need to process the latest release notes, set up a secure local Python server to serve them, and place it behind a rate-limited rev"
nginx-request-logging,2,task_007982_fd0af271,TMax-15K,5,5,4,5,"Standalone nginx.conf with an http block, a server on 8080, a named sized limit_req_zone keyed by IP, and separate access and error logs.","You are an infrastructure engineer setting up a new polyglot build system. As part of this, you need to migrate an old build database, write a manifest transformer, and set up a rate-limited reverse proxy for build triggers. Perform the fol"
nginx-request-logging,3,task_004858_d0a2763f,TMax-15K,4,5,4,4,"Make a broken Nginx server listen on 8080 and serve correctly, then harden it; the configure-then-prove-it-responds loop graded here.","You are a system administrator tasked with fixing a broken web service and securing it. We have a local web application stack in `/home/user/app_stack/`. It consists of an Nginx reverse proxy and a Python backend. When properly configured, "
nginx-request-logging,4,task_003556_76a04b16,TMax-15K,4,5,4,4,An nginx.conf for port 8080 that refuses to run must be fixed and kept running; config-syntax validation plus service lifecycle.,"You are tasked with fixing a broken web application setup and creating a reliable process supervision mechanism. Currently, there is an Nginx configuration file at `/home/user/nginx/nginx.conf` designed to listen on port 8080 and proxy requ"
nginx-request-logging,5,task_005436_d605aece,TMax-15K,4,5,4,4,"Author a multi-directive Nginx config (TLS, upstreams, writable paths) that must actually start and balance traffic.","Hello! I need you to set up a local load balancer with TLS termination using Nginx, but it must run entirely without root privileges. Here are the specific requirements: 1. **Environment Variables**: Add environment variables `BACKEND_A=900"
nginx-request-logging,6,tw_529969,TerminalWorld-Seeds-Clean,4,4,5,4,Bring a web server up on a non-standard port with every system prerequisite so it runs without errors; same end-state-is-a-working-server grading.,Configure an Apache HTTPS web server (`httpd` with `mod_ssl`) that listens on a non-standard port. The server must be fully operational — serving HTTPS traffic on TCP port **10368** — with all necessary system-level configurations in place 
nginx-request-logging,7,task_001011_daf5764a,TMax-15K,4,5,4,4,"Generate Nginx server blocks from a route spec; forces knowing which directive belongs in which context, the crux of limit_req_zone placement.",You are a script developer building a utility to automate reverse proxy deployments for a set of microservices. Your task is to write a script in a language of your choice that performs the following steps: 1. Read a YAML file located at `/
nginx-request-logging,8,task_007670_4ef18312,TMax-15K,4,5,3,4,Debug a 502 from an Nginx proxy on localhost:8080 by reading its error log back to the offending directive.,"You are a Linux systems engineer tasked with hardening and fixing a local development environment. A developer has set up an Nginx reverse proxy to front a Python-based web application, but they are receiving a 502 Bad Gateway error when tr"
nginx-request-logging,9,tw_321921,TerminalWorld-Seeds-Clean,4,4,4,4,Make a web server genuinely reachable on a chosen port by clearing a conflicting listener and the firewall; port-binding reachability work.,"The Apache HTTP server (`httpd`) is configured to listen on port `5001`, but port 5001 is currently blocked by `sendmail` and the firewall is not configured to allow traffic on that port. Make `httpd` running and accessible on port 5001. Po"
nginx-request-logging,10,rts_task_d3290515a5700373e22d7dad,Recursive-Task-Synthesis,4,4,5,4,Install and configure a web server against a long requirement checklist and replace the default index with custom pages; same genre and depth.,"Set up a fully functional Apache web server with PHP, SSL, the latest Adminer tool, and the required PHP extensions (curl, gd, intl, mbstring, mysql, soap, xml, xmlrpc, zip). Replace the default index page with a custom welcome page at `ind"
openssl-selfsigned-cert,1,rts_task_7c2c9533c50d05a84a2b2980,Recursive-Task-Synthesis,5,5,5,5,"openssl-generated self-signed X.509 with a required CommonName plus its key, each at an exact permission mode. Same artifacts, same permission grading.",Set up the host certificate directory for the CE node `simple-lc-node0.cern.ch` on this Central Manager machine. The directory `/etc/simple_grid/host_certificates/simple-lc-node0.cern.ch/` must contain `hostcert.pem` (permissions `644`) and
openssl-selfsigned-cert,2,task_000475_b509da2d,TMax-15K,5,5,5,5,"Self-signed RSA-2048 CA and leaf certs, an exact permission mode enforced on the key, and a Python script that loads the certificate: all three distinctive steps.","You are a DevSecOps engineer tasked with securing a microservice's authentication layer. The current system is vulnerable to a JWT ""algorithm confusion / none algorithm"" attack, has unsecured cryptographic material, and lacks strict network"
openssl-selfsigned-cert,3,task_000575_10c82d13,TMax-15K,5,5,4,5,"Create the directory, generate a 2048-bit RSA key and a self-signed X.509 cert valid 365 days with a named CN; steps 1 through 3 verbatim.","You are a security engineer analyzing a suspicious network service deployed on your system. You need to secure the application, isolate it, and audit the environment. Perform the following tasks: 1. **TLS Certificate Management**: The servi"
openssl-selfsigned-cert,4,task_002770_06806953,TMax-15K,5,5,4,5,Drive openssl non-interactively to emit a self-signed RSA-2048 cert and key valid 365 days for a given Common Name.,"You are a deployment engineer preparing an automated, interactive rollout script for a local development proxy. We need a Bash script that sets up a user-space Nginx reverse proxy with TLS, ensuring developers can securely test local servic"
openssl-selfsigned-cert,5,tw_358114,TerminalWorld-Seeds-Clean,5,5,4,5,Certificates whose Organization and CN must be literal specified strings; setting the subject fields exactly is what the verifier checks here.,"Using the `2cca.py` tool located at `/app`, set up a three-tier PKI hierarchy inside `/app/test/`: a root CA with organization ""Example Org"" and CN ""RootCA"", an intermediate CA signed by ""RootCA"" with CN ""IntermediateCA"", and an end-entity "
openssl-selfsigned-cert,6,rts_task_f11853d9765a4a3c191f8018,Recursive-Task-Synthesis,4,5,4,4,"Write a report containing the certificate's Subject, Issuer and SHA-256 fingerprint: the exact contents required of verification.txt.",Set up the infrastructure for an OP-TEE PKCS#11 demonstration environment. Clone the `meta-optee-demo` Yocto layer from `https://github.com/vesajaaskelainen/meta-optee-demo` into `/workspace/meta-optee-demo` (must be a valid Yocto layer). I
openssl-selfsigned-cert,7,rts_task_75542adcd1bb4680a7cdedc0,Recursive-Task-Synthesis,4,5,4,4,Check a certificate's subject with openssl and record its SHA-256 fingerprint from openssl x509 -fingerprint; the same two invocations.,The Simple Grid configuration under /etc/simple_grid/ defines the target certificate storage and the identity of the CE node on this machine. Your job is to deploy the host certificate and key from the root home directory (~/hostcert.pem an
openssl-selfsigned-cert,8,task_001163_eb9fe538,TMax-15K,4,5,4,4,Generate a self-signed 2048-bit RSA server.crt and server.key valid 365 days under /app; identical artifact names and validity.,You are a DevSecOps engineer responsible for enforcing policy as code. We have a C-based microservice called `policy-daemon` located at `/app/policy-daemon`. It uses a vendored lightweight networking library located at `/app/vendored/mongoo
openssl-selfsigned-cert,9,rts_task_7be15613a8f6e653a6c64eb1,Recursive-Task-Synthesis,4,5,3,4,"Extract subject CN, issuer CN and expiry date from a certificate with openssl; the field extraction both verification.txt and check_cert.py require.",You are in a Linux environment with Docker CLI installed. Set up a secure Docker‑in‑Docker (DinD) environment following the official `docker` image documentation on Docker Hub: create Docker volumes named `some-docker-certs-ca` (Name=some-d
openssl-selfsigned-cert,10,task_000784_672a48fb,TMax-15K,4,5,3,4,Pull the Issuer Common Name out of a PEM certificate with openssl or Python cryptography; the certificate-inspection half of this task.,"You are acting as a compliance analyst. You need to prepare an internal network audit trail for external auditors. The raw logs contain sensitive payment information, are symmetrically encrypted to prevent tampering, and must be cryptograph"
overfull-hbox,1,rts_task_55ca4a0dc153fe57ea58ae65,Recursive-Task-Synthesis,4,5,3,4,"Same compiler: must run pdflatex repeatedly and read its log until cross-references resolve, on a real .tex file.","Clone the `metanorma/tex2mn` GitHub repository to `/tex2mn`. Copy all Metanorma class files (`Metanorma.*`) into the `examples/` directory. Compile `showcase.tex` to a valid PDF using standard LaTeX tooling (such as `pdflatex`), making sure"
overfull-hbox,2,kozea__weasyprint-2416,SWE-Rebench-Tasks-Clean,5,4,2,4,"A word that cannot be hyphenated overflows its line - the exact mechanism producing an overfull hbox, debugged in a layout engine.",A git repository with the project this issue is about is checked out somewhere under / (commonly /<project-name>). Find it and work there. Hyphenation not working when a nbsp is present elsewhere in the word I am not sure whether this is a 
overfull-hbox,3,tw_287590,TerminalWorld-Seeds-Clean,4,5,3,4,Compile a .tex against a third-party LaTeX class to a valid PDF; the whole task is driving pdflatex off its own errors.,"The `metanorma/tex2mn` GitHub repository contains a LaTeX document class for Metanorma. Clone the repository, copy all Metanorma class files (`Metanorma.*`) into the `examples/` directory, and compile `showcase.tex` to PDF using the Metanor"
overfull-hbox,4,rts_task_891c28df009cf61e04497265,Recursive-Task-Synthesis,4,5,4,4,Must re-run pdflatex until a specific artifact ('??') disappears from the PDF - iterate-until-the-TeX-diagnostic-is-gone.,"Convert https://dimitristzer.github.io/online-cv/ into a PDF at /app/bio.pdf. Ensure the PDF contains no placeholder artifacts (such as '??'). Remove all pdflatex auxiliary files (e.g., .aux, .log, .out, .toc) from your working directory, l"
overfull-hbox,5,task_000764_a5d0f875,TMax-15K,4,1,4,4,"Exhaustive search over a small discrete option space, each candidate scored by invoking an external program - the synonym search loop.",You are acting as a data scientist analyzing noisy spectroscopy data. We need to build a reproducible pipeline that smooths raw signals and fits a 2-component Gaussian mixture model to find the peak locations. Here is your task: 1. **Compil
overfull-hbox,6,rts_task_8c3c874eeb0e8e539b6a1d81,Recursive-Task-Synthesis,4,5,3,4,pdflatex itself is broken and must be diagnosed from its output before any document compiles; deep familiarity with the TeX toolchain.,The CV webpage from `https://vivikara.github.io/online-cv/` has been downloaded to `/app/online-cv/index.html`. Convert this HTML file into a PDF document and save the result at `/app/result.pdf`. The pdflatex command on this system is curr
overfull-hbox,7,adrienverge__yamllint.8513d9b9.func_basic__qnpsltuo,SWE-Smith-Seeds-Clean,4,2,2,3,Line-length rule and non-breakable tokens: deciding when an over-width line can be fixed by rewording and when it cannot.,# Line length rule incorrectly identifies non-breakable inline mappings I've found an issue with the line length rule in yamllint. It's incorrectly identifying inline mappings as non-breakable when they actually are breakable. ```yaml # Thi
overfull-hbox,8,task_000607_a15537ed,TMax-15K,4,1,4,3,"Iteratively refine until an opaque external scorer passes, while minimising how much the input is perturbed.","You have inherited an unfamiliar, undocumented log processing codebase from a former developer. The system is designed to ingest logs from three interacting microservices (Alpha, Beta, and Gamma), reconstruct their causal timeline, and corr"
overfull-hbox,9,rts_task_43cc74334db986776223ef6b,Recursive-Task-Synthesis,4,2,4,3,Resolve every documentation build warning until the build emits zero; the build-read-warnings-edit-rebuild loop in a different renderer.,"Build the HTML documentation for the Sphinx project at /media/sf_livro-de-soa. Follow the full workflow described in BUILD_INSTRUCTIONS.md: clean caches, resolve all build warnings so the final build outputs zero warnings, enable Brazilian "
overfull-hbox,10,pycqa__docformatter-143,SWE-Rebench-Tasks-Clean,4,2,2,3,Text refuses to wrap to the configured width; diagnosing why a reflow engine leaves a line over the limit.,"A git repository with the project this issue is about is checked out somewhere under / (commonly /<project-name>). Find it and work there. No wrapping when there is a paragraph break example: ```python def func(): """"""My awesome function. Th"
password-recovery,1,task_003508_09ead467,TMax-15K,5,5,4,5,Recover a specific named deleted file from a raw ext4 image - identical to recovering deleted launchcode.txt from the /app filesystem.,"A junior DevOps engineer accidentally deleted a critical system trace log and then ran a buggy script that caused our log processing pipeline to hang. We need you to step in, perform forensic recovery, and fix the processing pipeline. Here "
password-recovery,2,task_003280_ccd04de0,TMax-15K,5,5,4,5,"Recover an rm'd file via a running process's open fd in /proc; canonical Linux deleted-file recovery, the exact core skill.","I am a performance engineer profiling our C++ log data processing tool. During a recent test, the application unexpectedly crashed. I was analyzing the specific input file (`/tmp/crash_data.txt`) that caused the crash, but I accidentally de"
password-recovery,3,tw_18610,TerminalWorld-Seeds-Clean,4,3,4,4,Recover a password from raw captured bytes and reconstruct its exact final form; recover-and-reconstruct a secret from unstructured data.,"Analyze the network capture file at `/home/flag08/capture.pcap` to recover a password that was transmitted over the network. The capture contains a TCP session where a user typed a password, including backspace corrections (represented as `"
password-recovery,4,task_007450_eb5326aa,TMax-15K,4,4,4,4,Carve a deleted script from a raw memory dump and extract a fixed-format key; recovery plus pattern-constrained string extraction.,"You are an operations engineer triaging a critical incident where a legacy data processing pipeline has suddenly crashed. The original Python parser script was accidentally deleted during the incident, and the encrypted event logs have been"
password-recovery,5,task_006731_0fd0f6ff,TMax-15K,4,3,3,4,Scan raw bytes for markers then brute-force a password over a known charset/length - the byte-search and constrained-guessing the TB2.1 task needs.,"You are a penetration tester who has extracted a local authentication binary from an embedded device's firmware. The binary file is located at `/home/user/auth_server`. Through prior reverse engineering, you know the authentication mechanis"
password-recovery,6,task_004052_623d2091,TMax-15K,4,3,4,4,Recover deleted source from bytecode and crack a 4-char password of known charset; recover-deleted-data plus constrained guessing together.,"You are acting as a security auditor. During a recent internal network review, you discovered a residual authentication script used by the sysadmins to verify permission tokens locally. The original source code was deleted, leaving only a c"
password-recovery,7,tw_289006,TerminalWorld-Seeds-Clean,4,3,3,3,"Recover crackme passwords, the last by brute force since it is never stored; extract secrets not held in plaintext, with a bounded search.","Three crackme binaries (`1stcrackme`, `2ndcrackme`, `3rdcrackme`) are located in `/app/Crackit-GCI/`. Each binary prompts for or accepts a password — reverse-engineer all three to discover their passwords. The first two binaries store their"
password-recovery,8,rts_task_14723a04fd9db0451a0fdf78,Recursive-Task-Synthesis,3,2,4,3,Recover deleted credentials that are gone from the tree and identify the deleting commit; recover-a-deleted-secret with a forensics report.,"Configure rclone with a new remote named liara for S3-compatible object storage. The required credentials (access key ID, secret key, endpoint) are no longer present in /repo — they were tracked in git but the file was later deleted. Recove"
password-recovery,9,rts_task_0de8de88d5d2ea0f1352b639,Recursive-Task-Synthesis,3,2,3,3,Extract a password then validate it against all schema rules before writing it - mirrors checking a recovered password against a strict format.,WebGoat is running at http://localhost:8080/WebGoat. The SQL Injection (advanced) lesson exposes a blind SQL injection vulnerability that can be used to retrieve the password of user 'tom'. Your goal is to exploit that vulnerability and ext
password-recovery,10,pyca__cryptography-12286,SWE-Rebench-Tasks-Clean,3,3,2,3,Password-protected private key loading and decryption; the crypto/password-handling skill behind recovering a secret behind a passphrase.,A git repository with the project this issue is about is checked out somewhere under / (commonly /<project-name>). Find it and work there. Inconsistency with password behavior between load_pem_private_key() and load_ssh_private_key() I noti
path-tracing,1,task_004627_eee00941,TMax-15K,4,2,4,4,"Probe a black-box binary and reconstruct the exact generating transform, scored by MSE - infer-the-generator-from-its-output, the core of reproducing a rendered image.",You are tasked with cleaning a corrupted dataset of continuous sensor embeddings and reconstructing the legacy transformation model that originally generated them. We have a legacy tool located at `/app/sensor_encoder`. This is a stripped L
path-tracing,2,task_000009_8e53cc34,TMax-15K,4,2,4,4,Implement a numerical algorithm in C from a spec and match a reference to precision with careful float ordering and -lm; write-C-that-reproduces-a-numeric-target.,"You are tasked with replacing a legacy scientific computing module that calculates a custom spectral distance metric between two signals. The original source code was lost, but we have a reference binary and a screenshot of the mathematical"
path-tracing,3,task_000014_a15a2b8a,TMax-15K,3,3,3,3,"Produce output scoring >=0.90 SSIM to a target image while as small as possible - the same similarity-threshold-plus-minimize objective, on images.",You are a cloud architect migrating a legacy video processing service to a new staged deployment architecture. The legacy service retrieves traffic camera footage from a secure vault and optimizes it for low-bandwidth network transmission. 
path-tracing,4,task_000033_899176aa,TMax-15K,4,2,3,3,Reverse-engineer a decompressor from behavior to a bit-exact reference; reconstruct a generating program with only its I/O to go on.,You are an artifact manager tasked with recovering corrupted binary repositories. We have a proprietary artifact repository system that stores incremental backups of ELF binaries in a custom Write-Ahead Log (WAL) format. The blobs inside th
path-tracing,5,task_000140_a41de773,TMax-15K,4,2,3,3,Reverse-engineer a legacy packer and write a bit-exact replacement; infer an algorithm from outputs and reimplement it exactly.,"You are acting as a backup administrator for a legacy Linux system. We have a proprietary backup archiving tool located at `/app/legacy_packer`. Unfortunately, we lost the source code for this tool years ago, and we are migrating to new env"
path-tracing,6,task_000683_630e99e7,TMax-15K,3,3,3,3,"Recover the data behind a rendered matplotlib image - the inverse of rendering, in the image domain, reasoning about how the plot was drawn.","As a machine learning engineer, I need you to set up a C++ based data processing service for our training pipeline. We have a corrupted matplotlib plot saved as an image, and we need to extract its underlying data to run some hypothesis tes"
path-tracing,7,task_000089_caf1443c,TMax-15K,4,2,3,3,"Reconstruct a tool bit-exact to an oracle binary; black-box behavioral reconstruction, same skill as inferring a renderer from its output.","You are a forensics analyst investigating a compromised Linux host. The attacker utilized an authentication bypass vulnerability (CWE-287) in a custom token service by enforcing an `alg: none` header, allowing them to forge tokens. We have "
path-tracing,8,task_003696_4aabd92d,TMax-15K,3,3,3,3,Build a reproducible C pipeline over image frames computing pixel statistics and similarity; C image processing driven by a similarity objective.,"I am a researcher organizing a dataset of video frames. I have a video file located at `/app/dataset_video.mp4`. I need to build a reproducible pipeline in C to process video frames, extract basic structural features (like average brightnes"
path-tracing,9,amueller__word_cloud.ec24191c.combine_file__9bx7cdni,SWE-Smith-Seeds-Clean,3,3,2,3,Fix a library that lays out and renders content to an image; the closest procedural image-generation code anywhere in the pool.,# WordCloud generates incorrect output and fails to render images ## Description I've discovered several issues with the WordCloud library that make it unusable in my project: 1. The `process_text` method returns a list instead of a diction
path-tracing,10,rts_task_6788e1acde34b028d2d8628f,Recursive-Task-Synthesis,3,1,4,3,"Discover the exact required output format from a reference plus a dummy, then reproduce it - reverse-engineer-the-target-from-examples, minus the graphics.","Produce a validation report at /app/report.txt confirming a consistency check between computed square-root results and a reference dataset. First, explore /app to locate the reference data and the validation tool. Run the tool with the refe"
path-tracing-reverse,1,task_000764_177f2810,TMax-15K,5,5,5,5,"Reverse-engineer a stripped binary and write a bit-for-bit-identical C replacement, no hardcoding, verified by fuzzing - the same task minus the gzip cap.","You are a data engineer tasked with migrating a legacy ETL pipeline. We have an old, undocumented data transformation component provided as a stripped binary at `/app/legacy_aggregator`. This binary is a crucial part of our stream processin"
path-tracing-reverse,2,task_000007_eadb8636,TMax-15K,5,5,5,5,"Recreate C source for a lost stripped binary, deducing its exact constants so output is bit-exact for any input; identical capability.","I am a researcher organizing a large collection of sensor datasets. A while ago, I wrote a C program to preprocess these datasets. The program takes a stream of raw 32-bit signed integers (representing raw sensor readings) from standard inp"
path-tracing-reverse,3,task_000049_6bcb6be6,TMax-15K,5,5,4,5,"Probe a stripped binary to deduce undocumented semantics, then write a bit-exact C++ reimplementation verified by fuzzing - reverse-then-reimplement.","You are a Database Reliability Engineer. We manage a complex, distributed database cluster where backups are taken as a graph of dependent jobs. We have a proprietary compiled utility, `/app/backup_route_calc`, that parses our backup depend"
path-tracing-reverse,4,task_004392_fea5bf15,TMax-15K,5,4,4,4,"Reverse a stripped stdin/stdout binary and reimplement it bit-for-bit without invoking it; the same not-invoke, fully-reimplement constraint.","You have inherited a legacy data processing system. The previous developer left behind a stripped compiled binary located at `/app/legacy_cleaner` that extracts human-readable text from corrupted data streams, but the original source code i"
path-tracing-reverse,5,task_000865_49720626,TMax-15K,4,5,4,4,Reverse a stripped token-validator oracle from its I/O and reimplement its decode/verify logic; binary RE plus behavioral reimplementation.,"You are a penetration tester analyzing a proprietary authentication mechanism. During an audit of a target system, you extracted a stripped binary located at `/app/token_validator`. This binary acts as a local oracle, verifying authenticati"
path-tracing-reverse,6,task_000140_a41de773,TMax-15K,4,5,4,4,Reverse-engineer a legacy packer and write a bit-exact replacement; infer an algorithm from a compiled artifact and reimplement exactly.,"You are acting as a backup administrator for a legacy Linux system. We have a proprietary backup archiving tool located at `/app/legacy_packer`. Unfortunately, we lost the source code for this tool years ago, and we are migrating to new env"
path-tracing-reverse,7,task_000089_caf1443c,TMax-15K,4,5,4,4,Write an analyzer binary bit-exact to a reference oracle in C; reconstruct a program from its observed behavior.,"You are a forensics analyst investigating a compromised Linux host. The attacker utilized an authentication bypass vulnerability (CWE-287) in a custom token service by enforcing an `alg: none` header, allowing them to forge tokens. We have "
path-tracing-reverse,8,task_000174_0212094d,TMax-15K,4,5,4,4,Reverse a stripped proprietary inspection binary and reproduce its decision logic; RE-a-binary-to-reimplement-its-behavior.,"You are a network engineer tasked with inspecting suspicious traffic on our internal network. We recently discovered that a legacy Intrusion Prevention System (IPS) edge node is using an undocumented, proprietary stripped binary located at "
path-tracing-reverse,9,tw_134335,TerminalWorld-Seeds-Clean,3,4,2,3,Reverse-engineer a compiled binary's control flow and emulate it end-to-end; the deepest binary-comprehension task outside TMax.,"You have a disk image `disk.img` containing code compiled for the `dan32` architecture, and a Ruby script `./out.rb` that acts as an interrupt handler. Your objective is to emulate the execution of this binary using radare2's ESIL framework"
path-tracing-reverse,10,d0c-s4vage__pfp-126,SWE-Rebench-Tasks-Clean,3,3,2,3,"Fix a binary-template interpreter parsing a PNG layout; reasoning precisely about an opaque binary format, the RE-adjacent skill.",A git repository with the project this issue is about is checked out somewhere under / (commonly /<project-name>). Find it and work there. Implicit (duplicate) arrays aren't working if not accessed as a struct/union's child ## Describe the 
polyglot-c-py,1,task_009068_ceebc4fa,TMax-15K,3,4,3,3,"A C program takes an integer argv and prints the nth term, driven from Python; the same gcc+python3 pairing and nth-from-argv contract, minus the single-file trick.","You are acting as a Release Manager preparing a new polyglot algorithmic microservice for deployment. The service consists of highly optimized C and Go binaries wrapped by a Python REST API. Your task is to orchestrate the build process, im"
polyglot-c-py,2,task_002422_ccc838ee,TMax-15K,3,3,3,3,Handle polyglot files that satisfy two format parsers simultaneously - the one-artifact-valid-under-two-grammars concept that defines a source polyglot.,You are acting as a security engineer analyzing a recent breach. The attacker exploited a file upload handler susceptible to path traversal by uploading polyglot files—files that are valid images but also contain malicious ELF headers or em
polyglot-c-py,3,pyccel__pyccel-264,SWE-Rebench-Tasks-Clean,3,4,2,3,Fix Python-to-C type conversion in a transpiler; mapping Python semantics onto C so both agree is the cross-language reasoning the polyglot needs.,A git repository with the project this issue is about is checked out somewhere under / (commonly /<project-name>). Find it and work there. Type conversions in expressions cause pyccel to fail The following code: ``` from pyccel.decorators i
polyglot-c-py,4,task_006029_c732f1f4,TMax-15K,3,4,2,3,Make a C Fibonacci implementation and its Python consumer build and agree; the C-and-Python-must-produce-identical-Fibonacci demand exactly.,"You are an engineer tasked with fixing a broken polyglot build process for a Python-based mathematical library called `polymath`. This library computes Fibonacci numbers using fast matrix exponentiation modulo `M`, implemented in C for perf"
polyglot-c-py,5,task_004333_0e912343,TMax-15K,3,4,2,3,Write/fix a C extension computing Fibonacci called from Python so outputs match; implementing the same routine in both languages.,"You are tasked with fixing a buggy C extension for Python, managing its dependencies, and using it to perform a schema migration and data backfill on an SQLite database. We have a project in `/home/user/project/` that calculates the sum of "
polyglot-c-py,6,pyccel__pyccel-2230,SWE-Rebench-Tasks-Clean,3,4,2,3,Reconcile a Python type annotation with generated C in a transpiler; the both-languages-consistent skill underlying a polyglot.,A git repository with the project this issue is about is checked out somewhere under / (commonly /<project-name>). Find it and work there. Variable already exists when using type annotation and result annotation ### Describe the bug When we
polyglot-c-py,7,task_005942_dfc48f98,TMax-15K,3,3,2,3,Compute the same Fibonacci via a compiled core and a Python driver and make them agree; cross-language algorithmic consistency.,"You are tasked with fixing a mathematical polyglot project located at `/home/user/math_polyglot`. The system computes the 93rd Fibonacci number using a fast iterative approach. For performance, the core math logic is written in Rust, which "
polyglot-c-py,8,tw_12315,TerminalWorld-Seeds-Clean,3,3,3,3,Get a Python script and a Haskell script to interoperate exactly on a serialized exchange; the make-two-languages-agree half of the task.,"You are provided with a Python script (`/app/t.py`) and a Haskell script (`/app/t.hs`) that use MessagePack for data serialization. Currently, there is an interoperability issue preventing them from correctly exchanging data. Your task is t"
polyglot-c-py,9,rts_task_59ae2da3d0ccc51f525f042a,Recursive-Task-Synthesis,3,2,3,2,"Write a quine whose output equals its own source; constructing source under a delicate self-consistency constraint, the closest thing to polyglot syntactic trickery.","Create a JavaScript quine — a program that outputs its own source code — and save it as `/app/quine.js`. When executed with Node.js, the program must print exactly its own source code to standard output, with the result saved to `/app/resul"
polyglot-c-py,10,tw_730164,TerminalWorld-Seeds-Clean,3,3,2,2,Exploit C preprocessor include-from-stdin tricks and compile; the preprocessor-abuse skill that makes the C side of a polyglot work.,Demonstrate how the C preprocessor can read from standard input by using `/dev/stdin` as an include path. You have two C source files to work with in `/app/`: `main2.c` (which includes `/dev/stdin`) and `file4.c` (which contains a `main` fu
polyglot-rust-c,1,tw_730164,TerminalWorld-Seeds-Clean,4,4,4,4,Makes the C preprocessor do something unintended via /dev/stdin include: closest thing in the pool to abusing compiler mechanics deliberately,Demonstrate how the C preprocessor can read from standard input by using `/dev/stdin` as an include path. You have two C source files to work with in `/app/`: `main2.c` (which includes `/dev/stdin`) and `file4.c` (which contains a `main` fu
polyglot-rust-c,2,task_006315_7ba72aba,TMax-15K,4,5,3,4,"One project, C UB and a Rust borrow error, both must compile; trains simultaneous rustc and C-compiler error reasoning","You are an engineer tasked with setting up a polyglot test pipeline from scratch for a project containing C and Rust components. The project is located at `/home/user/polyglot_project`. Currently, the build and tests are failing due to two "
polyglot-rust-c,3,rts_task_48df84de654aa6cc91465b6f,Recursive-Task-Synthesis,4,2,4,4,"Byte-constrained quine: construct a source that satisfies a hard self-referential syntactic property, same puzzle discipline","In `/app`, create a JavaScript quine: a program that prints its own source code exactly when run with Node.js. The required byte length of the quine is specified in `/app/config/quine_spec.json`. Before using that file, verify its integrity"
polyglot-rust-c,4,task_005942_dfc48f98,TMax-15K,3,5,3,4,"Rust Fibonacci exposed over the C ABI: same language pair and same computation, reconciling two views of one artifact","You are tasked with fixing a mathematical polyglot project located at `/home/user/math_polyglot`. The system computes the 93rd Fibonacci number using a fast iterative approach. For performance, the core math logic is written in Rust, which "
polyglot-rust-c,5,tw_317290,TerminalWorld-Seeds-Clean,4,2,4,3,Quine in JS; the double-reading of one source as both text and program is the transferable part,"Create a JavaScript quine — a program that outputs its own source code — and save it as `/app/quine.js`. When executed with Node.js, the program must print exactly its own source code to standard output, with the result saved to `/app/resul"
polyglot-rust-c,6,task_000113_5f736d5a,TMax-15K,3,5,3,3,Pipeline compiles a main.cpp with g++ and a main.rs with rustc: literally the two toolchains TB2.1 must satisfy,"You are a build engineer responsible for migrating a legacy artifact testing pipeline to Python. In `/home/user/workspace`, you will find: 1. A `src` directory containing a C++ file (`main.cpp`) and a Rust file (`main.rs`). 2. An artifact A"
polyglot-rust-c,7,task_006408_a7697452,TMax-15K,3,5,3,3,rustc linking a C shared library; forces understanding how Rust and C each name and see the same code,"You are a systems programmer debugging a C library linking issue for a hybrid C/Rust application. In `/home/user/matrix_app`, there is a Rust application `src/main.rs` that exposes a simple TCP server. It binds to a C shared library to perf"
polyglot-rust-c,8,pyccel__pyccel-2038,SWE-Rebench-Tasks-Clean,4,4,2,3,Must read emitted C against Python semantics; sustained two-language reasoning about a single program text,A git repository with the project this issue is about is checked out somewhere under / (commonly /<project-name>). Find it and work there. Modifications to a list via an assigned variable do not reflect in the original list ### Describe the
polyglot-rust-c,9,rts_task_59ae2da3d0ccc51f525f042a,Recursive-Task-Synthesis,4,2,4,3,"Second quine variant; exact-source construction verified by running, reinforces the same construction skill","Create a JavaScript quine — a program that outputs its own source code — and save it as `/app/quine.js`. When executed with Node.js, the program must print exactly its own source code to standard output, with the result saved to `/app/resul"
polyglot-rust-c,10,pygments__pygments.27649ebb.pr_2631,SWE-Smith-Seeds-Clean,3,4,2,3,"Rust token grammar (::, ->, #) mis-lexed; the polyglot trick lives precisely in these Rust lexical corners",# Rust lexer incorrectly tokenizes punctuation as Text ### Bug description The Rust lexer in Pygments is incorrectly tokenizing various Rust syntax elements as `Text` instead of `Punctuation`. This affects the syntax highlighting of Rust co
portfolio-optimization,1,task_000171_b8f5cb4d,TMax-15K,5,4,5,5,Skeleton C file plus Python binding plus benchmark.py with a hard speedup threshold: structurally the same task as TB2.1,"I'm working on a performance-critical request validation service. We currently have a pure Python rate limiter, but it's too slow for our throughput requirements. I started porting the token bucket rate limiting logic to C to be used via `c"
portfolio-optimization,2,task_003888_e6eb8949,TMax-15K,4,4,4,4,Fix the native build then optimise C until the harness measures 15x over the Python reference; same optimise-to-a-budget loop,I need you to fix and optimize a vendored C library so that we can use it in a minimal container environment. We have a custom C library for serialization and checksum calculation located at `/app/libfastcrc`. This library was intended to b
portfolio-optimization,3,task_004272_43e6cead,TMax-15K,4,5,3,4,build_ext extension whose float formula is wrong: correctness of the numeric kernel inside a C extension is the graded thing,You are an algorithmic performance engineer. We have an audio processing pipeline that is failing and producing incorrect results. The pipeline consists of a Python script (`/app/processor.py`) that reads time intervals from a SQLite databa
portfolio-optimization,4,task_003789_221005da,TMax-15K,4,4,4,4,Replaces an O(M*N) loop with a faster C++ kernel that must yield the identical value; same speed-without-drift tradeoff,"You are a performance engineer working on a scientific computing pipeline for a physics simulation. The lead scientist left you a voicemail with the parameters for the new reference distribution, but they are currently out of the office. Yo"
portfolio-optimization,5,task_001662_5e49cf92,TMax-15K,4,4,4,4,"Builds a PIC shared library, calls it from Python, times both and reports the speedup ratio; the measurement half done properly","You are a developer tasked with cleaning up a disorganized project, compiling a C extension, benchmarking it against a Python equivalent, and exposing the results via a reverse proxy. Your workspace is located at `/home/user/project`. Insid"
portfolio-optimization,6,task_005423_55489854,TMax-15K,4,5,3,4,build_ext linker fix plus a numerically stable variance algorithm in C; directly trains the 1e-10 agreement requirement,"You are a Site Reliability Engineer (SRE) investigating a failing metrics aggregator service. The service computes the mean and standard deviation of request latencies using a custom high-performance C extension for Python. Recently, the pi"
portfolio-optimization,7,task_001542_b8cc0717,TMax-15K,3,5,3,3,C extension for portfolio-style risk math: build_ext link failure plus float instability hunting in the same stack,"You are an operations engineer triaging a broken data processing pipeline. The pipeline uses a custom Python C-extension to perform fast risk calculations. However, the system recently underwent an OS migration, and the setup is currently b"
portfolio-optimization,8,task_003944_12979992,TMax-15K,3,3,4,3,Rewrite a slow Python baseline in C++ reproducing its aggregates exactly; same rewrite-for-speed-must-match-baseline genre,"You are acting as a log analyst investigating server performance patterns. We have a massive JSONL log file at `/home/user/server_logs.jsonl`. We previously wrote a Python script (`/app/baseline.py`) to process these logs, filter them, and "
portfolio-optimization,9,rts_task_e1c8c5fa243d311f29c1d6b6,Recursive-Task-Synthesis,3,4,3,3,"Build, install and call a custom Python C extension from a written spec: the build_ext-and-import mechanics TB2.1 assumes","You have a Python 3.7 virtual environment at /root/tmp/venv37bpim1. First, build and install a custom Python C extension module named `fastsum` inside that virtual environment according to the specification provided in the file `BUILD_SPEC."
portfolio-optimization,10,pypa__setuptools-4676,SWE-Rebench-Tasks-Clean,3,5,2,3,Debugs setup.py build_ext producing a mis-tagged C-extension wheel; deep familiarity with the exact build command TB2.1 runs,A git repository with the project this issue is about is checked out somewhere under / (commonly /<project-name>). Find it and work there. [BUG] Wheel ABI tag is wrong when building with debug build of Python 3.13 on Windows ### setuptools 
protein-assembly,1,task_001544_7d95dda4,TMax-15K,4,5,4,4,Designs nucleotide sequences against explicit constraints while querying an API for binding scores: both halves of TB2.1 in one task,"I need you to design DNA primers for a set of target sequences while minimizing off-target binding against a background genome. I have set up an internal alignment API that calculates off-target binding scores, but the services are not full"
protein-assembly,2,task_003839_04146172,TMax-15K,4,5,4,4,"Recover hidden design constraints, then judge sequences on Tm, GC and homopolymer rules; same checklist-compliance verification","You are a bioinformatics analyst responsible for building an automated quality-control pipeline for primer sequences. We have received a new batch of candidate primers, but they contain a mix of valid sequences and contaminated or poorly de"
protein-assembly,3,task_002586_51207d88,TMax-15K,3,5,3,3,Restriction-site location and reverse-complement overhang: the cloning-level sequence manipulation a gBlock design rests on,You are a bioinformatics analyst processing a recent batch of qPCR data and extracting cloning information from a sequence. Your tasks are as follows: 1. **Overhang Extraction**: You have a DNA sequence located in `/home/user/sequence.txt`.
protein-assembly,4,tw_338534,TerminalWorld-Seeds-Clean,3,5,3,3,Fetches canonical protein sequences from UniProt and makes them searchable; TB2.1's fetch-the-right-reference-sequence step,Your task is to download the Swiss-Prot FASTA amino acid sequences and create a BLAST protein database from them. The compressed FASTA sequences can be downloaded from `https://ftp.uniprot.org/pub/databases/uniprot/current_release/knowledge
protein-assembly,5,task_002599_c0a64d58,TMax-15K,3,5,3,3,Design primers and then verify their specificity against a reference; design-then-check over nucleotide sequences,"You are a bioinformatics analyst tasked with developing a C++ pipeline to design PCR primers, verify their specificity against a reference genome, and simulate the PCR amplification kinetics using an Ordinary Differential Equation (ODE). Yo"
protein-assembly,6,tw_569867,TerminalWorld-Seeds-Clean,3,5,3,3,Retrieves a protein entry from an RCSB-backed dataset: the PDB-id-to-sequence lookup TB2.1 must perform,"Use the `proteinshake` library to explore its dataset and task interfaces. Specifically, retrieve the first protein from the `RCSBDataset` and gather the train/test split indices along with a dummy output sample from the `EnzymeClassTask`. "
protein-assembly,7,task_001093_ed3a1a04,TMax-15K,3,5,3,3,Parses a PDB structure with its FASTA using biopython; the structure/sequence correspondence TB2.1 depends on,"You are an AI assistant helping a structural bio-data scientist analyze the spatial distribution of protein residues. You will need to write Python code to parse structural files, perform array manipulations to calculate physical properties"
protein-assembly,8,cogent3__cogent3-2269,SWE-Rebench-Tasks-Clean,3,5,2,3,Direct manipulation of named biological sequences in an alignment; the closest real sequence-handling work in the SWE corpora,"A git repository with the project this issue is about is checked out somewhere under / (commonly /<project-name>). Find it and work there. new_type Alignment **Describe the bug** after renaming sequences, then calling omit_gap_pos(), get a "
protein-assembly,9,task_006417_a70c9198,TMax-15K,3,5,3,3,Choose a diagnostic primer for a variant under biological criteria: constrained sequence selection rather than data analysis,"You are acting as a bioinformatics analyst. We are tracking a rapidly mutating viral strain and need to design a diagnostic primer for the most conserved genomic region. We have isolated three candidate regions (Region A, Region B, and Regi"
protein-assembly,10,stanfordnlp__string2string.c4a72f59.func_pm_ctrl_shuffle__1qgp29ly,SWE-Smith-Seeds-Clean,3,3,2,3,Smith-Waterman alignment correctness; the algorithm you need to confirm a designed sequence matches the reference protein,"Unexpected Behavior in Smith-Waterman Alignment I've encountered an issue with the Smith-Waterman alignment implementation. When attempting to align certain sequences, the output does not match the expected aligned substrings. Specifically,"
prove-plus-comm,1,tw_283245,TerminalWorld-Seeds-Clean,5,5,5,5,"The same theorem, spelled out as lemma1 a+0=a, lemma2 a+suc b=suc(a+b), comm by induction: the missing steps of the Coq proof, in Agda","Using the `agda-tac` interactive tactic REPL, prove commutativity of natural number addition for the `Demo` module. Work in `/workspace/`: create a supporting library at `/workspace/SmallLib.agda` and use `agda-tac` to interactively build t"
prove-plus-comm,2,rts_task_9bea742175cbc6b155920a37,Recursive-Task-Synthesis,5,5,5,5,Prove a+b=b+a and compile with Agda so verified interface files exist: coqc producing plus_comm.vo with a different kernel,"Prove commutativity of natural number addition for the `Demo` module using `agda-tac`, and compile the proof with Agda to produce verified interface files in `/workspace/`. First, confirm that Agda and `agda-tac` are installed, then ensure "
prove-plus-comm,3,rts_task_6a291fe3091645e67df2e8fe,Recursive-Task-Synthesis,5,5,5,5,Interactive tactic REPL proof of commutativity with an equality-reasoning helper library; the identical mathematical content,"Use the `agda-tac` interactive tactic REPL to prove commutativity of natural number addition. Work in `/workspace/`. First, create a supporting library at `/workspace/SmallLib.agda` that provides helper functions for equality reasoning, imp"
prove-plus-comm,4,rts_task_469ae9c3a2966eb3357a54fa,Recursive-Task-Synthesis,5,5,5,5,"Must first build sym/trans/cong then prove commutativity: teaches that the missing steps are auxiliary lemmas, not tactics","Use the agda-tac interactive tactic REPL to prove commutativity of natural number addition for the Demo module. Work in /workspace/. First, create a supporting Agda library module at /workspace/SmallLib.agda containing basic equality helper"
prove-plus-comm,5,rts_task_ad7d91f8736c2607f4dd916b,Recursive-Task-Synthesis,5,5,4,4,"Requires a hole-free module: closing every remaining goal, which is precisely what the incomplete Coq proof needs","Using `agda-tac`, prove commutativity of natural number addition for the `Demo` module. Work in `/workspace/`. Create a supporting library at `/workspace/SmallLib.agda` with the necessary helper definitions, then use `agda-tac` interactivel"
prove-plus-comm,6,rts_task_062c48c4e03486aab7ff1909,Recursive-Task-Synthesis,5,5,4,4,"Same commutativity proof built interactively from sym, trans and cong helpers","Using the `agda-tac` interactive tactic REPL, prove commutativity of natural number addition for the `Demo` module. Work inside `/workspace/`. First, create a supporting library at `/workspace/SmallLib.agda` that provides the necessary help"
prove-plus-comm,7,rts_task_d964e9090f1dde3103b00380,Recursive-Task-Synthesis,4,5,4,4,"Lemma statements are given, proofs are not, and Agda compilation must succeed with no errors: fill-in-the-proof judged by the checker","Work in /workspace. Create a support library `SmallLib.agda` with helper definitions for equality reasoning. The lemma signatures (names and types) you must prove are in `/workspace/requirements.txt`. Start `agda-tac`, an interactive tactic"
prove-plus-comm,8,rts_task_70973a62de04b95fa960a073,Recursive-Task-Synthesis,4,5,4,4,Another agda-tac commutativity variant; repetition across variants is useful for learning the tactic-driven workflow,"Using the `agda-tac` interactive tactic REPL, prove commutativity of natural number addition for the `Demo` module. Work in `/workspace/`. Create a supporting library at `/workspace/SmallLib.agda` containing the helper functions `sym`, `tra"
prove-plus-comm,9,tw_17407,TerminalWorld-Seeds-Clean,3,4,3,3,Peano Nat with recursive plus and mult in Haskell: the exact inductive structure the theorem quantifies over,"The Haskell module `Peano` at `/app/Peano.hs` implements Peano arithmetic with a `Nat` type and the following operations: `fromInt :: Int -> Nat`, `fromNat :: Nat -> Int`, `plus :: Nat -> Nat -> Nat`, `mult :: Nat -> Nat -> Nat`, and `mPlus"
prove-plus-comm,10,tw_96480,TerminalWorld-Seeds-Clean,3,4,3,3,Assembles a formal derivation tree from proof steps and typesets it; keeps the shape of a proof in view,"Use the tools (`treebuilder`, `mojihame`, `md4logician`, `filehame`) and the `template.tex` LaTeX template available in `/app/samples/` to process the `prftree1` proof-step data file and generate a LaTeX proof tree document. The intermediat"
pypi-server,1,rts_task_9173775e4fed0b1b6ea3bb20,Recursive-Task-Synthesis,5,5,5,5,"Build wheel from source, serve it with a local PyPI server on 8080, install into a venv from that server: TB2.1 minus authoring the package","Build the package from source at `~/src/myutility_internal` into a wheel, place the wheel into `~/test/myutil`, and start a local PyPI server on port 8080 serving that directory. Create a Python virtual environment at `~/python_venv/myproje"
pypi-server,2,tw_485539,TerminalWorld-Seeds-Clean,5,5,5,5,Install a package from a local PyPI server at localhost:8080 into a venv and import it; the exact consumer-side verification,Set up a Python virtual environment at `~/python_venv/myproject` and use it to install a package called `myutility_internal` from a local PyPI server that serves packages from `~/test/myutil`. The local PyPI server should be accessible at `
pypi-server,3,rts_task_9441741653d67b5f195565b5,Recursive-Task-Synthesis,5,5,5,5,"Same chain plus fetching the /simple index to confirm the package is listed, which is precisely what pip --index-url reads",Build the `myutility_internal` package from the source at `~/test/myutil_src` and place the built distribution in `~/test/myutil`. Set up a local PyPI server serving `~/test/myutil` on `http://localhost:8080/` and confirm it is reachable by
pypi-server,4,rts_task_7f4fd9a04408e198c5f9b6c3,Recursive-Task-Synthesis,5,5,5,5,"Builds the wheel, serves the directory on port 8080 and installs from it; end-to-end packaging plus local index hosting","Set up a Python virtual environment at `~/python_venv/myproject`. Build a wheel from the source code in `~/pkg_src` and place it into `~/test/myutil/`. Start a local PyPI server on port 8080 that serves packages from `~/test/myutil/`, then "
pypi-server,5,task_002897_90442cbb,TMax-15K,4,5,4,4,"Authors a package directory and setup.py from scratch with dependencies and a console entry point, then installs and serves it","You are a QA engineer setting up a test environment for a new mathematical operations API. You need to build a Python package, configure a reverse proxy, and test the endpoints. Please complete the following steps: 1. **Build a Python Packa"
pypi-server,6,rts_task_173dafbc789b2867d531fa17,Recursive-Task-Synthesis,5,5,5,5,"Build from source into the served directory, run the index server, install into a fresh venv: the same three-stage workflow","Build the `myutility_internal` package from source at `~/test/myutil_src`, placing the built distribution in `~/test/myutil`. Set up a local PyPI server that serves packages from `~/test/myutil` on `http://localhost:8080/`. Create a Python "
pypi-server,7,rts_task_90cc157b700621a13838a6bc,Recursive-Task-Synthesis,4,5,4,4,"Inspects the wheel's .dist-info/METADATA for name and version before serving, teaching where pip's version match comes from","Set up a Python virtual environment at ~/python_venv/myproject and install the package from the source in ~/pkg_src. Build a wheel from the source and place it into ~/test/myutil/. Before starting a local PyPI server, inspect the built whee"
pypi-server,8,pypa__bandersnatch-1557,SWE-Rebench-Tasks-Clean,4,5,2,4,Implements the PEP 700 simple-index fields a mirror must expose; the server side of the protocol TB2.1 has to satisfy,A git repository with the project this issue is about is checked out somewhere under / (commonly /<project-name>). Find it and work there. Ensure bandersnatch implements pep700 fields https://peps.python.org/pep-0700/ - The api-version must
pypi-server,9,tw_432894,TerminalWorld-Seeds-Clean,4,5,4,4,"Build a distributable, publish it to a registry and install the published copy back; publish-then-consume round trip","Publish a Python package from the project located at `/mnt/c/Users/vahan/Desktop/python-project-lvl1`. The package must pass linting checks, be built into a distributable format, published to a package registry, and then installed into the "
pypi-server,10,task_006441_caacf65d,TMax-15K,4,5,3,4,Repairs pyproject.toml so `pip install .` installs the correctly named package with its dependency: metadata correctness is the gate,"You are an open-source maintainer reviewing a pull request for a Python package called `math-ws-proxy`. The contributor attempted to upgrade the package to use a new build system, implement a numerical constraint satisfaction solver over We"
pytorch-model-cli,1,task_001129_becccfbc,TMax-15K,5,4,5,5,Implements an MLP forward pass in C++ from scratch from given weights and ships a compiled argv-driven binary. Same crux.,"You are an AI assistant helping a data researcher clean up a large collection of sensor datasets. The researcher has a mix of valid recordings and corrupted (""evil"") adversarial recordings that need to be filtered out before downstream trai"
pytorch-model-cli,2,task_004118_161aa034,TMax-15K,5,4,4,5,"Parses a weights file into W1/b1/W2/b2 and hand-codes the matmul+ReLU+sigmoid in C++, compiled and run via script.","You are a data engineer building the inference component of an ETL pipeline. You need to implement a lightweight C++ inference engine that takes raw sensor data, performs specific feature engineering, runs inference using a reconstructed Mu"
pytorch-model-cli,3,task_005224_3e9e8c27,TMax-15K,4,4,4,4,"C++ inference program taking the weights path as argv, exact numeric output format, g++ compile scripted.","You are an MLOps engineer tasked with reconstructing a legacy experiment tracking pipeline. The previous engineer left behind some raw datasets and model weights, but the inference pipeline is missing. You need to recreate the pipeline by w"
pytorch-model-cli,4,task_000333_7a82aa70,TMax-15K,4,4,4,4,"Recover a lost model's architecture and weights, reimplement scoring in Go, compile the binary to an exact path.","You are assisting a data science researcher in organizing and scoring their datasets. The researcher has lost the original source code for their data scoring model, but they have a scanned image of the model's architecture and weights saved"
pytorch-model-cli,5,task_002905_eed70340,TMax-15K,4,3,4,4,"C++ builds feature vectors, loads weights from file, dot-products and thresholds them; strict 4-decimal output, g++ -O3.","You are a data analyst tasked with processing a dataset of text excerpts using a custom linear model in C++. You have two input files: 1. `/home/user/data.csv`: Contains two columns, `id` (integer) and `text` (string enclosed in double quot"
pytorch-model-cli,6,task_002643_a9c59761,TMax-15K,4,3,4,4,"Reads model weights from JSON in Rust, does the matmul projection and max-likelihood pick by hand, builds the binary.","You are an AI assistant helping a data researcher organize a high-dimensional dataset of sensor readings. The researcher has raw data and a pre-trained linear projection model (which reduces dimensionality), but the pipeline to process and "
pytorch-model-cli,7,task_008434_7c53cbf4,TMax-15K,4,3,3,3,weights.json with W1/b1/W2/b2 and a manual ReLU forward pass: the exact weight-JSON-to-hand-inference step the TB task invents.,"You are a data scientist tasked with cleaning a corrupted dataset, extracting features using linear algebra, and running inference through a manually reconstructed neural network. Your tasks are: 1. **Environment Setup:** Install necessary "
pytorch-model-cli,8,task_001561_d6785f7c,TMax-15K,4,3,3,3,Architecture and weights exported to JSON; reconstruct and implement the forward pass with no ML framework allowed.,"You are a data analyst tasked with processing sensor data using a pre-trained custom machine learning model. The original model was created in a proprietary system, but its architecture and weights have been exported to a JSON file. Your ob"
pytorch-model-cli,9,task_004890_fef8d0fc,TMax-15K,3,5,3,3,Loads a .pth Conv2d image encoder and resizes/normalizes images into tensors; same PyTorch image-preprocessing contract to replicate in C.,You are an ML Engineer preparing training data and building an exploratory analysis pipeline for a smart city monitoring project. You have been provided with: 1. A video artifact at `/app/traffic.mp4`. 2. A tabular sensor log dataset at `/a
pytorch-model-cli,10,task_003459_14b71242,TMax-15K,3,5,3,3,Conv2d/ConvTranspose2d weights loaded from .pth for image inference; teaches stride/padding shape reasoning the C conv port needs.,"You are an ML engineer tasked with preparing a clean dataset of video frames for training. Unfortunately, the source video contains sporadic corrupted ""glitch"" frames that will ruin the training process. We have provided a pre-trained autoe"
pytorch-model-recovery,1,task_001697_f00c5c92,TMax-15K,5,5,4,5,"Inspect state_dict keys and shapes to rebuild the exact nn.Module, load the weights, run a no_grad forward pass. Step 1 of the TB task verbatim.","You are an AI assistant acting as a Machine Learning Engineer. You need to prepare some training data benchmarks, reconstruct a model for inference, and fix a plotting script that is failing to output correctly. All your work should be done"
pytorch-model-recovery,2,task_008162_e3ba09cb,TMax-15K,5,5,4,5,"State dict refuses to load until the declared layer size matches the stored tensors; read the shapes, fix the class, then evaluate.","You are a machine learning engineer preparing a labeled dataset. A colleague trained a PyTorch model to automatically annotate some unlabeled data, but they left the company and provided you with a buggy model definition script and the raw "
pytorch-model-recovery,3,task_003298_a4854b3f,TMax-15K,5,5,4,5,"Deduce hidden sizes from weight shapes to repair the model class, then fit a second model and report exact metrics. Both halves of the TB task.","You are a Data Scientist tasked with cleaning a corrupted sensor dataset. The dataset contains three features (`x1`, `x2`, `x3`) and a `target` variable representing a physical measurement that must always be zero or positive. Currently, th"
pytorch-model-recovery,4,pyg-team__pytorch_geometric-8870,SWE-Rebench-Tasks-Clean,5,5,2,4,torch.jit.script works in memory but the model fails to load from file with a type mismatch. The TorchScript save-and-reload criterion exactly.,A git repository with the project this issue is about is checked out somewhere under / (commonly /<project-name>). Find it and work there. TorchScript instance from torch.jit.script() runs successfully but throws type mismatch when loading 
pytorch-model-recovery,5,task_009562_91210c7c,TMax-15K,4,5,4,4,Reconstruct an undocumented PyTorch architecture from its saved state dict and drive it through a reproducible inference pipeline.,"You are a Machine Learning Engineer tasked with preparing a clean dataset, reconstructing an undocumented PyTorch model architecture, and running a reproducible inference pipeline. You have been provided with a workspace directory at `/home"
pytorch-model-recovery,6,task_007327_ccd3de90,TMax-15K,4,5,3,4,Hand-written torch training loop with MSELoss and torch.optim.SGD over specific parameters; the tune-weights-to-cut-MSE half of the TB task.,You are acting as a data analyst. I have a dataset located at `/home/user/data.csv` containing two columns: `x` and `y`. Your task is to write and execute a PyTorch script at `/home/user/fit_model.py` to mathematically fit a custom non-line
pytorch-model-recovery,7,task_004252_232ae5c5,TMax-15K,4,5,3,4,"Architecture file is missing layer dimensions; infer the correct channel sizes so the state dictionary loads, then run the model.","You are tasked with a multi-stage data analysis and ETL pipeline to process dashcam footage and sensor data, and to build a data-quality filter for our reporting system. **Stage 1: Video Analysis & Model Reconstruction** We have a video fil"
pytorch-model-recovery,8,task_001484_346a62f8,TMax-15K,4,5,3,4,"Model code lost, only the state dict remains; rebuild the MLP to match and load it. Same recover-the-class-from-the-artifact move.","You are acting as a machine learning engineer preparing training data and reports. We have a dataset located at `/home/user/dataset.csv` with columns `id`, `category`, `f1`, and `f2`. We also have a saved PyTorch model state dict at `/home/"
pytorch-model-recovery,9,task_007296_a67e32b2,TMax-15K,4,5,3,4,Only a .pth backup survives the migration; reconstruct the architecture it implies and rerun inference to regenerate the lost outputs.,"You are a Data Engineer managing an ETL pipeline for a recommendation system. A recent migration caused the pipeline to break, and the original code for generating item embeddings is missing. However, we have a backup of the PyTorch model w"
pytorch-model-recovery,10,tw_718060,TerminalWorld-Seeds-Clean,4,5,3,4,"Define an nn.Module with named submodules, freeze the backbone via requires_grad_(False), then forward. The selective-freezing step the TB task needs.","Use `torchmeter` to analyze a PyTorch model and save profiling results to two output files. The working directory is `/app`. Define a neural network called `ExampleNet` (with a `classifier`, `backbone`, and `gap` layer as described below) a"
qemu-alpine-ssh,1,task_002324_f03c9c85,TMax-15K,5,5,4,5,"A QEMU VM with SSH exposed on localhost:2222 and password password123; the agent must make traffic flow through it. Same environment, same handles.",You are a system administrator diagnosing a broken multi-service pipeline. The system relies on a startup script at `/app/system/start_services.sh` which brings up: 1. A QEMU VM running an internal analytics backend. The VM's SSH is exposed
qemu-alpine-ssh,2,task_002862_e03f4cfc,TMax-15K,5,5,4,5,"Construct the qemu-system launch line with -netdev user,hostfwd mapping host 2222 to guest 22, then ssh into the guest through it. The core mechanic.",You are an edge computing engineer deploying simulated IoT nodes for a smart factory. Your edge nodes are isolated in lightweight VMs and have a network misconfiguration preventing them from natively routing traffic back to the host machine
qemu-alpine-ssh,3,task_004817_def41304,TMax-15K,4,5,4,4,"Configure sshd on port 2222 with a custom config and host keys, set the auth policy, and leave the daemon running for a live probe.",You are a compliance analyst tasked with generating an audit trail for a legacy system and hardening our internal access points. You must complete the following multi-stage setup: 1. **SSH Hardening & Key Management:** Configure and run a l
qemu-alpine-ssh,4,tw_11181,TerminalWorld-Seeds-Clean,5,4,5,4,"Install sshd inside a guest, set the root password, map a host port onto the guest's 22, and leave it detached and serving. Nearly the same task.","Set up a Docker container based on the `ubuntu:12.04` image that has an SSH server installed and running, with the root password set to `screencast`. The container should be committed as a new image named `sshd_it`, and a container from tha"
qemu-alpine-ssh,5,task_000021_ab956b8c,TMax-15K,4,5,4,4,"Fix a script that launches QEMU VMs with port forwarding, including startup ordering and keeping the VM alive after the script returns.","You are tasked with fixing and enhancing a custom Bash-based ""Kubernetes-style"" VM operator. This script, `/home/user/vm-operator.sh`, is responsible for reading VM manifest files, setting up network port forwarding, and launching QEMU virt"
qemu-alpine-ssh,6,task_003133_85965df1,TMax-15K,4,5,4,4,"Provision disks, launch QEMU VMs and run connectivity diagnostics against them, all as an unprivileged user.","You are tasked with building the foundation of a local Kubernetes-like operator that manages lightweight VMs using QEMU. You need to create several scripts and configurations to handle connectivity diagnostics, backups, disk provisioning, a"
qemu-alpine-ssh,7,task_001459_aa5314fb,TMax-15K,4,5,3,4,"Emit the exact qemu-system-x86_64 command with -netdev user,id=net0,hostfwd=tcp::HOST-:GUEST and a virtio NIC. Teaches the flag syntax precisely.","You are an edge computing engineer deploying a simulated IoT gateway environment. Since you do not have root access on the build server, you need to configure a user-space QEMU virtual machine that maps custom network routing via host forwa"
qemu-alpine-ssh,8,tw_436604,TerminalWorld-Seeds-Clean,4,5,4,4,Boot a downloaded cloud image as a VM and provision it so root can log in over SSH with a password. Same end state via cloud-init.,"Deploy a Debian 11 cloud VM named `debian01` using cloud-init and libvirt/KVM. Download the Debian 11 generic cloud image (qcow2 format), resize it to accommodate additional storage, and provision the VM with a cloud-init configuration that"
qemu-alpine-ssh,9,tw_132013,TerminalWorld-Seeds-Clean,4,5,4,4,Create a qcow2 overlay over a base image and boot the VM with injected seed config so it comes up ready; get-config-into-a-guest-you-cannot-type-into.,"Your task is to prepare a bootable Ubuntu 16.04 cloud image environment in `/app`. The provided `ubuntu-16.04-server-cloudimg-amd64-disk1.img` is an unmodified Ubuntu 16.04 cloud image. Using this as a backing file, create a copy-on-write o"
qemu-alpine-ssh,10,task_000179_6760c516,TMax-15K,3,5,3,3,Parse and validate QEMU startup configurations including hostfwd=tcp::25-:25 and -virtfs; demands real fluency in QEMU's command-line grammar.,"You are a Linux systems engineer tasked with hardening our automated QEMU VM provisioning pipeline. We have had issues with malicious users submitting QEMU startup configurations that expose virtual machines to the public internet, misconfi"
qemu-startup,1,task_003288_e131a9f5,TMax-15K,5,5,4,5,Automate QEMU's interactive monitor exposed on a socket with pexpect. Talking to a QEMU console over a socket is the entire TB task.,"You are a Site Reliability Engineer (SRE) tasked with monitoring the uptime of a legacy system that runs inside a QEMU virtual machine. The VM does not expose a modern API, but it does expose an interactive QEMU monitor over a UNIX domain s"
qemu-startup,2,task_000021_ab956b8c,TMax-15K,5,5,4,5,Launch QEMU VMs with port forwarding and poll once a second until a readiness condition holds before continuing. QEMU plus block-until-ready.,"You are tasked with fixing and enhancing a custom Bash-based ""Kubernetes-style"" VM operator. This script, `/home/user/vm-operator.sh`, is responsible for reading VM manifest files, setting up network port forwarding, and launching QEMU virt"
qemu-startup,3,task_001768_2c27d1a1,TMax-15K,4,5,4,4,Start a QEMU VM in the background from a script and ensure it is still serving after the script returns. Same background-and-leave-running contract.,"You are a cloud architect migrating a legacy backend service to a modern microservices architecture. To ensure zero downtime, you are setting up a Rust-based intelligent routing proxy that fronts the legacy system, which currently runs insi"
qemu-startup,4,tw_103367,TerminalWorld-Seeds-Clean,4,5,3,4,"Run a guest command under the QEMU i386 system emulator and capture its console output; direct qemu-system driving, not a wrapper tool.","Use the PANDA dynamic analysis framework to record and replay the execution of `cat /etc/passwd` inside a 32-bit Linux guest. Working from the appropriate directory, use the provided `run_on_32bitlinux.py` script to run the guest command an"
qemu-startup,5,task_002862_e03f4cfc,TMax-15K,4,5,3,4,"Compose the qemu-system invocation with machine type, drive, display and netdev backends; the flag vocabulary needed to expose a console.",You are an edge computing engineer deploying simulated IoT nodes for a smart factory. Your edge nodes are isolated in lightweight VMs and have a network misconfiguration preventing them from natively routing traffic back to the host machine
qemu-startup,6,task_001459_aa5314fb,TMax-15K,4,5,3,4,Generate the exact qemu-system-x86_64 command line with display and network backends; teaches how QEMU character backends are spelled.,"You are an edge computing engineer deploying a simulated IoT gateway environment. Since you do not have root access on the build server, you need to configure a user-space QEMU virtual machine that maps custom network routing via host forwa"
qemu-startup,7,task_001948_e6b385d8,TMax-15K,4,3,4,4,"A service reachable only through an interactive TCP login prompt; script a probe that connects and works the prompt. The grader's expect script, inverted.","You are a Site Reliability Engineer tasked with setting up an automated health check and remediation script for a legacy containerized authentication service. Recently, the configuration for this service was accidentally modified so that it"
qemu-startup,8,tw_101115,TerminalWorld-Seeds-Clean,4,4,4,4,Connect to a telnet login service as root with no password and capture the session output. Precisely the connection the verifier makes.,Retrieve the content served by the telnet service running on `macron.coz` port 23. Connect as root with no password and capture the response to `/app/result.txt`. The file `/app/result.txt` should contain the raw output received from the te
qemu-startup,9,task_003133_85965df1,TMax-15K,4,5,4,4,"Provision disks, launch QEMU VMs and then run connectivity diagnostics against the guest; the launch-then-verify loop, unprivileged.","You are tasked with building the foundation of a local Kubernetes-like operator that manages lightweight VMs using QEMU. You need to create several scripts and configurations to handle connectivity diagnostics, backups, disk provisioning, a"
qemu-startup,10,rts_task_d93992a3c6883751d31ffd9e,Recursive-Task-Synthesis,4,3,4,4,"Connect over telnet, log in as root at the console prompt and drive the machine; the client half of what this task must make possible.","Your task is to provision UEFI TrenchBoot. Generate the necessary keys and sign the boot components in /app. Run the local validation script `/app/validate.sh`. If validation fails, diagnose the errors and correct them (for example, by crea"
query-optimize,1,task_004065_3151b4eb,TMax-15K,5,5,5,5,"Optimize a slow SQLite query to return the exact same rows and columns, graded on a measured speedup against the original. Same task, same constraints.","You are acting as a database administrator for a graph-based application. We are using SQLite to store our graph data. In `/app/schema_and_query.png`, there is an image containing a description of our schema and a slow query that we use to "
query-optimize,2,task_000640_14732821,TMax-15K,5,5,4,4,Replace an unusably slow naive report with one query using complex joins and window functions that emits the exact same columns and data.,"You are acting as a Database Administrator. A product manager left you a voice message with the requirements for a new critical business report. The audio file is located at `/app/pm_request.wav`. Additionally, a junior developer attempted "
query-optimize,3,task_000576_0dbfb38a,TMax-15K,5,4,4,4,Rewrite an N+1 query pattern into a single CTE/window-function query under a hard wall-clock budget. Precisely the rewrite class this task needs.,"You are an AI assistant helping a data researcher optimize a fragile data pipeline. We have a multi-service architecture running locally: 1. **PostgreSQL** (port 5432, db: `research`, user: `postgres`, password: `password`) containing acade"
query-optimize,4,task_000012_58fdcccc,TMax-15K,5,5,4,4,"Push per-row Python work into one SQLite query using OVER/PARTITION BY for a moving average, with identical output required.","You are assisting a climate researcher in organizing and processing a large dataset. The researcher has an undocumented SQLite database located at `/home/user/climate_data.db`. They wrote a Python script, `/home/user/generate_report.py`, to"
query-optimize,5,task_000130_6b3152f5,TMax-15K,4,5,4,4,Collapse nested loops and hundreds of round-trips into one efficient SQL query using window functions for ranking.,You are a database administrator dealing with performance issues. A poorly written Python script has been locking up the system because it uses multiple nested loops and hundreds of individual queries to traverse a graph of transactions and
query-optimize,6,task_002785_d7d4d4b4,TMax-15K,4,5,4,4,"Reverse-engineer the schema, rewrite the slow query with exact ordering, tie-breaking and pagination, and export its EXPLAIN QUERY PLAN.",You are a database administrator tasked with optimizing a slow query on a generic graph database implemented in SQLite. A developer wrote a Bash wrapper script located at `/home/user/find_mutual.sh`. It queries an SQLite database at `/home/
query-optimize,7,tobymao__sqlglot.036601ba.lm_rewrite__28ucmg0j,SWE-Smith-Seeds-Clean,4,5,2,4,CTE elimination and inlining in a SQL optimizer stops working; when a CTE may be folded without changing results is this task's central judgement.,"CTE elimination not working correctly after scope reference counting changes **Describe the bug** After recent changes to the scope reference counting mechanism, CTE elimination is no longer working properly. The optimizer fails to correctl"
query-optimize,8,task_000706_c338fab9,TMax-15K,4,5,4,4,Read EXPLAIN QUERY PLAN for a slow SQLite query and drive every SCAN TABLE to SEARCH TABLE while the query's own output is held fixed.,"You are a database administrator tasked with optimizing a knowledge graph database that models a corporate IT infrastructure. An unoptimized SQLite database is located at `/home/user/graph.db`. It contains information about servers, databas"
query-optimize,9,task_000427_bfb3d39e,TMax-15K,4,5,3,4,A recursive CTE's missing join condition creates an implicit cross join that blows up the plan; diagnose from the plan and correct the SQL.,"You are assisting a compliance officer auditing an organization's access control systems. The organization determines system access based on an employee's assigned roles, but with a hierarchical twist: **managers automatically inherit all a"
query-optimize,10,tobymao__sqlglot.036601ba.lm_rewrite__croj8akp,SWE-Smith-Seeds-Clean,4,5,2,4,A join-elimination optimizer rule breaks; removing work from a query while its result set stays identical is exactly the TB2.1 constraint.,"### Bug summary The `eliminate_joins` function seems to be causing a TypeError when processing certain join conditions. ### Code for reproduction ```python from sqlglot import optimizer # Example SQL query that triggers the issue query = """""
raman-fitting,1,task_005968_01db9842,TMax-15K,5,5,5,5,"Lorentzian peak plus baseline fit to noisy spectroscopy data via curve_fit, fixed-schema JSON of parameters; the same task.",You are acting as an AI assistant for a computational chemistry researcher. They have collected some noisy spectroscopy data and need to build a reproducible computation pipeline to analyze it. The data is located at `/home/user/spectroscop
raman-fitting,2,task_003567_2bffa97d,TMax-15K,5,5,4,5,Raman spectroscopy multi-peak composite fit with accuracy-checked output; identical domain and fitting crux.,"You are a data scientist analyzing synthetic Raman spectroscopy data. You need to fit a multi-peak model to a noisy signal, but the environment and tools require some troubleshooting. Here is your workflow: 1. **Environment Setup**: We have"
raman-fitting,3,task_001144_e1380e49,TMax-15K,5,4,5,5,"Multi-Lorentzian fit recovering centers, widths, amplitudes and a baseline, written to JSON; same model family and output contract.",You are a data scientist modeling the acoustic resonance of a newly designed mechanical cavity. We have recorded the cavity's impulse response using a high-fidelity microphone. The recording is located at `/app/acoustic_test.wav`. Your obje
raman-fitting,4,task_003588_e3556b7c,TMax-15K,4,5,4,4,Peak-center extraction from noisy emission spectra with a hard numeric error budget; same precision pressure on fitted parameters.,"You are a data scientist tasked with analyzing noisy optical emission spectroscopy data to precisely locate emission peaks and quantify their uncertainties. You have been provided with a local, pre-release version of a specialized library c"
raman-fitting,5,task_003637_8afed63a,TMax-15K,4,3,4,4,curve_fit of Gaussian amplitude/center/width on raw instrument signal with JSON output; core nonlinear-fit mechanics.,"You are a bioinformatics analyst tasked with processing simulated raw nanopore sequencing data. The raw signal data contains electrical current measurements over time, stored in an HDF5 file. Your goal is to write a Python script that analy"
raman-fitting,6,task_001259_b3d74bb6,TMax-15K,4,4,4,4,Determines center and width of a spectral feature from an instrument file and writes exact JSON keys; same deliverable shape.,"You are a data scientist analyzing mock astronomical spectroscopy data. You have been provided with an interferogram (a time-domain signal) from a newly commissioned instrument, and you need to determine the precise location and width of a "
raman-fitting,7,task_004131_aa1a8b75,TMax-15K,4,4,4,4,Least-squares decomposition of a spectrum into Gaussian components plus residual statistics into results.json.,You are an AI assistant helping a biophysics researcher analyze synthetic NMR spectroscopy data of protein mixtures. The researcher has an experimental 1D spectrum of a protein mixture located at `/home/user/exp_spectrum.npy`. This spectrum
raman-fitting,8,task_004935_05677e28,TMax-15K,4,3,4,4,"Fits amplitude, damping gamma and frequency of a physical model to raw recorded data; same parameter-recovery capability.",You are a data scientist working on extracting physical parameters from acoustic signals. We have recorded a damped harmonic oscillator's sound. The audio file is located at `/app/audio/decay_signal.wav`. The underlying physics of the sound
raman-fitting,9,task_007380_892c66e7,TMax-15K,4,4,3,4,Overlapping-Gaussian spectral amplitude estimation under ill-conditioning; teaches initial guesses and identifiability for peak fits.,"You are a data scientist dealing with a challenging spectral fitting problem. You have a spectrum that consists of three overlapping Gaussian peaks. However, two of the peaks are highly collinear (severely overlapping), causing standard Ord"
raman-fitting,10,rhayes777__pyautofit-876,SWE-Rebench-Tasks-Clean,4,4,2,3,"Nonlinear model-fitting framework internals; best non-TMax exposure to parameter estimation, though it is a bug fix.",A git repository with the project this issue is about is checked out somewhere under / (commonly /<project-name>). Find it and work there. Make Sensitivity Mapping Support serial and parallel CPU fits Sensitivity mapping requires that `numb
regex-chess,1,task_000330_15b96164,TMax-15K,4,3,4,4,Completes a string-rewriting VM whose output is fuzzed against a reference; building an exact string machine is the shared crux.,"A former developer left behind an unfinished string-processing virtual machine (VM) that they used to organize, sort, and merge project files. They also left a voice memo detailing the exact behavior of the missing opcodes. You need to comp"
regex-chess,2,task_000246_a1b7a5cc,TMax-15K,4,2,4,4,Implements an interpreter from a recovered spec that must equal an oracle on every input; same total-correctness standard.,"I need you to develop a small virtual machine utility in C that evaluates mathematical expressions encoded in a custom bytecode. The specification for this bytecode, including the hexadecimal opcode mappings and a required modulo constant f"
regex-chess,3,task_000462_5b0f16f7,TMax-15K,4,2,4,4,"Builds a stateful DSL interpreter in Bash, a deliberately weak substrate, including graph ordering; constraint-substrate implementation.","You are tasked with helping a developer organize a messy project containing several gRPC/Protobuf service definitions. The project uses a custom, highly simplified domain-specific language (DSL) to manage build configurations, and the devel"
regex-chess,4,task_000140_a41de773,TMax-15K,4,2,4,4,Bit-exact reimplementation of a binary's whole format in pure Bash; zero-tolerance rule fidelity under substrate limits.,"You are acting as a backup administrator for a legacy Linux system. We have a proprietary backup archiving tool located at `/app/legacy_packer`. Unfortunately, we lost the source code for this tool years ago, and we are migrating to new env"
regex-chess,5,hypothesisworks__hypothesis-2983,SWE-Rebench-Tasks-Clean,4,4,2,3,Python re fullmatch/anchoring edge case in an empty-pattern fast path; precisely the regex semantics re.json rules hinge on.,"A git repository with the project this issue is about is checked out somewhere under / (commonly /<project-name>). Find it and work there. `st.from_regex("""", fullmatch=True)` should not generate nonempty strings ```python @given(st.from_reg"
regex-chess,6,tw_134335,TerminalWorld-Seeds-Clean,4,2,4,3,Emulates a foreign architecture's binary with a hand-written handler; you must model and run a machine you did not design.,"You have a disk image `disk.img` containing code compiled for the `dan32` architecture, and a Ruby script `./out.rb` that acts as an interrupt handler. Your objective is to emulate the execution of this binary using radare2's ESIL framework"
regex-chess,7,rts_task_e310969f514289c50fccce04,Recursive-Task-Synthesis,3,4,3,3,"Single backreference regex enforcing a repeated separator, then exact accept/reject partitioning of a dataset.","In the `/app` directory you’ll find two input files: - `test_cases.txt` – a small set of phone number strings, one per line. - `numbers.txt` – a larger dataset to validate and split. Create a Node.js script at `/app/phone.js` that uses a **"
regex-chess,8,task_006111_f9cc96c1,TMax-15K,3,3,3,3,Ports a state-machine parser while preserving exact behaviour; state-transition fidelity is the graded property.,"You have been assigned to migrate a legacy Python 2 telemetry processing script to Python 3. The script processes a custom sensor data format using a basic state machine, calculates some numerical metrics, and outputs the results. Currently"
regex-chess,9,axelrod-python__axelrod-638,SWE-Rebench-Tasks-Clean,3,3,2,3,Game-playing finite state machine keeps stale state across matches; the castling-rights class of state-bookkeeping bug.,A git repository with the project this issue is about is checked out somewhere under / (commonly /<project-name>). Find it and work there. Finite state machine players don't reset properly ``` >>> import axelrod as axl >>> tft = axl.TitForT
regex-chess,10,task_000002_8be5378a,TMax-15K,3,2,3,3,"Must satisfy a spec for every arbitrary input including the boundary case, fuzzed against a hidden oracle.",You are tasked with debugging a failing step in our automated audio processing pipeline. We have an audio recording at `/app/voicemail.wav`. Our pipeline transcribes audio to text and then processes the transcript through a custom Python sc
regex-log,1,task_000071_74a60bf5,TMax-15K,5,4,4,5,Matcher must accept 100% clean and reject 100% adversarial evil inputs; the exact accept/reject-with-near-misses bar of regex-log.,"We are building a distributed, polyglot math evaluation API. I need you to set up the build orchestration, service configuration, and implement a strict security sanitizer for the mathematical expressions. The workspace is located at `/app/"
regex-log,2,rts_task_35132947ff66120393d1befa,Recursive-Task-Synthesis,4,5,4,4,Write one regex with a backreference enforcing a repeated separator and optional parens; the same single-pattern boundary encoding.,"Write a JavaScript file that validates North American phone numbers using a single regular expression containing a backreference. The regex must match area codes with or without parentheses, a separator character (one of -, /, or .), three "
regex-log,3,task_005223_f66a60ed,TMax-15K,4,5,4,4,Determines exactly which payloads a WAF regex matches vs misses; must-not-match near-miss reasoning central to avoiding fake dates/IPs.,"You are a red-team operator simulating an attack against a target's authentication endpoint. The target uses a Web Application Firewall (WAF) that employs pattern matching for intrusion detection, followed by a vulnerable backend script. Yo"
regex-log,4,task_002771_35d6f10f,TMax-15K,4,5,3,4,Strictly validates a well-formed IPv4 address before use; the exact IPv4-octet recognition the TB2.1 regex must encode.,"You are an internal network security engineer. While inspecting traffic on your company's network, you identified suspicious activity targeting an internal Bash-based administrative web service. The source code for this service is vendored "
regex-log,5,task_000352_88055f14,TMax-15K,4,5,4,4,"Regex validates only an exact allowed character set, graded on clean/evil corpora; charset precision and false-positive control.","You are an AI assistant acting as a Senior Data Engineer. We are migrating a legacy ETL pipeline that processes mathematical formulas extracted from various multilingual documents. The old pipeline relies on a highly sensitive, proprietary "
regex-log,6,task_003747_67da80a7,TMax-15K,4,5,3,4,Keeps rows whose Email strictly matches a nontrivial anchored POSIX regex; full-string validation with character classes.,"You are a data analyst working with sensitive financial logs. You need to process a raw CSV file, anonymize user information, perform mathematical aggregations, and load the results into a database. You have been provided with a CSV file at"
regex-log,7,rts_task_38015ef16f15c68ca0575081,Recursive-Task-Synthesis,4,5,4,4,Single backreference regex for phone formats; encoding alternation plus a repeated-group constraint in one pattern.,"Write a JavaScript module that validates North American phone numbers with a single regex using a backreference. The regex must match area codes with or without parentheses, a separator (one of `-`, `/`, or `.`), three digits, the same sepa"
regex-log,8,task_001130_5a244d2f,TMax-15K,4,5,3,4,Drops every line not strictly matching a supplied POSIX ERE; line-level exact accept/reject like selecting qualifying log lines.,"You are an automation specialist tasked with building a high-performance mathematical data pipeline. You have been given partitioned telemetry datasets, but some of the data contains critical formatting errors (specifically, embedded newlin"
regex-log,9,pallets__werkzeug-2596,SWE-Rebench-Tasks-Clean,4,5,2,3,Route regexes embedding a literal ISO-date pattern and mixing captures; composing an anchored date pattern with others in one regex.,A git repository with the project this issue is about is checked out somewhere under / (commonly /<project-name>). Find it and work there. app.route mixes up parameters passed when multiple regex patterns are used We recently upgraded from 
regex-log,10,tw_316425,TerminalWorld-Seeds-Clean,4,5,4,4,Author a single regex validating phone-number formats; same write-one-precise-pattern task over a structured string.,Write a JavaScript file at `/app/phone.js` that uses a single regular expression to validate North American phone number formats. The regex must match numbers where the area code is either bare digits (`111`) or wrapped in parentheses (`(11
reshard-c4-data,1,task_002193_2697352f,TMax-15K,4,5,5,5,Two CLI scripts packing a directory to one artifact and reconstructing it byte-for-byte with a size budget; the exact bidirectional compress/decompress task.,"You are a configuration management engineer for a large distributed system. Over time, the system generates thousands of slightly modified JSON configuration files, accumulating in `/home/user/configs`. Storing these naively consumes too mu"
reshard-c4-data,2,task_002475_22f2fc1c,TMax-15K,5,5,4,5,Splits any file over a byte threshold into exact-size .partN chunks and repackages with a manifest; the per-file-size-cap resharding crux.,"You are an artifact manager responsible for curating large binary repositories. Upstream systems frequently drop large, compressed archives into an incoming queue. Your task is to build a Go-based daemon that automatically processes these i"
reshard-c4-data,3,task_003344_882b8d3c,TMax-15K,4,5,4,4,Chunks binaries to exact byte size with a manifest guaranteeing lossless reconstruction; size-bounded reversible chunking.,"You are an AI assistant helping a DevOps team manage an artifact repository for a legacy system. Your environment contains a set of raw binary artifacts and a legacy text manifest. Your goal is to curate these files, chunk the large binarie"
reshard-c4-data,4,task_002545_4033c847,TMax-15K,4,5,4,4,"Chunks then reconstructs a directory of files at exact relative paths; rebuilding the original tree, like decompress.py.","You are an AI assistant helping a developer organize a corrupted project backup. You have a large text file located at `/home/user/archive.txt`. This file contains a mix of corrupted data, system logs, and valid project files that need to b"
reshard-c4-data,5,task_002832_36c7197a,TMax-15K,4,4,4,4,"Reassembles, extracts, dedups and repackages a dataset tree preserving links and size; the whole repack-under-constraints pipeline.","Hello, I am a researcher working with a large, messy dataset that I've inherited from a previous lab member. I need your help organizing, verifying, and repackaging this data using a Bash shell. Currently, there is a multi-part archive loca"
reshard-c4-data,6,borgbackup__borg-8872,SWE-Rebench-Tasks-Clean,4,5,2,3,"Content-defined chunker inside a deduplicating backup tool; exactly the chunk-for-storage-and-restore domain, though a bug fix.",A git repository with the project this issue is about is checked out somewhere under / (commonly /<project-name>). Find it and work there. Buzhash xor-seed requires odd hash-window The **buzhash chunker** allows the user to specify a custom
reshard-c4-data,7,task_002263_aecf536f,TMax-15K,4,4,3,3,Safely walks a tree with cyclic symlinks without infinite loops; the robust directory traversal the reshard walker requires.,I need you to help me organize and back up some research datasets. I have a messy directory structure with some corrupted symlinks that cause infinite loops if traversed carelessly. Please write and execute a Python script to perform an inc
reshard-c4-data,8,rts_task_80f1685212d62033bd158b5e,Recursive-Task-Synthesis,3,4,3,3,Writes data chunks at configured offsets and verifies total dataset size against a config; chunk-placement plus size-constraint verification.,"Using the `btoep` toolset, create a dataset named `hello` containing the text `Hello world! ` at offset 0, and the text `SPACE ` at an offset specified in a configuration file located in the `/opt/btoep` git repository. The total size of th"
reshard-c4-data,9,dask__dask.5f61e423.pr_11337,SWE-Smith-Seeds-Clean,3,4,2,3,"Fixes rechunk, which reshapes data across new chunk boundaries; rechunking is the resize-into-new-shards operation itself.","Rechunking method 'None' leads to NotImplementedError It seems that the recent changes to the `rechunk` function have introduced an issue where the rechunking method is not being set correctly, resulting in a `NotImplementedError` when the "
reshard-c4-data,10,rts_task_c908e2ac29d8388fff4c4d55,Recursive-Task-Synthesis,3,4,3,3,Reconciles pyproject.toml with a lockfile for reproducible installs; the deps-declared-exactly discipline behind the uv sync / pyproject.toml requirement.,Reconcile the project's dependency declarations in pyproject.toml with the lockfile poetry.lock and produce dependency_report.txt confirming they are consistent. Then validate the source distribution archive contents against expected_dist_c
rstan-to-pystan,1,task_005281_b7cba125,TMax-15K,5,5,4,5,Runs an MCMC sampler for posterior means of mu/sigma with a fixed seed and writes them to CSV; the posterior-mean-to-CSV-with-reproducible-seed task itself.,"I am a data scientist fitting a custom model, but I'm pulling my hair out trying to make my MCMC pipeline reproducible. I wrote a Metropolis-Hastings sampler in `/home/user/mcmc.py` to estimate the posterior of the mean (`mu`) and standard "
rstan-to-pystan,2,task_005102_2c84eabc,TMax-15K,4,5,4,4,"Installs a pinned MCMC package, runs the sampler with seed=42, computes and writes the posterior mean; install-plus-deterministic-posterior-mean, like the PyStan install and estimate.","You are an analyst tasked with estimating the posterior mean of a mutation rate parameter for a set of viral sequences. We have an in-house Python package, `bio_mcmc`, that performs Markov Chain Monte Carlo (MCMC) sampling for sequence alig"
rstan-to-pystan,3,task_002064_da683645,TMax-15K,4,5,4,4,Runs an MCMC pipeline deterministically and writes the posterior mean of the alpha parameter; same alpha-posterior-mean deliverable and seed constraint.,You are a data scientist fitting an ODE model to time-series observations. I have a Jupyter Notebook at `/home/user/mcmc_fit.ipynb` that loads data from an HDF5 file (`/home/user/observations.h5`) and runs a simple Metropolis-Hastings MCMC 
rstan-to-pystan,4,task_000032_5b0167e2,TMax-15K,4,5,4,4,"Implements a Metropolis-Hastings sampler with exact seeding, burn-in and posterior aggregation; the from-scratch faithful posterior-sampling crux.","You are a data scientist tasked with fitting a Bayesian model to count data using a custom Metropolis-Hastings Markov Chain Monte Carlo (MCMC) algorithm. To speed up the sampling, you will run multiple chains in parallel using MPI. Finally,"
rstan-to-pystan,5,task_004918_680dc94a,TMax-15K,4,5,3,4,Metropolis-Hastings estimation of posterior mean/std for a Gaussian-process phase; GP plus MCMC posterior estimation combined.,"You are a performance engineer profiling a newly developed numerical integrator for physics simulations. The integrator has been failing due to a bug in its step-size adaptation logic, causing it to diverge wildly after a certain point. A d"
rstan-to-pystan,6,task_000999_563abc34,TMax-15K,3,5,4,4,Constructs a squared-exponential GP covariance and jittered Cholesky for stability; the exact GP-kernel and PSD-stability machinery the Stan GP model requires.,"You are an AI assistant helping a Machine Learning Engineer prepare spatial training data for a Gaussian Process model. You need to write and execute a Python script (`/home/user/prepare_data.py`) that performs a 1D domain decomposition, co"
rstan-to-pystan,7,task_000651_7d72ef55,TMax-15K,3,4,4,4,Analyses MCMC posterior traces with exactly-seeded bootstrapping and writes numeric estimates; reproducible posterior analysis to file.,You are a data scientist comparing the posterior distributions of two competing statistical models. The MCMC traces for the primary parameter of interest from both models have been saved to `/home/user/samples_A.txt` and `/home/user/samples
rstan-to-pystan,8,gpflow__gpflow-2096,SWE-Rebench-Tasks-Clean,4,5,2,3,Gaussian prior over a mean function with a SquaredExponential kernel in a GP library; the closest non-TMax match to the Stan GP model structure.,A git repository with the project this issue is about is checked out somewhere under / (commonly /<project-name>). Find it and work there. Set a prior over a linear mean function <!-- Lines like this are comments and will be invisible --> B
rstan-to-pystan,9,task_004494_dbb6143e,TMax-15K,3,5,3,3,"Computes RBF-kernel GP covariance Cholesky with regularization; the GP covariance-kernel domain, wrapped in a service.","You are an ML engineer preparing spatial training data for a Gaussian Process surrogate model. Our pipeline computes the Cholesky decomposition of an RBF kernel covariance matrix over a 2D spatial mesh, but it currently crashes with a `LinA"
rstan-to-pystan,10,task_000283_b8c17c0d,TMax-15K,3,4,3,3,Computes Gaussian posterior-predictive estimates over a prior standard-deviation grid via LOOCV; posterior computation driven by an explicit prior hyperparameter.,"You are a data scientist taking over a project where a colleague left an incomplete and buggy analysis script. Your workspace is located at `/home/user/project`. Inside this directory, there is a dataset `data.csv` containing a single colum"
sam-cell-seg,1,task_004252_232ae5c5,TMax-15K,4,4,4,4,"Fix arch to load a .pth, run per-image inference with fixed preprocessing, write CSV, plus a CLI script graded on a hidden corpus.","You are tasked with a multi-stage data analysis and ETL pipeline to process dashcam footage and sensor data, and to build a data-quality filter for our reporting system. **Stage 1: Video Analysis & Model Reconstruction** We have a video fil"
sam-cell-seg,2,tw_588262,TerminalWorld-Seeds-Clean,5,4,4,4,"Load a published detector's weights+cfg and set scale, input size, mean and swapRB exactly before running inference on an image.",Run a YOLOv4 object detection inference using the Evision library (Elixir bindings for OpenCV) in the `/app` directory. The project should be compiled from source with precompiled artifacts disabled. Using the test images and model files al
sam-cell-seg,3,task_003459_14b71242,TMax-15K,4,4,4,4,Rebuild a pretrained torch model from its .pth and ship an executable CLI that preprocesses an image path and runs CPU inference.,"You are an ML engineer tasked with preparing a clean dataset of video frames for training. Unfortunately, the source video contains sporadic corrupted ""glitch"" frames that will ruin the training process. We have provided a pre-trained autoe"
sam-cell-seg,4,task_002016_29630eda,TMax-15K,4,4,4,4,Drive a pretrained torchvision backbone with exactly prescribed resize/normalise/eval steps on CPU and emit per-item CSV rows.,You are an AI assistant helping a data science researcher organize and analyze a video dataset. The researcher wants to track the occurrence of a specific visual event in a long video by building a reproducible pipeline that extracts frames
sam-cell-seg,5,task_002047_85e1153f,TMax-15K,4,4,3,4,Contour-matching tracker whose per-frame boxes are scored by average IoU against hidden ground truth; same geometric-quality bar.,"**URGENT: 3AM PagerDuty Alert - Drone Object Tracking Pipeline Down** Hey, sorry to wake you up. Our automated drone tracking pipeline just went down in production and we need an emergency fix. The processing pipeline uses a custom visual t"
sam-cell-seg,6,vanvalenlab__deepcell-tf-673,SWE-Rebench-Tasks-Clean,3,5,2,4,Deep-learning cell segmentation predict path producing a zero-size mask array; the exact subject matter and post-processing stage.,A git repository with the project this issue is about is checked out somewhere under / (commonly /<project-name>). Find it and work there. Padding removal function results in zero-size array due to slicing with [0:-0] ## Bug Report - DeepCe
sam-cell-seg,7,task_009562_91210c7c,TMax-15K,3,4,3,3,Reconstruct an undocumented PyTorch architecture from its state_dict and run a reproducible inference pipeline over cleaned data.,"You are a Machine Learning Engineer tasked with preparing a clean dataset, reconstructing an undocumented PyTorch model architecture, and running a reproducible inference pipeline. You have been provided with a workspace directory at `/home"
sam-cell-seg,8,facebookresearch__fvcore.a491d5b9.lm_rewrite__mynbot4f,SWE-Smith-Seeds-Clean,4,4,2,3,Array-conversion bug breaking image transforms applied to segmentation maps in detectron2's core transform library.,"# to_numpy function breaks image transformations ## Description The `to_numpy` function in `fvcore/transforms/transform_util.py` is not correctly handling tensor to numpy array conversion, which causes image transformations to fail. Specifi"
sam-cell-seg,9,tw_105368,TerminalWorld-Seeds-Clean,3,4,4,3,Write and run a script driving an imaging library with a precisely specified operation pipeline and required output artifacts.,Use the Augmentor image augmentation library to generate an augmented dataset from the images located in `/home/marcus/Documents/augmentor_data_tests/1/`. The pipeline should apply the following augmentations: 90-degree rotation (probabilit
sam-cell-seg,10,task_003173_377a6eb0,TMax-15K,3,4,3,3,"Diagnose drifting bounding boxes in a tracking pipeline: debugging geometric output quality, not a crash.","We have a multi-language video tracking pipeline that processes surveillance footage to track a moving object. Recently, we noticed a severe degradation in the tracking accuracy. The bounding boxes start fine but drift significantly over ti"
sanitize-git-repo,1,task_001329_30ac46c8,TMax-15K,5,5,4,5,Replace the value after AWS_ACCESS_KEY_ID= and AWS_SECRET_ACCESS_KEY= with an exact fixed string across config files in a tree.,"You are a security engineer assigned to perform credential rotation and sensitive data cleanup on a web application's server. The application's configuration files are located in the directory `/home/user/app_configs/`. Recently, the old da"
sanitize-git-repo,2,task_003538_037af2cd,TMax-15K,4,4,4,4,"Recursive traversal editing only matching files in place, replacing a secret value with a literal, leaving other files alone.","You are acting as a backup administrator. We need to securely archive a set of configuration files, but we must sanitize them first to prevent leaking secrets. You have been given a directory located at `/home/user/server_configs`. Inside t"
sanitize-git-repo,3,tw_147333,TerminalWorld-Seeds-Clean,5,3,4,4,Find all files matching a regex and apply the identical in-place replacement to each; the mechanical core of the sanitization.,"Find all files in `/app` that contain the pattern `MaxRequest` followed by whitespace and digits, and replace every such occurrence with the literal text `MaxRequest 999`. The replacement must be applied in-place across all matching files. "
sanitize-git-repo,4,task_003054_604bca66,TMax-15K,4,5,3,4,Redact several distinct secret patterns including AKIA+16-char keys: the multi-pattern credential vocabulary this task needs.,"You are acting as a compliance analyst for a security firm. A system administrator's terminal session was recorded during an incident response, and you need to generate an audit trail of the commands executed. However, the administrator ina"
sanitize-git-repo,5,task_004106_ffd2d064,TMax-15K,4,4,4,4,Use sed/awk to find and redact AWS-style API keys; the exact shell route a repo-wide sanitization pass takes.,"You are a security auditor tasked with generating a safe compliance report from a legacy, undocumented firewall auditing tool. There is a compiled ELF binary located at `/home/user/audit_tool`. This tool parses firewall rules, but it is kno"
sanitize-git-repo,6,task_000841_29b88124,TMax-15K,4,4,3,4,Scan an application source tree for AKIA-prefixed keys and substitute an exact placeholder literal in the output.,You are a DevSecOps engineer responsible for enforcing security policy as code. You have a legacy application located in `/home/user/vulnerable_app` that needs an automated security audit. Your task is to write a Go program located at `/hom
sanitize-git-repo,7,rts_task_ade8f1eb8d6d543d1b223b92,Recursive-Task-Synthesis,4,5,3,4,Gitleaks hook must actually detect a real token in a .env staged for commit; secret-pattern detection over repo content.,Set up a Git repository at `/app/git` with a Gitleaks pre-commit hook that automatically scans staged changes for secrets before allowing commits. The hook should be installed and active so that any commit containing secrets is blocked. To 
sanitize-git-repo,8,task_002299_6f1836ab,TMax-15K,4,5,3,4,Detect PEM private-key blocks and AKIA[0-9A-Z]{16} keys across mixed file types before redacting them.,"You are a security auditor conducting service auditing and checking logs for leaked credentials and permissions issues. During an authentication flow test, you noticed that some web services and SSH wrappers might be logging highly sensitiv"
sanitize-git-repo,9,rts_task_a1f849c57e17b4f4302493d0,Recursive-Task-Synthesis,3,5,4,4,Remove a committed secret and then sweep the rest of the repo for files that still reference it; whole-repo consistency.,"The repository at `https://github.com/jrogue/sample.git` contains a commit that introduced `secret.key`, which must not be present. Remove that commit from the remote branch's history, ensuring the file no longer exists on the remote. While"
sanitize-git-repo,10,tw_566624,TerminalWorld-Seeds-Clean,4,3,4,4,"Find a named key's value in every note across a tree and replace only that value, consistently, then commit.","Rename a metadata value in the Obsidian vault located at `/app/vault`. Specifically, within the inline metadata of the vault's notes, find all occurrences where the key `bottom_key1` has the value `bottom_key1_value` and replace that value "
schemelike-metacircular-eval,1,task_001481_3bacc41d,TMax-15K,5,4,4,5,Reverse-engineer a language from its reference implementation and reimplement it so outputs and errors match exactly on random programs.,"As a release manager preparing for an infrastructure migration, you need to replace a legacy C-based evaluation service with a modern Python WebSocket architecture. The current service relies on an undocumented, stripped binary located at `"
schemelike-metacircular-eval,2,task_006210_e9532fdc,TMax-15K,4,4,5,4,"Implement a whole small language from its written spec, including error behaviour, plus the scripts that run and test it.","I need you to set up a minimal polyglot build system and write a small emulator for a custom ""Stack Machine"" language. You can write the emulator itself in any language you prefer (Python, C, Node.js, Bash, etc.), but you must provide stand"
schemelike-metacircular-eval,3,d0c-s4vage__pfp-128,SWE-Rebench-Tasks-Clean,5,4,3,4,Make short-circuit evaluation resolve variables lazily so the interpreter matches the reference tool; evaluation-order semantics.,A git repository with the project this issue is about is checked out somewhere under / (commonly /<project-name>). Find it and work there. Boolean logic short circuiting should lazily resolve variable references ## Describe the bug Short ci
schemelike-metacircular-eval,4,tw_102792,TerminalWorld-Seeds-Clean,3,5,3,4,"Exercises a Lisp interpreter over nested s-expressions, head/tail, import and recursion: the exact language shape eval.scm must cover.","Evaluate a series of expressions using the `fliz` interpreter (available at `/app/fliz`) and write all output to `/app/result.txt`. The expressions to evaluate, in order, are: ``` 1 [] [1] [1 2 3] [[1] [2 3] 4 [5 [6]]] (head [1 2 3]) (tail "
schemelike-metacircular-eval,5,erikrose__parsimonious.0d3f5f93.combine_file__twkln5sg,SWE-Smith-Seeds-Clean,4,5,2,4,"Fix the visit/generic_visit dispatch in a PEG parser: the tree-walking dispatch every evaluator, metacircular or not, is built on.","NodeVisitor.generic_visit() and visit() methods not working correctly Description I've been using the parsimonious library for parsing, and I've encountered issues with the NodeVisitor class. When upgrading to the latest version, I noticed "
schemelike-metacircular-eval,6,task_001320_249b9329,TMax-15K,4,4,4,4,Write an interpreter that parses a custom mathematical language and evaluates it as part of a larger pipeline.,"You are an engineer setting up a polyglot mathematical build system and interpreter from scratch. The system consists of three components: a C library for prime number generation, a Rust utility for prime factorization, and a Go-based inter"
schemelike-metacircular-eval,7,d0c-s4vage__pfp-116,SWE-Rebench-Tasks-Clean,5,4,2,4,Implement chained assignment in an interpreter so a = b = c evaluates like the reference; adding a special form correctly.,A git repository with the project this issue is about is checked out somewhere under / (commonly /<project-name>). Find it and work there. Chained assignments don't work ## Describe the bug Chained assignments (`a = b = c`) don't work in pf
schemelike-metacircular-eval,8,task_000246_a1b7a5cc,TMax-15K,4,4,4,4,"Build a virtual machine in C that evaluates expressions in a custom encoding, working only from the written specification.","I need you to develop a small virtual machine utility in C that evaluates mathematical expressions encoded in a custom bytecode. The specification for this bytecode, including the hexadecimal opcode mappings and a required modulo constant f"
schemelike-metacircular-eval,9,tw_117921,TerminalWorld-Seeds-Clean,4,4,3,4,Prefix-notation evaluator reading nested expressions one line at a time from stdin: same recursive form and same I/O protocol.,"A Polish prefix-notation calculator binary is installed at `/app/pc`. It reads expressions from standard input, one per line, and writes numeric results to standard output. The operator appears before its operands, and operands may themselv"
schemelike-metacircular-eval,10,rts_task_818c8049c58399477676d052,Recursive-Task-Synthesis,4,4,3,4,Two Brainfuck interpreter implementations and a test program: diff and repair an interpreter until it runs the program correctly.,"In `/app` you'll find two implementations of a Brainfuck interpreter (`main.c` and `main.corr.c`) and a test program `helloworld.bf`. A previous attempt to run Splint static analysis on the sources failed, and the error output was saved to "
sparql-university,1,task_007970_b2a35881,TMax-15K,5,5,5,5,"Read a Turtle schema and write a corrected SPARQL query as a standalone .rq file, graded on both query structure and result set.","You are a database administrator tasked with optimizing a graph database query and automating the export of its results. In your home directory (`/home/user`), you will find the following files: 1. `data.ttl` - A graph dataset in Turtle (RD"
sparql-university,2,task_002880_220861be,TMax-15K,5,5,4,5,"Repair a SPARQL cross-join over employees and departments, then add grouping, an aggregate, a threshold filter and ordering.","You are a data analyst troubleshooting a reporting pipeline. In your home directory (`/home/user`), there is an RDF dataset named `data.ttl` containing information about employees, their salaries, and the departments they work in. There is "
sparql-university,3,task_009666_abedd235,TMax-15K,5,5,4,5,"Restore the missing triple pattern that turned a SPARQL query into a Cartesian product, then parameterize, order and limit it.",You are a database administrator tasked with optimizing a graph database query. We are querying an infrastructure knowledge graph stored in an RDF format (`/home/user/infra.ttl`). We have a Bash script (`/home/user/bad_query.sh`) that uses 
sparql-university,4,task_004227_00e8d97f,TMax-15K,4,5,4,4,"Reverse-engineer an unfamiliar Turtle graph with SPARQL to find entities that satisfy 'both A and B, but not group C'.",You are assisting a compliance officer in auditing system access records. The company's access control data and organizational structure are stored in an RDF graph file at `/home/user/access_graph.ttl`. According to our strict Separation of
sparql-university,5,task_006564_477da990,TMax-15K,4,5,4,4,"SPARQL over an org graph plus a count-threshold filter, group by department, average, sort and paginate.",You are a database administrator tasked with optimizing a data extraction pipeline from a legacy semantic web graph into a new application format. We have an organizational graph database exported as an RDF Turtle file at `/home/user/org.tt
sparql-university,6,task_002912_e1cb19ea,TMax-15K,4,5,4,4,"Write a standalone SPARQL query file matching three simultaneous triple patterns, then its exact relational equivalent.",You are a data engineer building an ETL pipeline to migrate and analyze knowledge graph data. You have been provided with an N-Triples file located at `/home/user/graph.nt` containing social network data. The relations included are `<follow
sparql-university,7,task_004598_0625bd34,TMax-15K,4,5,3,4,Use SPARQL property paths for transitive reachability over an org graph; multi-hop pattern matching in Turtle.,You are an AI assistant helping a compliance officer audit physical access to a highly restricted data center. We have collected security camera footage of the badge scanner and an export of our organizational knowledge graph. Your task is 
sparql-university,8,task_006928_07b803d0,TMax-15K,4,5,3,4,Write a complex SQL query and join its results with graph data pulled via SPARQL; both declarative languages in one task.,You are a Database Administrator working on integrating a legacy SQLite database with a new RDF-based knowledge graph. The current process is slow and manual. Your task is to write a Python script that extracts data using a complex SQL quer
sparql-university,9,kayak__pypika-54,SWE-Rebench-Tasks-Clean,4,4,2,4,Aliases in GROUP BY produce invalid SQL: the projection-versus-grouping interaction that the GROUP_CONCAT clause here depends on.,"A git repository with the project this issue is about is checked out somewhere under / (commonly /<project-name>). Find it and work there. An alias is set in the GROUP BY when a CASE term is used, which is invalid A fix for the use of alias"
sparql-university,10,tw_582963,TerminalWorld-Seeds-Clean,3,5,3,4,Query the Wikidata SPARQL endpoint to retrieve a subgraph; the only genuine SPARQL-endpoint task outside TMax.,"Retrieve a knowledge graph subgraph for a simple question about Hakata Ward using the SRTK (Subgraph Retrieval ToolKit) framework. The input file `/app/linked.jsonl` should contain a single JSONL record with the question `""Where is Hakata W"
sqlite-db-truncate,1,task_000419_b10fa09b,TMax-15K,5,4,5,5,"Carve every fully intact record out of a partially corrupted binary log framed by magic bytes and length prefixes, dropping the truncated tail.","You have recently inherited an unfamiliar C++ codebase for a simple multi-threaded Key-Value store. The previous developer left abruptly, and the system is currently in a broken state. It occasionally crashes under load, leaving behind a pa"
sqlite-db-truncate,2,task_000117_20c3d5b7,TMax-15K,5,5,4,5,A SQLite file whose header was destroyed so the normal reader refuses it; recover the data and rebuild a queryable database.,"You are tasked with debugging a regression in a data processing pipeline located in `/home/user/pipeline_repo`. The repository contains ~200 commits. At `v1.0` (the first commit), the pipeline worked perfectly. Currently, at `HEAD`, the pip"
sqlite-db-truncate,3,task_000168_c6bc12fd,TMax-15K,4,5,5,5,"Recover a corrupted SQLite database plus its WAL into a consistent state, salvaging the partially committed rows.","Wake up, you're on call! It's 3:00 AM and our core VideoIndexer service just crashed hard, taking the database down with it. We need you to figure out what happened, recover the data, fix the bug, and get the service back online. Here is th"
sqlite-db-truncate,4,task_000355_be7d870f,TMax-15K,4,5,4,4,A power failure left a SQLite database and WAL unparseable; recover it until it can be queried again.,"**Ticket #9921 - Urgent: Automated Sensor Recovery Service Offline** Hello IT Support, We have a critical outage. Our automated sensor recovery service (`/app/recovery_service.py`) crashed after a power failure corrupted our main sensor dat"
sqlite-db-truncate,5,task_000033_899176aa,TMax-15K,5,3,4,4,Implement a bit-level decoder for a custom binary blob format that must match a reference oracle byte-for-byte under fuzzing.,You are an artifact manager tasked with recovering corrupted binary repositories. We have a proprietary artifact repository system that stores incremental backups of ELF binaries in a custom Write-Ahead Log (WAL) format. The blobs inside th
sqlite-db-truncate,6,tw_240491,TerminalWorld-Seeds-Clean,4,3,5,4,"Corrupt an encoded archive, repair it and verify the decoded output is identical to the original; full corruption-and-recovery loop.","Encode a file using `blkar`, simulate corruption in the encoded archive, repair the archive, decode it, and verify the decoded output matches the original. All operations should be performed in `/app`. The file to encode is `/app/test`. Aft"
sqlite-db-truncate,7,task_000358_79df129c,TMax-15K,4,4,4,4,Recover a deleted file out of a raw partition image by reading the filesystem's bytes directly.,"You are acting as a Site Reliability Engineer (SRE). We have an old, legacy monitoring tool that calculates our service uptime, but it recently broke after a server crash. We need you to restore its functionality, fix the underlying issues,"
sqlite-db-truncate,8,task_000376_c445606a,TMax-15K,4,3,3,4,Reverse-engineer the byte layout a reference binary expects and emit a file it accepts; on-disk structure inference.,"As a researcher organizing a massive corpus of interconnected datasets, I need to migrate our legacy graph query engine to a new high-performance C++ service. We have a legacy compiled query evaluator located at `/app/legacy_graph_oracle`. "
sqlite-db-truncate,9,tw_117526,TerminalWorld-Seeds-Clean,4,4,4,4,Extract an archive's contents from inside a raw ext4 disk image; pulling real data out of a filesystem's raw bytes.,Recover the contents of a file archive embedded within a disk image. The disk image is available at `/app/file.ext4` and contains a compressed archive. Extract all files from that archive into `/app/`.
sqlite-db-truncate,10,d0c-s4vage__pfp-112,SWE-Rebench-Tasks-Clean,4,4,2,3,Fix repeated-struct parsing in a binary-template engine that streams a file to EOF; the cell-walking discipline this recovery needs.,A git repository with the project this issue is about is checked out somewhere under / (commonly /<project-name>). Find it and work there. Pfp implicit array handling doesn't match 010's ## Describe the bug Found this when trying to use the
sqlite-with-gcov,1,task_005220_4fbd47df,TMax-15K,5,5,4,5,"Fix sqlite-autoconf build breakage and run ./configure && make to get a working sqlite3 binary; same package, same build system.",You are acting as a Database Administrator optimizing a data extraction pipeline. Your team relies on a custom-compiled version of SQLite3 to process graph datasets (nodes and edges exported as CSV files) to compute relationship mappings. H
sqlite-with-gcov,2,task_004618_d562309e,TMax-15K,5,5,4,5,Vendored SQLite source with deliberately disabled build features; repair config and compile sqlite3 with them enabled.,"I need you to process a large hierarchical sales dataset using SQLite, but we are working in an isolated environment. I've provided the source code for SQLite in `/app/sqlite-src-3410200`. Your goals are to: 1. Fix and compile the vendored "
sqlite-with-gcov,3,rts_task_8bc9362364eccd860637ab4f,Recursive-Task-Synthesis,5,4,3,4,"Find the required CFLAGS, rebuild, and verify the resulting instrumentation section exists — the exact crux of the gcov check.","In the project directory at /home/adrian/Documents/from-crashes-to-exploits/buggy-png, inspect BUILD.md to discover the CFLAGS environment variable required for debug symbols. Build the buggy-png binary with those flags (verify .debug_info "
sqlite-with-gcov,4,task_003443_adaae044,TMax-15K,4,5,3,4,Compile the SQLite amalgamation with a specific compile-time feature enabled by fixing its Makefile.,"I am a bioinformatics researcher organizing several large environmental and genomic datasets. We are building a web portal where external scientists can submit SQL queries to aggregate and analyze our data. However, we need a strict query v"
sqlite-with-gcov,5,rts_task_afd60c089eb038e4ad5ef336,Recursive-Task-Synthesis,4,4,5,4,Build a database engine from a source tarball into a prefix and make its binaries resolve from PATH in a clean shell.,"Build PostgreSQL 16.2 from source and install it to `/home/bpdp/software/postgresql/16.2`. Download the source tarball from `https://ftp.postgresql.org/pub/source/v16.2/postgresql-16.2.tar.bz2`, configure, compile, and install. After instal"
sqlite-with-gcov,6,tw_8593,TerminalWorld-Seeds-Clean,4,4,5,4,Compile a C program from its source tarball and install it system-wide; same genre and comparable depth.,"Compile and install the `st` terminal emulator (version 0.4.1) from source. Download the source tarball from `http://dl.suckless.org/st/st-0.4.1.tar.gz`, build it, install it system-wide, and then uninstall it using the provided uninstall t"
sqlite-with-gcov,7,task_002996_9b750971,TMax-15K,4,4,4,4,Fix Makefile.in then ./configure --prefix=/usr/local && make install so the compiled binary is usable from PATH.,"You are a data engineer building a lightweight ETL pipeline and serving its results via an HTTP API, using only Bash and core Unix tools. You need to complete the following multi-stage workflow: 1. **Fix and Install Vendored Package**: We r"
sqlite-with-gcov,8,tw_17688,TerminalWorld-Seeds-Clean,5,4,5,4,"Build with a non-default feature set selected through configure flags, then install the binary where PATH finds it.","Build VIM from source with the `huge` feature set enabled, including support for Python 2, Ruby, Lua, Perl, cscope, and GTK2 GUI. Install the built binary to `/usr/bin/vim` (i.e. use `/usr` as the install prefix). The environment has Python"
sqlite-with-gcov,9,rts_task_5a41945f6aee8021462f8a93,Recursive-Task-Synthesis,5,4,3,4,Rebuild a C tool with debug instrumentation by locating the right Makefile flags and verifying the binary carries it.,"Massdns source code is in /massdns. Rebuild massdns with debug symbols enabled (check the Makefile/README for the appropriate target or flags), save the full build log to /massdns/build.log, and verify the compiled binary contains debug inf"
sqlite-with-gcov,10,tw_417753,TerminalWorld-Seeds-Clean,4,4,5,4,"Pre-supplied local source archive, no network: build and install a C library system-wide from it.",Install libwebsockets version 4.2.0 from source on this CentOS 7 system. The source archive `v4.2.0.tar.gz` is already available in the current directory. Build and install the library so that it is available system-wide. The installation s
torch-pipeline-parallelism,1,task_000816_72e21ee9,TMax-15K,4,3,4,4,Distribute rows of a matrix over mpi4py ranks and gather exact log-softmax results; closest thing in the pool to rank-partitioned exact compute.,"You are acting as a bioinformatics software engineer. We have a set of high-dimensional deep learning embeddings representing viral genomic sequences, stored in an HDF5 file. We need to compute the pairwise attention log-scores between all "
torch-pipeline-parallelism,2,task_003980_d394a7e3,TMax-15K,4,3,4,4,"Make numerical output independent of MPI process count, mirroring the world_size 1 vs 2 equivalence the verifier enforces.",You are a performance engineer working on a distributed scientific simulation. Your team noticed that the application produces slightly different final results depending on the number of MPI processes used. This non-reproducibility is suspe
torch-pipeline-parallelism,3,task_001552_7ed8f9bf,TMax-15K,4,3,4,4,"Per-rank ownership of a slice of work in an MPI solver written to a precise spec, with results reassembled exactly.",You are a scientific computing assistant helping a researcher run parallel simulations of a 1D diffusion process to study the numerical stability and distributional spread of a pollutant. Your goal is to write and execute an MPI-parallelize
torch-pipeline-parallelism,4,tw_668448,TerminalWorld-Seeds-Clean,3,5,3,3,Runs a torch distributed training job on the gloo CPU backend — the same process-group runtime this task builds on.,Clone the `ezpz` library from `https://github.com/saforem2/ezpz` into a timestamped subdirectory under `/root/tmp/polaris-talk/`. Use the format `YYYY-MM-DD-HHMMSS` (e.g. `2026-04-08-143211`) for the timestamped directory name. Install CPU-
torch-pipeline-parallelism,5,facebookresearch__fvcore.a491d5b9.lm_rewrite__m0xnjits,SWE-Smith-Seeds-Clean,4,5,2,3,Custom autograd Function nodes inside the computation graph; forward/backward graph semantics are the crux of AFAB too.,# JitModelAnalysis ignores prim::PythonOp and prim::CallFunction operations I've found an issue with the `_should_ignore_node` method in `JitModelAnalysis` class. It's not properly handling certain operations in the computation graph. ## Re
torch-pipeline-parallelism,6,task_009562_91210c7c,TMax-15K,3,5,3,3,Reconstruct an nn.Module from state_dict shapes and reproduce exact float outputs under eval; torch module internals.,"You are a Machine Learning Engineer tasked with preparing a clean dataset, reconstructing an undocumented PyTorch model architecture, and running a reproducible inference pipeline. You have been provided with a workspace directory at `/home"
torch-pipeline-parallelism,7,keras-team__keras-20609,SWE-Rebench-Tasks-Clean,4,4,2,3,Replica count changing model output is precisely the failure mode a pipeline-parallel implementation must not have.,"A git repository with the project this issue is about is checked out somewhere under / (commonly /<project-name>). Find it and work there. Keras 3 gives incorrect output from evaluate/fit in distributed context In Keras 3, changing the numb"
torch-pipeline-parallelism,8,tw_718060,TerminalWorld-Seeds-Clean,3,5,4,3,"Build a nested nn.Module from a written spec, run a forward pass, and account for parameters and compute per layer.","Use `torchmeter` to analyze a PyTorch model and save profiling results to two output files. The working directory is `/app`. Define a neural network called `ExampleNet` (with a `classifier`, `backbone`, and `gap` layer as described below) a"
torch-pipeline-parallelism,9,facebookresearch__fvcore.a491d5b9.lm_rewrite__pcccevul,SWE-Smith-Seeds-Clean,3,5,2,3,Walk a torch module tree counting parameters per submodule — the same traversal used to partition layers evenly.,# parameter_count() function returns incorrect module parameter counts ## Description I discovered an issue with the `parameter_count()` function in fvcore. It's not correctly aggregating parameter counts for modules and submodules. Here's 
torch-pipeline-parallelism,10,task_003899_3e4bce86,TMax-15K,3,3,4,3,Implement a parallel numerical kernel with mpi4py from a written spec and validate against reference convergence values.,You are acting as a research assistant for a computational physics lab. We need to integrate a 2D scalar field over a unit square domain using a distributed parallel computing approach to handle large mesh sizes. Your task is to implement a
torch-tensor-parallelism,1,task_000816_72e21ee9,TMax-15K,4,3,4,4,"Row-block partition of a matrix computation across ranks, recombined to match the serial result exactly.","You are acting as a bioinformatics software engineer. We have a set of high-dimensional deep learning embeddings representing viral genomic sequences, stored in an HDF5 file. We need to compute the pairwise attention log-scores between all "
torch-tensor-parallelism,2,task_001030_45a9959c,TMax-15K,4,4,4,4,"Recover a linear layer's weight matrix by basis-vector probing and reproduce its output bit-exactly, activation and layout included.","You are a machine learning engineer tasked with preparing a training data pipeline for a speech-to-intent model. This involves setting up the environment, extracting tabular features from audio transcripts, and reconstructing an undocumente"
torch-tensor-parallelism,3,pymc-devs__pytensor-1231,SWE-Rebench-Tasks-Clean,4,3,2,3,Transpose handling in the gradient of a linear-algebra op; the same transpose bookkeeping decides correct sharded gradients.,A git repository with the project this issue is about is checked out somewhere under / (commonly /<project-name>). Find it and work there. Add `transposed` argument to `pt.linalg.solve` ### Description This is allowed by `scipy.linalg.solve
torch-tensor-parallelism,4,tw_718060,TerminalWorld-Seeds-Clean,3,5,4,3,"Implement an nn.Module exactly to a written architecture spec, manage requires_grad, and account for parameters per layer.","Use `torchmeter` to analyze a PyTorch model and save profiling results to two output files. The working directory is `/app`. Define a neural network called `ExampleNet` (with a `classifier`, `backbone`, and `gap` layer as described below) a"
torch-tensor-parallelism,5,task_009503_05e189db,TMax-15K,3,4,4,3,Implement y_j = sum_i x_i W_ij with the index convention spelled out — the orientation question at the heart of column vs row parallel.,You are an MLOps engineer tasked with tracking down an anomaly in a recent batch of experiment artifacts. You have been provided with an artifact log at `/home/user/experiments.csv`. This file contains the serialized inputs and weights of a
torch-tensor-parallelism,6,facebookresearch__fvcore.a491d5b9.lm_rewrite__m0xnjits,SWE-Smith-Seeds-Clean,4,5,2,3,Custom autograd Function inside a torch graph; both tasks stand or fall on forward/backward contract correctness.,# JitModelAnalysis ignores prim::PythonOp and prim::CallFunction operations I've found an issue with the `_should_ignore_node` method in `JitModelAnalysis` class. It's not properly handling certain operations in the computation graph. ## Re
torch-tensor-parallelism,7,keras-team__keras-20609,SWE-Rebench-Tasks-Clean,4,4,2,3,Output must not depend on replica count — the invariance the world_size 1/2/4 test sweep checks.,"A git repository with the project this issue is about is checked out somewhere under / (commonly /<project-name>). Find it and work there. Keras 3 gives incorrect output from evaluate/fit in distributed context In Keras 3, changing the numb"
torch-tensor-parallelism,8,task_003742_b2a4ee18,TMax-15K,3,3,3,3,Elementwise multiply used where X @ W is required; finding a wrong-axis matmul is the standard tensor-parallel failure.,"You are helping a researcher organize and process their experimental datasets. They have an ETL pipeline written in Python, but it has a few bugs related to data types and linear algebra, causing downstream reproducibility issues. The resea"
torch-tensor-parallelism,9,tw_668448,TerminalWorld-Seeds-Clean,3,5,3,3,Exercises the torch distributed gloo runtime whose get_rank/get_world_size these classes are built around.,Clone the `ezpz` library from `https://github.com/saforem2/ezpz` into a timestamped subdirectory under `/root/tmp/polaris-talk/`. Use the format `YYYY-MM-DD-HHMMSS` (e.g. `2026-04-08-143211`) for the timestamped directory name. Install CPU-
torch-tensor-parallelism,10,cornellius-gp__gpytorch-216,SWE-Rebench-Tasks-Clean,3,4,2,3,Structured Kronecker matmul fails for non-square factors; block-decomposed matrix product shape reasoning in torch.,A git repository with the project this issue is about is checked out somewhere under / (commonly /<project-name>). Find it and work there. KronckerProductLazyVariable only works for square and symmetric matrices Easy enough to reproduce: ``
train-fasttext,1,task_000802_aa7b130a,TMax-15K,5,4,5,5,Train a review-text classifier with hyperparameter tuning and clear an accuracy floor on a hidden test set — the same task with a different tool.,"You are an AI assistant acting as a Data Scientist. We have an unusual dataset split across a CSV file and a video file. Files provided in `/app/`: - `/app/texts.csv`: Contains 1,000 text reviews (one per line, no header). - `/app/labels.mp"
train-fasttext,2,task_001191_5d4f858c,TMax-15K,3,5,3,4,"The only other fastText task in the pool: build it, load a .bin model, use __label__ predictions and confidences.",I need you to fix a broken data cleaning pipeline. We use a pre-trained model to filter out noisy text rows before they hit our database. The previous engineer vendored a custom version of our text classification library at `/app/fastText`.
train-fasttext,3,task_000644_9d78a6c5,TMax-15K,4,3,5,4,Iterate the pipeline until an opaque evaluator reports accuracy above a fixed floor; identical feedback loop.,"You are an ML Engineer tasked with preparing a training dataset entirely using shell utilities. Your company restricts the use of Python, R, or any external data science libraries on this specific preprocessing node. You must build a robust"
train-fasttext,4,task_002271_c43206b1,TMax-15K,4,3,5,4,"Reach an oracle accuracy floor while compressing the representation to a fixed size — accuracy plus budget, both binding.","You are an MLOps engineer tasked with reviving a legacy feature engineering pipeline for a machine learning experiment. A previous engineer left a raw dataset at `/home/user/raw_data.csv` (containing 1000 samples and 50 raw features, some o"
train-fasttext,5,tw_323887,TerminalWorld-Seeds-Clean,3,5,4,3,"Trains word-embedding models directly on raw text corpora from the CLI, the closest analogue to fastText training.","Use the CADE (Compass-Aligned Distributional Embeddings) library in `/app` to measure how the word ""like"" has shifted in meaning between two text corpora. A compass model should be trained on `compass.txt`, then two slice models trained on "
train-fasttext,6,task_008886_49a94993,TMax-15K,3,4,3,3,TF-IDF plus logistic regression over reviews with a grid search and a leakage-free CV protocol.,You are an AI assistant helping a data analyst debug a machine learning script. The analyst has written a script located at `/home/user/train.py` that reads a dataset of text reviews from `/home/user/reviews.csv` and trains a Logistic Regre
train-fasttext,7,tw_18273,TerminalWorld-Seeds-Clean,3,4,4,3,"Format data for a CLI trainer, train on a split, and read the accuracy it reports on held-out samples.","Train an SVM classifier using the LIBSVM library on the heart disease dataset located at `/libsvm/heart_scale`. Use the first 170 samples as training data and the remaining 100 samples as validation data, saving them to `/app/heart.training"
train-fasttext,8,rts_task_6a81762bd5745f498f36b83e,Recursive-Task-Synthesis,3,5,4,3,Train a compass model and per-corpus slice embeddings on raw text; unsupervised text-model training with a checked output.,"Use the CADE library in `/app` to measure how the word ""like"" has shifted in meaning between two corpora. Train a compass model on `compass.txt`, then train two slice models on `sample_text_1.txt` and `sample_text_2.txt`. Compute the cosine"
train-fasttext,9,task_001001_84c2fe4e,TMax-15K,3,3,4,3,Cross-validated hyperparameter search followed by predictions scored against hidden labels with an accuracy floor.,"You are a data analyst tasked with building a custom K-Nearest Neighbors (KNN) classifier in C++ to process some tabular CSV files. We have a vendored copy of the `rapidcsv` C++ library located at `/app/rapidcsv/`. However, our previous eng"
train-fasttext,10,chardet__chardet.9630f238.func_pm_remove_cond__vjza6vvb,SWE-Smith-Seeds-Clean,3,3,2,3,Statistical n-gram text classifier loses accuracy because the distribution analyzer is starved; same class of debugging.,"MultiByteCharSetProber not feeding distribution analyzer causing poor detection accuracy #### Description Character encoding detection is failing for many multi-byte character sets, particularly Asian languages like Big5, EUC-JP, and others"
tune-mjcf,1,task_000269_3b0056a6,TMax-15K,5,4,5,5,Change the integrator so a stiff simulation runs fast while asserting the answer stays within 1e-5 — the identical speed/accuracy trade.,You are acting as a performance engineer optimizing a numerical simulation. We have a Python script located at `/home/user/run_diffusion.py` that simulates a diffusion process on a network (graph) over time using an ordinary differential eq
tune-mjcf,2,task_004094_2c27cda3,TMax-15K,4,4,5,4,Fix divergence and beat an oracle by 2x while matching its output to 1e-6; step control and integrator choice under a tolerance.,"I need you to help me optimize and fix a C-based numerical integrator used for solving non-linear equations in our physics simulations. Currently, we have a reference implementation provided as a stripped binary at `/app/integrator_oracle`."
tune-mjcf,3,task_003789_221005da,TMax-15K,4,3,5,4,Hit a hard speedup target while the numerical result must stay within 1e-5 of the reference implementation.,"You are a performance engineer working on a scientific computing pipeline for a physics simulation. The lead scientist left you a voicemail with the parameters for the new reference distribution, but they are currently out of the office. Yo"
tune-mjcf,4,task_000693_bf5b334d,TMax-15K,4,4,5,4,"Profile a simulation to find the bottleneck, replace the solver, and keep the output mathematically equivalent while hitting 5x.","You are a performance engineer tasked with profiling and optimizing a mechanical deformation simulation pipeline. We have a tracking system that analyzes high-speed video footage of a deforming elastic mesh, constructs a linear system repre"
tune-mjcf,5,task_000157_45d18f63,TMax-15K,4,4,3,4,Inverted adaptive step-size logic; step size versus local error is exactly the reasoning a bigger MuJoCo timestep needs.,"You are acting as a research assistant for a computational chemistry lab. The lab is trying to run a simplified 1D numerical simulation of a bond relaxing to an equilibrium distance. However, the simulation code is failing. You have been pr"
tune-mjcf,6,pybamm-team__pybamm-645,SWE-Rebench-Tasks-Clean,4,4,2,3,"Exposes relative and absolute solver tolerances on a physics simulation — the same knob, in another simulator.",A git repository with the project this issue is about is checked out somewhere under / (commonly /<project-name>). Find it and work there. set relative and absolute tolerances separately for solver At the moment we use the same tol for both
tune-mjcf,7,task_000048_b0bd6829,TMax-15K,4,4,3,3,"Mesh-refinement convergence study: measure error as discretisation coarsens, which is how you pick the cheapest safe setting.","You are an AI assistant helping a computational researcher set up an automated simulation workflow. The researcher is performing a convergence study (mesh refinement) for a 1D Poisson equation solver, validating it against an analytical sol"
tune-mjcf,8,pybamm-team__pybamm-794,SWE-Rebench-Tasks-Clean,4,4,2,3,"Discretisation point counts plus solver choice for a simulation; cost is set by resolution and solver, as in MJCF.",A git repository with the project this issue is about is checked out somewhere under / (commonly /<project-name>). Find it and work there. Solution[<variable>] doesn't work when some parameters are inputs **Describe the bug** The inputs are
tune-mjcf,9,task_000140_40bb239d,TMax-15K,3,4,3,3,Error must fall at the scheme's expected order as the grid refines; knowing that order is what licenses a coarser setting.,"You are a performance engineer evaluating a new numerical simulation tool. You have been given a C++ program at `/home/user/stencil.cpp` that calculates the numerical Laplacian of a 2D function $f(x,y) = \sin(\pi x) \sin(\pi y)$ using a sta"
tune-mjcf,10,task_003614_bd7e07bf,TMax-15K,3,3,5,3,Significant speedup required while the output must match a reference to MSE < 1e-8; both constraints binding at once.,"Hello, I am a researcher running spectroscopy simulations. I have a Python script located at `/app/spectral_denoise.py` that processes a large dataset of simulated spectral matrices (`/app/raw_spectra.npy`). The script performs noise reduct"
video-processing,1,task_005142_dcf74738,TMax-15K,5,5,5,5,"Write one mp4-analysis script from a single dev video, graded on a hidden corpus; per-frame pixel time-series into a discrete decision.","You are an AI assistant helping a performance engineer profile a UI application's responsiveness. We have screen recordings of a UI element that is supposed to pulsate exactly at 10 Hz. When the system is under heavy load, the UI thread sta"
video-processing,2,task_005188_7a495235,TMax-15K,5,5,4,5,"Per-frame thresholding plus centroid tracking with OpenCV, scored against hidden ground-truth trajectories.","You are an MLOps engineer tasked with analyzing an automated physics experiment run. The experiment was recorded, and we need to extract the trajectory of the projectile, apply a smoothing model, and track the experiment metadata. There is "
video-processing,3,task_004682_ee4637e7,TMax-15K,4,5,4,4,Centroid tracking of a blob through an mp4 plus rejection of non-physical jumps; noisy-trajectory judgement transfers directly.,"You are a data scientist analyzing the dynamics of a damped magnetic pendulum from high-speed camera footage. Our laboratory pipeline involves tracking the pendulum's motion, filtering out camera sensor glitches, and fitting a theoretical m"
video-processing,4,task_000806_7d4b9e43,TMax-15K,4,4,3,4,Separates static background from the moving object then centroids each frame; background subtraction is the crux technique here too.,"You are an ML engineer preparing training data for a physics-informed neural network. We have raw video footage of a projectile motion experiment in `/app/experiment.mp4`. Your goal is to extract the frames, isolate the moving object using "
video-processing,5,task_001939_8fc9003a,TMax-15K,4,4,3,4,"Emits the frame numbers where motion events occur, from inter-frame differences against a threshold.","You are a Data Engineer building an automated ETL and analysis pipeline for video feeds using Go. We have a surveillance video file located at `/app/video.mp4`. Your task is to process this video to detect motion events, track the effects o"
video-processing,6,task_001336_579b1fb9,TMax-15K,4,5,3,4,"Frame-by-frame position extraction from mp4 on a fixed camera with known scale, then inference of hidden dynamics.",You are assisting a physics researcher who is modeling the motion of a specialized damped nonlinear oscillator. We have a recorded experiment in a video file located at `/app/oscillator.mp4`. The video shows a 640x480 black background with 
video-processing,7,task_000113_8a2ee560,TMax-15K,4,5,3,4,Finds the object's vertical centre in every frame and converts pixel positions to physical kinematics; same monocular setup.,"You are an AI assistant helping a physics researcher analyze an experimental video of a falling mass. The researcher needs a fully automated Bash-based pipeline to process the video, extract kinematic data, perform numerical and statistical"
video-processing,8,task_004431_2174d489,TMax-15K,4,4,3,3,Brightest-spot per-frame localisation reconstructing a trajectory then fitting it; only the video stage transfers.,You are acting as a performance engineer for a scientific computing lab. We are analyzing a physical experiment recorded in `/app/experiment.mp4`. The video tracks the motion of a highly reflective particle in a fluid flow network. Your tas
video-processing,9,task_005069_828dd061,TMax-15K,3,4,3,3,Per-frame colour-blob centroid extraction from mp4 followed by smoothing and segmentation of the trajectory.,"You are tasked with cleaning and preparing a dataset extracted from a video experiment. We have recorded the motion of a highly fluorescent red object (RGB: 255, 0, 0) on a purely black background. The video is located at `/app/data/experim"
video-processing,10,task_000251_ed1bdd92,TMax-15K,3,4,3,3,Locates the event frame by maximising mean absolute difference with the next frame; frame differencing is the obvious jump-detection heuristic.,"You are a site administrator managing a secure environment. As part of a recent security audit, a user's QEMU VM VNC session was recorded. We suspect an unauthorized batch creation of user accounts occurred during a sudden workspace switch,"
vulnerable-secret,1,task_002083_cb418851,TMax-15K,5,5,5,5,"Reverse a stripped auth daemon, find the hidden vulnerability and extract FLAG{...}; the TB2.1 task almost verbatim.","You are a penetration tester tasked with auditing a proprietary, closed-source authentication daemon. The developers have provided a stripped version of the binary located at `/app/auth_daemon`. When executed, this binary listens on `127.0."
vulnerable-secret,2,tw_122689,TerminalWorld-Seeds-Clean,5,5,5,5,Analyze a binary and build a shellcode payload to exploit it and retrieve the hidden flag; identical exploit-binary-to-get-flag goal.,You are provided with an executable binary at `/app/shell`. Your task is to analyze the binary and construct a shellcode payload that successfully exploits it to retrieve the hidden flag. Run the binary with your payload and save its comple
vulnerable-secret,3,tw_12180,TerminalWorld-Seeds-Clean,5,5,5,5,Exploit a buffer overflow to redirect execution to an uncalled target function; the exact vulnerability class the TB2.1 binary uses.,Compile the `test.c` source file into a 32-bit executable. The program contains a buffer overflow vulnerability. Your task is to exploit this vulnerability to redirect the program's execution flow to the target function that is not normally
vulnerable-secret,4,task_000124_8c22fac5,TMax-15K,5,5,4,5,Find an authorization-bypass vulnerability and craft an exploit to reach a hidden endpoint returning the flag; same bypass-then-extract loop.,"You are an incident responder investigating a suspicious internal service running on a compromised host. Your team has recovered the source code of the service, located at `/home/user/app.py`, which appears to be a custom Python Flask appli"
vulnerable-secret,5,rts_task_73c7b6eadc061cfadae4d4cc,Recursive-Task-Synthesis,5,5,4,5,Exploit a strcpy stack buffer overflow to make the binary print success; the canonical memory-corruption skill behind the TB2.1 task.,The `stack2` binary is deployed in multiple variants on a system accessible via SSH at `user@192.168.56.101`. Each variant reads from the `GREENIE` environment variable and uses `strcpy` to copy its contents onto the stack—a buffer overflow
vulnerable-secret,6,task_009272_c6ca7bd4,TMax-15K,5,5,4,5,"Reverse a token-validation binary to recover its hardcoded secret and algorithm, then forge a token; core binary-reversing-of-auth skill.",You are acting as a security researcher analyzing a simulated authentication service. There is a binary located at `/home/user/token_check`. This binary validates authentication tokens for users. It takes two arguments: a username and a tok
vulnerable-secret,7,rts_task_dfea171657e568b9e4d21591,Recursive-Task-Synthesis,5,5,4,5,Use angr symbolic execution to recover a crackme's hidden password; reverse a binary to extract an embedded secret.,"Inside the /app/angr-doc repository, use git history to locate the binary crackme0x00a. When given the correct password, it prints ""Congrats"". Using symbolic execution (e.g., angr), recover that password and save it as raw bytes to /app/sol"
vulnerable-secret,8,task_001596_c83aef10,TMax-15K,4,5,5,4,"Carve a custom ELF section and brute-force XOR to recover the FLAG{...}, writing it to a file; binary extraction of a flag.",You are a forensics analyst investigating a compromised Linux host. The attacker left behind a suspicious executable file located at `/home/user/suspicious.elf`. Your initial triage indicates that the attacker hid exfiltrated evidence insid
vulnerable-secret,9,rts_task_5d6a0a000cb4fb920b833a82,Recursive-Task-Synthesis,5,5,4,4,Reverse-engineer a crackme ELF with objdump/gdb/strings to find its password; identical static/dynamic reversing toolchain.,"Reverse-engineer the Linux crackme binary at `/data/Crackme-Monologix-Linux` to find its password. Use terminal-native analysis tools (`objdump`, `gdb`, `strings`, etc.) as needed, and verify your candidate password by running the binary ma"
vulnerable-secret,10,task_000021_5e1d9408,TMax-15K,5,5,4,4,Disassemble an auth_oracle binary to reverse its crypto and produce a matching token; deep binary reversing of an auth routine.,You are an incident responder investigating a recent system breach where an attacker was able to forge administrative authentication tokens. We have secured two key pieces of evidence from the compromised authentication server: 1. A strippe
winning-avg-corewars,1,tw_346220,TerminalWorld-Seeds-Clean,5,5,5,5,"Write an assembly program in a simulator's own ISA (registers, add/neq/jmpe/hlt) and run it through the simulator; the corewars task in another simulator.","A Simpsel assembly simulator is available at `/app/simpsel`. Use it to write an assembly program that loads the immediate value `1` into register `$1`, `65535` into register `$0`, and `12` into register `$31`, then uses `add`, `neq`, `jmpe`"
winning-avg-corewars,2,task_001395_746fbd2e,TMax-15K,4,4,4,4,Implement a VM for a custom assembly ISA and hand-write programs in it; write-asm-for-a-VM plus understanding its execution model.,"You are a platform engineer maintaining a CI/CD pipeline for a custom hardware emulator. We have a new requirement to implement a minimal Virtual Machine (VM) in C++ that interprets a custom assembly language, along with an end-to-end (E2E)"
winning-avg-corewars,3,task_000246_a1b7a5cc,TMax-15K,4,4,4,4,"Build a VM that executes a custom bytecode with hex opcode mappings; reasoning about an instruction set and its semantics, as MARS requires.","I need you to develop a small virtual machine utility in C that evaluates mathematical expressions encoded in a custom bytecode. The specification for this bytecode, including the hexadecimal opcode mappings and a required modulo constant f"
winning-avg-corewars,4,rts_task_0b9b2bac6586b91383a541a9,Recursive-Task-Synthesis,5,4,4,4,Write an ARM64 assembly program from scratch using only raw syscalls; genuine low-level assembly authoring to an exact behavioural spec.,"Write an ARM64 Assembly program using only Linux syscalls (no C library) that reads an integer upper limit from `/root/config.txt`, computes all prime numbers up to that limit, and prints them to standard output. Save the source as `/root/g"
winning-avg-corewars,5,task_000386_43121cfd,TMax-15K,4,4,3,4,Implement a retro emulator from an assembly instruction-set and register spec; executing a low-level ISA like the MARS core.,You are an integration developer building a custom API for a retro-computing emulator service. We have received a specification document as an image located at `/app/arch.png`. This image contains the architectural specifications for our ne
winning-avg-corewars,6,task_000330_15b96164,TMax-15K,4,4,3,4,Complete a VM by implementing missing opcodes from a precise spec; implementing instruction semantics correctly.,"A former developer left behind an unfinished string-processing virtual machine (VM) that they used to organize, sort, and merge project files. They also left a voice memo detailing the exact behavior of the missing opcodes. You need to comp"
winning-avg-corewars,7,rts_task_7d85005850abb7909afce1f7,Recursive-Task-Synthesis,4,4,4,4,"Write an ARM64 assembly string transform to an exact output contract; hand-written registers/branches, the everyday act of writing a warrior.","Write an ARM64 assembly program that replaces every `'o'` with `'e'` in a string, then prints the result preceded by `Cadena modificada: ` (with a trailing space). The source must be placed at `/root/remplazar_oe.s` and the final executable"
winning-avg-corewars,8,tw_42850,TerminalWorld-Seeds-Clean,4,5,3,4,Set up an ESIL VM with stack/registers and emulate keygen logic instruction by instruction; reasoning about a VM's step-by-step execution.,"Your task is to use radare2's ESIL (Evaluable Strings Intermediate Language) to emulate the key generation logic in the provided x86 Windows executable `crackme0x02.exe` (from the IOLI crackme suite). You will need to set up the ESIL VM, in"
winning-avg-corewars,9,rts_task_2607dd8e8b0d78f50ece4d7f,Recursive-Task-Synthesis,4,4,4,4,"Write an ARM64 assembly primality program; arithmetic, control flow and syscalls authored directly in assembly.","In the `/app` directory, write an ARM64 assembly program in `/app/primo.s` that determines whether a hard-coded integer is prime and prints a message in Spanish. Assemble and link your program into an executable at `/app/primo`. The executa"
winning-avg-corewars,10,axelrod-python__axelrod-1113,SWE-Rebench-Tasks-Clean,4,5,2,3,Implement a competitive tournament strategy correctly against a reference; the design-an-agent-to-beat-opponents axis that the win-rate targets demand.,A git repository with the project this issue is about is checked out somewhere under / (commonly /<project-name>). Find it and work there. Newly implemented Gladstein isn't correct Woops we should have checked this on @dmanc's #1110. Using 
write-compressor,1,task_000185_d6f0bac7,TMax-15K,5,5,5,5,"Given only the decompressor binary, reverse the format and write the compressor whose output it extracts, under a hard size budget; the TB2.1 task exactly.","You are tasked with implementing a custom configuration archiving tool for our configuration management system. We track thousands of system configuration files, but we only want to back up specific files based on metadata rules and store t"
write-compressor,2,task_004372_db336792,TMax-15K,5,5,4,4,"Reverse a proprietary compression packer and reimplement its exact bit output; emit compressed bytes matching a reference codec, like matching decomp.c.","As a storage administrator, we are migrating off an ancient proprietary backup system to reclaim disk space. Our legacy backups were compressed using a custom, closed-source utility. We have the binary for this utility located at `/app/lega"
write-compressor,3,task_000601_fbd9ab23,TMax-15K,5,5,4,4,Black-box a stripped differential-compression tool and reimplement its compressor bit-for-bit; deduce a custom compressed format and emit conforming bytes.,"I need to organize a massive archive of project crash logs, but I'm running into a tooling issue. A former developer built a custom CLI tool to compress these multi-line logs using a proprietary differential compression algorithm, but they "
write-compressor,4,task_001387_c62c554c,TMax-15K,4,5,4,4,"Implement a bit-exact packer/encoder for a custom archive format (chunking, length prefixes, byte transform) against an oracle; writing the encoder side of a codec.","As an artifact manager curating our legacy binary repositories, we are migrating our binary blobs to a new storage backend. We need to implement a packing utility for our custom legacy format (Format V3). Unfortunately, the text specificati"
write-compressor,5,task_000033_899176aa,TMax-15K,5,5,4,4,"Implement a bit-level custom-compression decompressor from spec, fuzzed bit-exact against an oracle; deep understanding of a compressed format's bit layout.",You are an artifact manager tasked with recovering corrupted binary repositories. We have a proprietary artifact repository system that stores incremental backups of ELF binaries in a custom Write-Ahead Log (WAL) format. The blobs inside th
write-compressor,6,task_004971_c19ec3c8,TMax-15K,4,5,4,4,"Implement a custom RLE decompression algorithm from spec, bit-exact vs a legacy oracle; understand-a-codec-and-reproduce-it, the crux of write-compressor.","You are an artifact manager responsible for curating our custom binary backup repositories. We recently lost the source code for our primary decompression utility, but we managed to recover a scanned design document that describes the custo"
write-compressor,7,task_000201_b4ef19d4,TMax-15K,4,5,3,4,Reverse and reimplement a stripped legacy decoder for a custom RLE hex format; deduce a compression format and reproduce it exactly.,"You are a performance engineer tasked with optimizing a critical data deserialization component. We have a legacy binary, `/app/legacy_decoder`, which decodes a custom run-length-encoded (RLE) hexadecimal format. Unfortunately, the source c"
write-compressor,8,task_000591_320f1d26,TMax-15K,3,4,4,3,Build compression whose output must fall under a hard size budget on repetitive data; the optimise-compression-to-a-byte-target half of the task.,"You are a storage administrator managing disk space for a legacy system that produces massive, highly repetitive log files. We recently recovered a scanned configuration policy document located at `/app/policy.png`. This image contains cruc"
write-compressor,9,task_001947_5bb356ea,TMax-15K,4,4,3,3,"Recreate a lost byte-level codec in C from a format spec (magic header, fixed-size block reversal); implement an exact stream transform.",You are a mobile build engineer maintaining our CI/CD pipelines. A critical step in our artifact deployment process involves transforming binary patch diffs of memory profiles to save bandwidth. The legacy C tool that performed this transfo
write-compressor,10,task_000140_a41de773,TMax-15K,4,5,3,3,Reverse a proprietary archiving/compression binary and write a bit-exact replacement packer; deduce a custom archive format and emit matching bytes.,"You are acting as a backup administrator for a legacy Linux system. We have a proprietary backup archiving tool located at `/app/legacy_packer`. Unfortunately, we lost the source code for this tool years ago, and we are migrating to new env"
