tb21_id,rank,task_id,source,skill,domain,task_form,overall,reason,preview
adaptive-rejection-sampler,1,scientific-computing_20260421_155939_001,CalibForge,5,5,5,5,Implement a sampler that takes an arbitrary unnormalized target log-density and emits correct samples - the identical interface and the identical log-density machinery.,Implement a Hamiltonian Monte Carlo (HMC) sampler in Python that can generate samples from a specified target probability distribution. Your implementation should: 1. Accept a target log-probability function (potentially unnormalized) and p
adaptive-rejection-sampler,2,task_009491_a219a910,TMax-15K,5,4,4,4,"Write Monte Carlo rejection sampling from scratch, then prove statistical correctness and convergence - ARS's accept/reject loop plus its validation requirement.","You are a machine learning engineer preparing synthetic training data for a 3D generative model. You need to implement a fast data generator, evaluate its statistical correctness against a baseline, and run a convergence test. Your task con"
adaptive-rejection-sampler,3,task_003776_145fbb5b,TMax-15K,5,3,4,4,"Rejection sampling from a given PDF, derive the analytical CDF by hand, then score the samples by KS distance against it.","You are a Machine Learning Engineer preparing synthetic training data for a physics-informed neural network. To ensure your custom data generator is properly calibrated, you need to validate its output against an analytical distribution usi"
adaptive-rejection-sampler,4,task_09244,Terminal-Lego-15k,5,4,4,4,"Inverse-transform sampler for a named density using uniforms only, with empirical mean/sd checked against the theoretical values and samples written out.",# Exponential Distribution Pseudorandom Number Generator ## Task Description Implement a pseudorandom number generator that produces numbers following an **Exponential Distribution**. While standard library random functions typically provid
adaptive-rejection-sampler,5,task_008944_ba409078,TMax-15K,4,4,4,4,Metropolis-Hastings sampler validated against the exact analytical posterior - the 'compare stochastic output to known truth' test design ARS requires.,You are a data scientist validating a custom MCMC sampling algorithm against an analytical solution. You need to write a Python script `/home/user/validate_mcmc.py` that samples from the posterior of a Beta-Binomial model using the Metropol
adaptive-rejection-sampler,6,scientific-computing_20260503_030115_001,CalibForge,4,4,4,4,Adaptive Gauss-Kronrod quadrature that refines where its error estimate is worst and survives hard integrands; ARS's adaptive envelope refinement in another guise.,Implement an adaptive Gauss-Kronrod quadrature numerical integrator in Python. Your implementation must be robust against challenging integrands and provide reliable error estimates. 1. Your solution must include a primary function `integra
adaptive-rejection-sampler,7,scientific-computing_20260413_174325_001,CalibForge,4,4,4,4,Bracketed root-finder with derivative-driven Newton steps and guaranteed convergence - ARS's upper hull is built from these tangent intersections.,Implement a robust hybrid root-finding algorithm in Python that guarantees convergence for continuous functions on bracketing intervals while maintaining fast convergence when possible. Your implementation should: 1. Provide a main function
adaptive-rejection-sampler,8,scientific-computing_20260610_111012_001,CalibForge,4,4,5,4,"Implement GP regression straight from Rasmussen & Williams Ch.2; same genre as implementing Gilks & Wild from the 1992 paper, same depth.","Implement a Gaussian Process (GP) regression model from scratch, following Rasmussen & Williams (2006, Chapter 2). Your implementation must include automatic hyperparameter optimization via gradient-based maximization of the log marginal li"
adaptive-rejection-sampler,9,data-science_20260610_111012_002,CalibForge,4,4,4,4,"Implement distance correlation from the 2007 paper from scratch - turning a cited statistics paper into correct, testable code.","Distance correlation (dCor) is a measure of dependence between two random variables that equals zero if and only if the variables are independent — unlike Pearson correlation, which only captures linear relationships. It was introduced by S"
adaptive-rejection-sampler,10,scientific-computing_20260606_172606_001,CalibForge,4,5,4,4,C implementation of regularized incomplete gamma and its inverse: the distribution-function numerics an ARS log-concavity and normalisation check depends on.,"Your task is to implement a C library for computing the regularized incomplete gamma functions P(a,x) and Q(a,x), along with the gamma function Γ(a), and their inverses. These functions are foundational in computational statistics — they ar"
bn-fit-modify,1,data-science_20260506_213248_004,CalibForge,5,5,4,5,"Estimate the dependence structure from a CSV, then sample synthetic data that preserves it, past a degenerate-covariance failure; the whole fit-modify-resample arc.",A colleague has shared a data analysis pipeline with you. The script `/app/analyze.py` is supposed to: 1. Load data from `/app/data.csv` 2. Compute the correlation matrix 3. Use that correlation matrix to generate synthetic samples from a m
bn-fit-modify,2,sdv-dev__rdt-832,SWE-Rebench-Tasks-Clean,4,5,3,4,"Put a fitted transformer into a chosen parameter state without refitting, then generate from it - the bn.fit-modify-then-sample operation this task is named after.",A git repository with the project this issue is about is checked out somewhere under / (commonly /<project-name>). Find it and work there. Add `_set_fitted_parameters` method to `UniformEncoder` ### Problem Description We'd like to be able 
bn-fit-modify,3,task_000141_5fbf3c2f,TMax-15K,4,5,4,4,Draw correlated multivariate-normal samples from a specified covariance - the forward-sampling step from a linear-Gaussian network's parameters.,You are a Machine Learning Engineer preparing synthetic training data for a spatial regression model. You need to generate correlated multivariate normal samples based on a known covariance structure. Your task is to write a C program that 
bn-fit-modify,4,machine-learning_20260604_004411_002,CalibForge,4,4,4,4,Select a model's structure from data by BIC over candidate sizes; the same evidence-driven decision as picking which six edges the sample supports.,"The script `/app/train_gmm.py` is supposed to fit Gaussian Mixture Models to `/app/data.npy` and select the best K using BIC. It should also compute AIC and save four files: bic_values.npy, aic_values.npy, labels.npy, and log_likelihood.txt"
bn-fit-modify,5,task_000055_b82209d2,TMax-15K,4,5,4,4,Recover the true underlying covariance structure of observed positions by MCMC - inferring the joint dependence model from a finite sample.,"I need you to prepare a robust training dataset from a recent experimental fluid dynamics run, and I'm running into severe numerical instability issues. We recorded a tracer particle experiment, and the video is located at `/app/particle_mo"
bn-fit-modify,6,task_12855,Terminal-Lego-15k,4,4,3,4,Fit a multiple linear regression of one variable on seven others from tabular data - the per-node conditional fit that learning this BN reduces to.,# Multiple Linear Regression from Tabular Data ## Task Description You are given a small tabular dataset containing one dependent variable `y` and seven independent variables `x1` through `x7`. Your task is to perform **multiple linear regr
bn-fit-modify,7,data-science_20260604_193356_007,CalibForge,4,5,4,4,"Build a working HMM: estimate the parameters of a probabilistic graphical model from observed sequences, with the structure given.",A colleague started building a Hidden Markov Model implementation for analyzing sequential data but couldn't get it working before leaving the project. The code is at `/app/hmm_impl.py` and the training data is at `/app/hmm_data.pkl`. The i
bn-fit-modify,8,task_000322_52e0a9fe,TMax-15K,3,5,3,4,Correlation matrix over sensors plus repairing a posterior-inference library built on a Bayesian network; the only pool task naming this domain outright.,"I need your help organizing a dataset of experimental sensor readings, fixing a broken inference library, and setting up an API to serve a Bayesian model. Here are the specific steps you need to complete: 1. **ETL & Correlation Analysis**: "
bn-fit-modify,9,machine-learning_20260606_153537_002,CalibForge,4,5,4,4,"Implement forward-backward for an HMM - exact inference over a factorised graph, the conditional-independence algebra the DAG encodes.",The file `/app/hmm_fb.py` contains skeleton implementations of two Hidden Markov Model algorithms that need to be completed: - `forward_backward()` — should return posterior state probabilities and sequence log-likelihood - `viterbi()` — sh
bn-fit-modify,10,task_003038_2570926b,TMax-15K,4,4,4,4,Fit a generator to a reference dataset and emit synthetic data whose density is then verified - the resample-and-check ending of this task.,"You are a machine learning engineer preparing synthetic training data. We need to generate a synthetic dataset that mimics the distribution of a reference dataset, and then verify its density distribution. You are provided with a reference "
break-filter-js-from-html,1,security_20260509_202829_001,CalibForge,5,5,5,5,"Twin task: defeat /app/sanitizer.py (strips script, handlers, JS URLs), make payload.html still alert() after sanitization, verified by test_outputs.py; even the HTML-comment hint matches.","A web application uses `/app/sanitizer.py` to sanitize user-provided HTML before rendering it in pages. The sanitizer attempts to remove dangerous elements like `<script>`, event handlers, and JavaScript URLs. Usage: `python /app/sanitizer."
break-filter-js-from-html,2,task_07041,Terminal-Lego-15k,5,5,4,5,Decide which entity-encoded HTML contexts are still XSS-exploitable and write proof-of-concept payloads - the precise context reasoning that produces a filter-surviving alert.,"# Task: Analyzing XSS Vulnerabilities Beyond HTML Encoding ## Background HTML encoding (converting characters like `<`, `>`, `&`, `""`, `'` to their HTML entity equivalents) is a common defense against Cross-Site Scripting (XSS) attacks. How"
break-filter-js-from-html,3,security_20260602_105139_001,CalibForge,4,4,5,4,"A filter.py that must be bypassed with a crafted input the filter passes yet that reaches the forbidden target; identical structure, SSRF instead of XSS.","There's a URL safety filter at /app/filter.py that's used to prevent SSRF (Server-Side Request Forgery) attacks. The filter takes a URL as a command-line argument and outputs either ""safe"" or ""blocked"". Usage: python /app/filter.py <url> A "
break-filter-js-from-html,4,task_08835,Terminal-Lego-15k,4,5,3,4,Implement the script-tag remover that filter.py is - to break such a filter you must first understand exactly what it strips and where it stops.,# Task: Remove Script Tags from HTML Using BeautifulSoup ## Description You need to write a Python script that removes all `<script>` tags and their contents from an HTML file using the BeautifulSoup library. This is a common task when clea
break-filter-js-from-html,5,task_000577_f42f11cc,TMax-15K,4,5,4,4,Craft a JavaScript payload that executes despite a CSP and a JS-monitoring WAF; synthesising a browser-executable payload that beats a content filter.,You are a red-team operator tasked with crafting an evasion payload that bypasses a target's egress and content restrictions. You have gathered several configuration files from the target environment. You need to analyze these files to dete
break-filter-js-from-html,6,task_13811,Terminal-Lego-15k,4,4,3,4,"Show why regex cannot parse HTML reliably - the exact theoretical reason a regex-based JS filter is bypassable, and the lever the payload pulls.","# Task: Demonstrate Why Regex Fails to Parse XML/HTML ## Objective Write a program (in Python) that demonstrates the limitations of using regular expressions to parse XML/HTML by implementing both a regex-based parser and a proper parser, t"
break-filter-js-from-html,7,task_000510_5b2fc38e,TMax-15K,4,4,4,4,Discover the payloads that slip past a denylist WAF (case variation) then patch it; systematically finding a string-filter's blind spots is what breaks filter.py.,"You are a security automation engineer. We have a simple bash-based validation utility that acts as a mock Web Application Firewall (WAF) filter, checking input payloads against a denylist configuration file. We suspect the filter is vulner"
break-filter-js-from-html,8,security_20260514_012509_001,CalibForge,4,3,5,4,Craft a malicious tar that a 'secure' extractor accepts yet that escapes the destination; build an input that survives a validator and still does the forbidden thing.,"There's a `/app/safe_extract.py` script that implements a ""secure"" tar extraction function. It's designed to prevent path traversal attacks by validating that all extracted files remain within the destination directory. Usage: `python /app/"
break-filter-js-from-html,9,security_20260614_141608_001,CalibForge,4,4,5,4,Bypass a filter.py that blocks obfuscated internal-IP URLs by finding a representation it fails to canonicalise - the same normalisation gap an XSS filter has.,"There's a `/app/filter.py` script that validates URLs before they're fetched by an internal service. It blocks URLs that point to `localhost`, `127.0.0.0/8`, or use obfuscated IP representations (hex, decimal, octal) to prevent SSRF attacks"
break-filter-js-from-html,10,Knio__dominate.9082227e.combine_file__n1qm27ke,SWE-Smith-Seeds-Clean,4,5,2,3,"escape() applies replacements in the wrong order, mis-escaping HTML entities; a broken HTML escaper is exactly the defect that lets script through a filter.",# Multiple issues with HTML escaping and file inclusion in dominate I've found several issues with the latest version of dominate that are causing unexpected behavior: ## Issue 1: HTML escaping is broken The `escape()` function in `util.py`
build-cython-ext,1,debugging_20260606_172554_001,CalibForge,5,5,5,5,"Build fitsio from source against NumPy 2.3.0, fixing the exact incompatible-pointer-type C-API errors from NumPy 2.0 and GCC 14, then pass its tests - the same task at the same numpy version.","I need to use the `fitsio` Python package (a library for reading and writing FITS files, commonly used in astronomy) with NumPy 2.3.0, but the pre-built wheels don't work with my NumPy version. I have to build it from source. The package so"
build-cython-ext,2,software-engineering_20260513_204536_002,CalibForge,5,5,5,5,Cython extensions that build on NumPy 1.x but fail on NumPy 2.0; fix the build so pip install . works - the precise NumPy-2 Cython break pyknotid has.,A numerical computing package in `/app/fastintegr` has Cython extensions that accelerate numerical integration routines. The package builds fine with NumPy 1.x but fails to compile on this system which has NumPy 2.0 and Python 3.12. Fix the
build-cython-ext,3,task_000485_af988d1d,TMax-15K,5,5,4,5,setup.py is missing the numpy include directories required to build the C-extension; fix it so compilation succeeds - the numpy-plus-build_ext failure directly.,"You are acting as a data scientist analyzing molecular network graphs. We have a pipeline that fits a matrix factorization model to graph adjacency matrices to extract latent interaction features, but the current pipeline is broken. There a"
build-cython-ext,4,debugging_20260610_111012_001,CalibForge,5,5,5,5,Compile the Cython extensions of faststats and make pytest pass; build-the-.pyx-then-tests-pass matches this task's exact success condition.,Get the Cython extensions in `/app/faststats` compiled and all tests passing. The package source is at `/app/faststats/`: - `setup.py` — build config - `faststats/__init__.py` — package init - `faststats/_stats.pyx` — Cython implementation 
build-cython-ext,5,debugging_20260509_065529_001,CalibForge,4,5,5,4,"Build and install sigproc from source, whose Cython extensions interface with C; clone-source, compile .pyx, install into the environment.",I'm trying to build and install the `sigproc` signal processing library from source in `/app/sigproc`. It has Cython extensions that interface with C code for complex number operations and window functions. When I run `python setup.py build
build-cython-ext,6,task_000084_2e6745ad,TMax-15K,4,5,4,4,"Fix and install a broken vendored Python C-extension/Cython package, then use it; the fix-the-source-build-then-import sequence of pyknotid.","You are an AI assistant helping a data science researcher build an automated system to organize and score the quality of various datasets using Bayesian inference. The researcher relies on a specialized, high-performance Bayesian inference "
build-cython-ext,7,debugging_20260613_152233_001,CalibForge,4,5,5,4,"Make arrproc's Cython build compile and install from source despite errors and messy code, reading the build errors - as this task instructs.","I have a Python package at `/app/arrproc/` that uses Cython for performance. It's supposed to compile and install from source, but I get build errors every time I try. The code is in a bit of a mess — I started updating it for newer NumPy a"
build-cython-ext,8,debugging_20260610_111702_001,CalibForge,4,4,5,4,Clone datrie at a branch and build the Cython extension wrapping libdatrie from source; the clone-at-a-tag-then-compile workflow of this task.,I need to install the `datrie` Python package from source for a project. It's a fast double-array trie implementation that wraps the `libdatrie` C library. Clone the repository and build it: ```bash git clone https://github.com/pytries/datr
build-cython-ext,9,task_000322_52e0a9fe,TMax-15K,4,5,4,4,Diagnose why a package won't build its C-extensions (a setup indentation defect) from the compiler error; read-the-error-and-fix-the-build.,"I need your help organizing a dataset of experimental sensor readings, fixing a broken inference library, and setting up an API to serve a Bayesian model. Here are the specific steps you need to complete: 1. **ETL & Correlation Analysis**: "
build-cython-ext,10,pypa__setuptools-4676,SWE-Rebench-Tasks-Clean,4,5,3,4,A setuptools issue centered on setup.py building a compiled Extension; fixing how setuptools compiles an Extension is the machinery pyknotid's build_ext runs on.,A git repository with the project this issue is about is checked out somewhere under / (commonly /<project-name>). Find it and work there. [BUG] Wheel ABI tag is wrong when building with debug build of Python 3.13 on Windows ### setuptools 
build-pmars,1,software-engineering_20260420_020307_001,CalibForge,5,5,5,5,"Build htop from Ubuntu source packages without libcap/libsensors, extract to /app, install to /usr/local/bin, verify the binary isn't linked to the excluded libs - the identical task with X11 replaced by libcap/libsensors.",Build htop from Ubuntu source packages without capabilities and sensors support. The resulting binary at `/usr/local/bin/htop` must not link against libcap or libsensors. Extract the source to `/app` and verify the build works with `htop --
build-pmars,2,software-engineering_20260415_123352_001,CalibForge,5,5,5,5,"Build cmatrix from source with autotools, install to /usr/local/bin, verify it runs and is correctly linked; compile-a-small-C-terminal-program then install-and-check-linkage, pMARS's exact shape.","Build cmatrix (https://github.com/abishekvashok/cmatrix), the classic ""The Matrix"" terminal screensaver, from source using the autotools build system. Clone the repository, run `autoreconf -fiv`, configure, and build the software. Install t"
build-pmars,3,software-engineering_20260414_091921_001,CalibForge,4,4,5,4,"Build btop from source with a specific optional feature toggled; a feature-flagged from-source build, the same configure-a-feature skill pMARS's no-X11 build needs.","Build btop (https://github.com/aristocratos/btop) from source with NVIDIA GPU monitoring support enabled. Clone the source to `/app/btop`, build with GPU support enabled, and install the binary to `/usr/local/bin/btop`. The build must: - En"
build-pmars,4,tw_694280,TerminalWorld-Seeds-Clean,4,4,5,4,"Build and install the GiNaC library from source system-wide with the shared-library cache refreshed; compile-from-source-then-install, matching pMARS's install-and-work step.","Install the GiNaC computer algebra library (version 1.8.7) from source on this system. The library should be fully built and installed so that it is available system-wide, with the shared library cache updated so programs can link against i"
build-pmars,5,machine-learning_20260604_194036_001,CalibForge,4,4,5,4,"Build Faiss from source CPU-only with AVX2 - a build deliberately constrained to omit one capability and include another, like configuring pMARS without X11.","Build Facebook AI Similarity Search (Faiss) version 1.7.4 from source. The build must be CPU-only with AVX2 optimizations, produce a shared library, and include working Python bindings. After the build, create /app/benchmark.py that evaluat"
build-pmars,6,task_00260,Terminal-Lego-15k,3,5,3,4,Fetch and extract the GNU Coreutils Debian source with apt-get source; the exact 'get the source from Debian packages and extract it' step pMARS specifies.,"# Task: Locate and Read Source Code of Shell Commands ## Background You want to understand how basic Linux shell commands are implemented by reading their source code. Commands like `ls`, `cat`, `cp`, and others are part of the GNU Coreutil"
build-pmars,7,debugging_20260610_112157_001,CalibForge,4,4,5,4,"Build the OGDI library from source through its ./configure invocation; drive a legacy configure-and-make C build to a working binary, as pMARS requires.","The OGDI library needs to be built from source. The repo is at `/app/ogdi` (commit `66e9095`). All build dependencies are already installed. Running `TOPDIR=/app/ogdi ./configure && TOPDIR=/app/ogdi make` fails with linker errors — ""undefin"
build-pmars,8,tw_417753,TerminalWorld-Seeds-Clean,4,4,5,4,"Build libwebsockets from source and install under the default prefix with the .so placed correctly; source-build plus install-to-prefix, pMARS's install pattern.",Install libwebsockets version 4.2.0 from source on this CentOS 7 system. The source archive `v4.2.0.tar.gz` is already available in the current directory. Build and install the library so that it is available system-wide. The installation s
build-pmars,9,task_11943,Terminal-Lego-15k,4,4,4,4,"Fix a missing pcre.h header that blocks compiling a PHP extension from source; resolve a missing-dependency C compile error, the recurring build-fix pMARS may need.","# Task: Fix Missing pcre.h Header File for PHP Extension Compilation ## Objective When compiling a PHP extension (such as Phalcon) from source, the build process fails with the following error: ``` /usr/include/php5/ext/pcre/php_pcre.h:29:1"
build-pmars,10,tw_129867,TerminalWorld-Seeds-Clean,4,4,5,4,Prepare the build environment and compile Singularity from source; set-up-dependencies-then-configure-and-compile a real system program from source.,Your task is to build the Singularity project from source in the current working directory. Prepare the build environment and compile the source code so that all necessary build artifacts are successfully generated. You do not need to insta
build-pov-ray,1,software-engineering_20260604_003113_002,CalibForge,5,5,5,5,"Download GNU Make 3.81 tarball, extract to a fixed path, fix a linker error in old C, install to /usr/local/bin. Same template.","Build GNU Make 3.81 from source. Download the source tarball, extract it to `/app/make-3.81`, then compile and install the `make` binary to `/usr/local/bin/make`. You'll encounter a linker error during compilation — you'll need to diagnose "
build-pov-ray,2,software-engineering_20260613_152233_002,CalibForge,5,5,5,5,"Pre-ANSI K&R C rejected by modern GCC; fix sources and Makefile, install the binary. Exactly POV-Ray 2.2's central difficulty.",Build and install the `kvstore` key-value store tool from the source code in `/app/src/`. The source is written in pre-ANSI (K&R) C and will not compile with modern GCC without modifications. Fix the source files and Makefile so that `kvsto
build-pov-ray,3,software-engineering_20260611_205750_002,CalibForge,5,5,4,5,"1992 C program must compile under strict modern flags without editing the Makefile; same era, same compiler diagnostics.",Build and install the `base64` utility from the source code in `/app/src/` to `/usr/local/bin/base64`. The source is a legacy C program from 1992 that implements base64 encoding/decoding. The Makefile uses strict modern C flags. Fix the sou
build-pov-ray,4,software-engineering_20260430_081156_002,CalibForge,5,5,4,5,"1998 C library repaired until GCC accepts it, then installed. Legacy-source repair with a pinned-value verifier.","Build and install the `imgconv` image format conversion library from `/app/imgconv-1.2.1`. This legacy C library was last maintained in 1998 and doesn't compile on modern systems. Fix the source code to build successfully with GCC 14, then "
build-pov-ray,5,software-engineering_20260604_144210_002,CalibForge,4,4,5,4,"Fetch NASM 2.07 source, build, install to /usr/local/bin, graded by running the binary on a supplied input file.",Build NASM (Netwide Assembler) version 2.07 from source and install it to `/usr/local/bin/nasm`. The source is available on GitHub. We will test your build by assembling `/app/test.asm` into a 64-bit ELF object file. Do not modify `/app/tes
build-pov-ray,6,software-engineering_20260617_051646_002,CalibForge,4,5,4,4,Old GNU package whose build dies partway; diagnose the compile failure and complete the install.,Build GNU indent 1.9.1 from the source in `/app/indent-1.9.1`. The source has already been downloaded and configured — you need to compile it and install the `indent` binary to `/usr/local/bin/indent`. Note: the build will fail initially du
build-pov-ray,7,software-engineering_20260603_181444_002,CalibForge,4,4,5,4,"Must find zip30.tar.gz on SourceForge unaided, then build and install zip 3.0 — trains the locate-the-archive half.","Build Info-ZIP `zip` 3.0 from source and install it to `/usr/local/bin/zip`. Download the source archive `zip30.tar.gz` from the official Info-ZIP project site on SourceForge (under ""Zip 3.x (latest)"" → ""3.0""), extract it, and compile. Afte"
build-pov-ray,8,software-engineering_20260606_172554_002,CalibForge,4,5,4,4,"C project with a build system broken on this host; repair it, compile, install, verified by running the tool.","The `/app/csv2json/` directory contains a C project. The build system is broken and fails to compile on this system. Fix the build, compile the tool, and install it to `/usr/local/bin/csv2json`. We will test your build by running it against"
build-pov-ray,9,software-engineering_20260510_062946_002,CalibForge,4,5,4,4,Netpbm from tarball with PNG/JPEG/TIFF delegates; configure-with-image-libraries build checked by producing images.,"Build Netpbm 10.86.44 from source and install it to `/usr/local`. The build must include full support for PNG, JPEG, and TIFF image formats. Download the source tarball from SourceForge, configure and build the package, then install so that"
build-pov-ray,10,task_002737_29eccf53,TMax-15K,4,4,5,4,"Download FFTW tarball, configure with a custom prefix, install, then compile a C program against it. Full build pipeline.","You are a performance engineer tasked with creating a highly optimized, parallelized simulation and signal processing pipeline. Your objective is to write a C program that simulates the 1D wave equation (a PDE) for multiple initial conditio"
caffe-cifar-10,1,machine-learning_20260601_053159_001,CalibForge,5,4,5,5,"CPU-only source build that fails to compile, fix it, install, train with fixed hyperparameters, clear 80% accuracy. Same two-stage task.",I need XGBoost built and a forest cover type classifier trained on this machine. The target is the Forest Covertype dataset — 54 cartographic features predicting 7 cover types. The XGBoost source is already at /app/xgboost (v1.7.6). It's a 
caffe-cifar-10,2,machine-learning_20260606_172606_001,CalibForge,5,4,5,5,Build XGBoost 1.7.0 CPU-only into /app/xgboost then train until a stated metric floor is cleared. Same build-then-train contract.,"Build XGBoost version 1.7.0 from source in /app/xgboost with CPU-only support, then train a gradient boosting classifier on the provided dataset in /app/data/train.csv. The trained model must achieve an ROC-AUC score above 0.85 on the test "
caffe-cifar-10,3,machine-learning_20260610_112157_001,CalibForge,5,4,5,5,Build a C++ sequence-labelling library from source and train a model on the supplied data; best-verified member of this family.,"Build the CRFsuite sequence labeling library from source and train a Conditional Random Field model for chunk labeling. The training and test data are in `/app/train.conll` and `/app/test.conll` (word, POS tag, and chunk label per line, sen"
caffe-cifar-10,4,machine-learning_20260605_015435_001,CalibForge,5,4,5,4,"fastText 0.9.2 will not compile here; repair the C++ build, then train a classifier with the binary you produced.",I need to build the fastText library (version 0.9.2) from source and train a text classifier on the AG News dataset. The build is failing with compilation errors on this system and I haven't been able to get it working. Here's what I need: 
caffe-cifar-10,5,machine-learning_20260604_144210_001,CalibForge,5,5,4,4,"Clone pjreddie/darknet, build with OpenCV support, fetch weights and run the CLI over images. Nearest thing to Caffe in the pool.",Get the original Darknet (YOLO) object detection framework running on this machine. Clone https://github.com/pjreddie/darknet.git into /app/darknet and build it with OpenCV support. Download the YOLOv3-tiny weights. Run object detection on 
caffe-cifar-10,6,machine-learning_20260603_181444_001,CalibForge,4,5,4,4,"Set up ncnn from source and classify images with SqueezeNet; C++ CNN framework built by hand, then driven for inference.",I need to classify the images in /app/test_images/ using ncnn's SqueezeNet model. Please set up Tencent's ncnn high-performance neural network inference framework from source in /app/ncnn and run image classification on each image. Save the
caffe-cifar-10,7,machine-learning_20260604_003113_001,CalibForge,4,4,5,4,"cmake CPU-only build of mlpack with no dependencies pre-installed, then a program compiled against it. Caffe's dependency problem.","Build mlpack 4.5.1 from source into /app/mlpack (CPU-only, cmake). The environment provides a C++ toolchain; mlpack's library dependencies are not pre-installed. Then create a CMake project at /app/kmeans_proj/ (CMakeLists.txt + cluster.cpp"
caffe-cifar-10,8,machine-learning_20260602_105139_001,CalibForge,4,4,5,4,Another CPU-only XGBoost source build followed by training a classifier; pinned-value tests on the trained output.,"Build XGBoost version 1.7.6 from source with CPU-only support, then use it to train a binary classifier on the provided dataset. The source must be cloned from https://github.com/dmlc/xgboost.git (tag v1.7.6) into /app/xgboost and compiled "
caffe-cifar-10,9,machine-learning_20260604_194036_001,CalibForge,4,4,4,4,"Faiss CPU-only with AVX2, shared library and bindings — practising exactly the build-variant flags Caffe's CPU_ONLY switch controls.","Build Facebook AI Similarity Search (Faiss) version 1.7.4 from source. The build must be CPU-only with AVX2 optimizations, produce a shared library, and include working Python bindings. After the build, create /app/benchmark.py that evaluat"
caffe-cifar-10,10,tw_18273,TerminalWorld-Seeds-Clean,4,4,4,4,"Split the data, run the LIBSVM trainer CLI to produce a model file and report validation accuracy. The train-and-measure half, strongly verified.","Train an SVM classifier using the LIBSVM library on the heart disease dataset located at `/libsvm/heart_scale`. Use the first 170 samples as training data and the remaining 100 samples as validation data, saving them to `/app/heart.training"
cancel-async-tasks,1,software-engineering_20260507_172207_003,CalibForge,5,5,5,5,"Same run_tasks signature in /app/run.py: semaphore bound, no lost permit on early cancel, finally blocks run under SIGINT. A near-clone.","Create a Python function `run_tasks(tasks: list[Callable[[], Coroutine[None, None, None]]], max_concurrent: int) -> None` in `/app/run.py` that executes async tasks with bounded concurrency. Each task is an async callable (returns a corouti"
cancel-async-tasks,2,software-engineering_20260419_112101_003,CalibForge,5,5,5,5,Bounded async runner that must survive SIGINT/SIGTERM; names the semaphore-leak and cancel-races-timeout failures explicitly.,Implement a Python async task execution framework in `/app/taskrunner.py` that manages concurrent tasks with graceful shutdown semantics. The module should provide a function with this signature: ```python async def run_with_limits( tasks: 
cancel-async-tasks,3,software-engineering_20260507_173144_003,CalibForge,5,5,5,5,Cancelled workers must release their resource and hand back in-flight items; cancellation-safe cleanup with a strong verifier.,Implement an async worker pool in `/app/worker_pool.py` that processes items from an `asyncio.Queue` with graceful shutdown and proper resource cleanup. The module should expose a class `WorkerPool` with this interface: ```python class Work
cancel-async-tasks,4,software-engineering_20260507_170334_003,CalibForge,5,5,4,4,"Bounded async worker pool with graceful shutdown behind an async context manager; same primitives, class-shaped interface.",Create a Python module called `/app/worker_pool.py` that implements an asynchronous worker pool for processing items with bounded concurrency and graceful shutdown. The module should provide an async context manager class called `WorkerPool
cancel-async-tasks,5,task_003554_91800ef0,TMax-15K,5,5,3,4,Background tasks are not cancelled or cleaned up when their connection closes; every test pins a concrete value.,"You are debugging a failing build for a Python-based asynchronous network service. The integration tests are failing because the service leaks internal background tasks when a client disconnects unexpectedly or requests a specific URL, even"
cancel-async-tasks,6,software-engineering_20260511_150433_003,CalibForge,4,5,4,4,Async job scheduler with max_concurrent and a shutdown deadline; adds dependencies to the same cancellation contract.,"Implement an async job scheduler in `/app/scheduler.py` with a function `run_jobs(jobs: list[tuple[int, Callable[[], Awaitable[None]], float, list[int]]], max_concurrent: int, shutdown_deadline: float = 5.0) -> None` where: - Each job is a "
cancel-async-tasks,7,software-engineering_20260603_181444_003,CalibForge,4,5,5,4,run_with_timeout over subprocesses at most max_concurrent at a time; bounded concurrency plus cancelling overrunning work.,"I need `/app/procpool.py` with an async function `run_with_timeout(commands, timeout, max_concurrent)`. `commands` is a list where each element is a command line like `[""echo"", ""hello""]`. Run them with at most `max_concurrent` at once. Each"
cancel-async-tasks,8,task_003764_3d6b8df9,TMax-15K,5,5,3,4,Async tasks leak under specific cancellation conditions; requires knowing exactly what a cancel does and does not tear down.,You are a DevOps engineer investigating a memory and task leak in our Python asynchronous microservices. We suspect that tasks are leaking under specific cancellation conditions. We have a proprietary log parsing library vendored at `/app/v
cancel-async-tasks,9,software-engineering_20260429_103257_003,CalibForge,4,4,5,4,"run_tasks at /app/run.py with max_workers and timeouts; identical interface contract, thread pool instead of the event loop.","Create a Python function called `run_tasks` in `/app/run.py` that can be imported as `from run import run_tasks`. The function signature should be: ```python def run_tasks( tasks: list[Callable[[], Any]], max_workers: int, task_timeout: flo"
cancel-async-tasks,10,task_000705_dd1c4aef,TMax-15K,5,5,3,4,Handle asyncio.CancelledError correctly so a cancelled client leaves no orphaned task running forever.,"You are a performance engineer called in to debug a severe resource leak in a Python asynchronous backend service. The service processes incoming network requests, but under heavy load with frequent client cancellations (disconnects), it le"
chess-best-move,1,games_20260604_004411_001,CalibForge,5,5,5,5,"Read the board from board.png, pick the best move for the side to play, write it to /app/move.txt. Same task, simpler game.","The file /app/board.png contains an image of a tic-tac-toe board. It is currently O's turn to move. Write the best move for O to /app/move.txt in the form ""row,col"" (zero-indexed). For example, top-left is ""0,0"" and bottom-right is ""2,2"". I"
chess-best-move,2,games_20260611_112034_001,CalibForge,5,4,5,5,"Extract the position from a rendered board image then find the best move for the player to move; both halves, exact answer.","/app/goboard.png is an image of a 19×19 Go board. Black stones appear as dark circles, white stones as light circles, placed on a wooden board with grid lines. It is Black's turn. Extract the board position from the image, then install GNU "
chess-best-move,3,games_20260601_053159_001,CalibForge,5,4,5,5,"Segment a 9x9 grid from an image, read every cell, solve it, write the exact result. The image-to-board-state skill, strongly verified.","The file `/app/sudoku.png` contains an image of a Sudoku puzzle. Extract the puzzle grid from the image, solve it, and write the completed 9×9 grid to `/app/solution.txt`. Each row should be written on its own line, with digits 1-9 and no s"
chess-best-move,4,games_20260606_172622_001,CalibForge,4,5,4,4,Drive Stockfish over FEN positions and emit one UCI move per line — the engine half in the same game and notation.,The script `/app/analyze.py` is supposed to read chess positions from `/app/positions.fen` (one FEN per line) and write the best move for each position to `/app/best_moves.txt` (one UCI move per line). Stockfish is installed at `/usr/games/
chess-best-move,5,games_20260416_020953_001,CalibForge,5,4,5,4,"Classify each cell of a board image into numbers, flags or unrevealed, then deduce. Per-cell glyph recognition, like naming pieces.","The file `minesweeper_board.png` contains an image of a partially-revealed minesweeper game board. Each cell shows either a number (indicating how many adjacent mines exist), a flag, or is unrevealed (shown as a raised button). The mine cou"
chess-best-move,6,games_20260612_191200_001,CalibForge,5,4,4,4,Find the grid in a textured board photo and separate dark from light stones; the hardest part of reading a rendered board.,"The file /app/go_board.png contains an image of a 9×9 Go board at the end of a game. The board has a wood-colored background with a grid. Black stones are dark, white stones are light, and empty intersections show only the wood background. "
chess-best-move,7,games_20260615_105532_001,CalibForge,5,4,5,4,Board image plus an engine: determine the side to move and write the single best move to a file. Identical pipeline.,The file go_board.png has an image of a Go (Baduk/Weiqi) board with a game in progress. Determine whose turn it is and use a Go engine to find the best move. Write the single best move for the current player to /app/best_move.txt using stan
chess-best-move,8,task_13538,Terminal-Lego-15k,5,5,4,4,"Build a chess engine with legal move generation, search and evaluation; the only real chess-rules implementation in the pool.",# Chess Engine Implementation Task ## Objective Implement a basic chess engine in Python that can play legal chess moves using a search algorithm and board evaluation function. The engine should be able to evaluate board positions and selec
chess-best-move,9,games_20260611_205750_001,CalibForge,4,3,4,4,"Decode a fixed-cell-size rendering into an exact live/dead grid; the pixel-to-cell-matrix step on its own, checked cell by cell.","The file `/app/oscillator.png` contains an image of a Conway's Game of Life oscillator pattern. Each cell is rendered as a 20×20 pixel square: black squares are live cells, white squares are dead cells. Simulate this pattern under the stand"
chess-best-move,10,games_20260615_143956_001,CalibForge,4,5,4,4,Stockfish analysis across PGN games hunting the biggest evaluation swing; teaches engine scores and mate handling this task needs.,"The file games.pgn contains several chess games in PGN format. Each game has a ""Site"" header with a URL identifying it. Use Stockfish to analyze each game and find the one with the largest single-move evaluation swing — the move where the e"
circuit-fibsqrt,1,software-engineering_20260601_053159_004,CalibForge,5,5,5,5,"Author /app/prog.txt for a provided /app/sim, discovering its instruction format, under a 10,000-line cap. The same task, different function.","/app/sim is a compiled program that reads a file /app/prog.txt and a single integer from stdin, then prints a single integer to stdout. The prog.txt file contains instructions that the simulator executes. Create /app/prog.txt so that when y"
circuit-fibsqrt,2,software-engineering_20260606_153537_004,CalibForge,5,5,5,5,"Program a documented toy machine to compute a number-theoretic function inside a 200-line and 500,000-step budget. Same budgeted-codegen problem.","A stack-based virtual machine lives at `/app/vm`. Given a program file and an integer N, it pushes N onto the stack, executes the program, and prints the value at the top of the stack when it reaches a HALT instruction. /app/vm program.txt "
circuit-fibsqrt,3,software-engineering_20260511_015840_004,CalibForge,5,5,5,5,"Hand-write VM assembly that computes the Nth Fibonacci number for a supplied simulator; same algorithm, same substrate.",A minimal stack-based virtual machine implementation is provided in `/app/vm.c`. The VM has been compiled and is available as `/app/vm`. An assembler `asm.py` is also provided to convert assembly source to binary format. The VM's instructio
circuit-fibsqrt,4,software-engineering_20260603_181444_018,CalibForge,5,5,4,5,"Build add, subtract, multiply and divide from only & | ^ ~ << >> — the ripple-carry and shift-subtract constructions a 32-bit netlist needs.","Write `/app/bitmath.c` that compiles with `gcc -std=c99 -Wall -Werror -o /app/bitmath /app/bitmath.c` and reads two integers from command-line arguments, then prints four lines: ``` add: RESULT sub: RESULT mul: RESULT div: RESULT ``` Where "
circuit-fibsqrt,5,software-engineering_20260508_045740_004,CalibForge,5,5,5,5,"Emit a stack-VM program line by line from its instruction list, using memory, labels and jumps; every test pins an expected value.",The file `/app/vm.c` is a stack-based virtual machine interpreter. Each line of `/app/program.txt` should contain one instruction from the following set: ``` PUSH n - push integer n onto the stack POP - discard the top of stack DUP - duplic
circuit-fibsqrt,6,task_000405_db54ffe9,TMax-15K,5,5,4,4,Reconstruct a logic circuit's dependency graph from its rules and evaluate it exactly for any inputs; circuit building and evaluation.,"You are a script developer building a fast C++ utility for evaluating a static dataflow circuit. Your team lost the original configuration file for the production circuit, but managed to find a screenshot of the textual rules representing t"
circuit-fibsqrt,7,task_09170,Terminal-Lego-15k,5,4,3,4,"Implement integer square root from scratch; the isqrt half of this task, and its bit-by-bit method maps directly onto gates.",# Task: Implement Your Own Square Root Function ## Description Implement a square root function from scratch without using built-in square root functions (like `math.sqrt()` in Python or `Math.sqrt()` in JavaScript). Your implementation sho
circuit-fibsqrt,8,software-engineering_20260604_194036_025,CalibForge,4,5,4,4,"Deduce an undocumented opcode encoding from example programs, then author a bytecode program of your own that computes a value.",Write a virtual machine emulator for the SVM-32 instruction set and use it to execute the bytecode programs in `/app/programs/`. The VM specification is in `/app/vm_spec.txt` — read it carefully. It describes a stack-based VM with 32-bit in
circuit-fibsqrt,9,task_000258_60a61045,TMax-15K,4,5,4,4,Translate an instruction list into exact bytes for a stack machine and emulate it to predict the result; both tests pin values.,"You are an integration developer tasked with creating a tool to test a legacy API endpoint. The API does not accept JSON or XML; instead, it accepts a custom binary payload that acts as bytecode for a small virtual machine on the server. Yo"
circuit-fibsqrt,10,software-engineering_20260610_111012_004,CalibForge,4,4,4,4,"Compile a minimal-instruction language to C, recognising loop idioms and lowering them to primitives; program generation under a time budget.",The file /app/bfi.c is a simple Brainfuck interpreter that executes a Brainfuck program read from a file. You can compile it with `gcc -O2 -o /app/bfi /app/bfi.c` and run it as `/app/bfi /app/programs/hello.bf`. The interpreter is correct b
cobol-modernization,1,software-engineering_20260419_065313_005,CalibForge,5,4,5,5,"Re-implement a legacy AWK script from /app/src in Python with byte-identical output, verified by diffing against the real awk run","You are given a legacy AWK script at `/app/src/inventory.awk` that processes transaction files. The AWK script reads transaction records from one or more input files, maintains inventory state across all files, validates business rules, and"
cobol-modernization,2,software-engineering_20260419_023954_005,CalibForge,4,5,4,5,Parse a COBOL copybook and decode the fixed-layout record file it defines; teaches the PIC/level-01 reading the port needs,A legacy mainframe system has exported customer records in binary format to `/app/data/customers.dat`. The record layout is defined in the COBOL copybook at `/app/data/customers.cpy`. Your task is to write a Python script at `/app/decode.py
cobol-modernization,3,software-engineering_20260507_093408_005,CalibForge,4,5,4,4,Decode 38-byte records with EBCDIC cp500 text and COMP-3 packed decimals: the data encodings GnuCOBOL actually emits,"A legacy transaction processing system exports account records in a binary file format. Each account record is 38 bytes with this fixed-width structure: - Bytes 0-7: Account ID (8 bytes, EBCDIC-encoded string using code page cp500) - Bytes "
cobol-modernization,4,task_001549_376af22d,TMax-15K,5,3,5,4,Rewrite a legacy tool in Python with bit-exact output compatibility; identical port-and-match-the-reference crux,"You are a log analyst investigating anomalous patterns in a high-throughput server. Your team relies on a legacy C++ tool, located at `/app/legacy_detector`, to process JSON-lines server logs, extract metrics, and flag anomalies. Unfortunat"
cobol-modernization,5,software-engineering_20260508_204815_005,CalibForge,4,4,4,4,Collapse a legacy shell pipeline into one Python script that reproduces every report file exactly,A log processing pipeline at `/app/scripts/` consists of shell scripts that were originally developed on a system where `/bin/sh` was bash. The scripts are failing on the current Ubuntu system where `/bin/sh` is dash. The scripts process we
cobol-modernization,6,task_003400_a6cc667a,TMax-15K,5,3,5,4,Reimplement a legacy C engine's exact behaviour in Python to retire it; exactness of output is the graded property,"You are a localization engineer tasked with modernizing our translation pipeline. We are migrating away from an old, proprietary C-based localization scoring engine and need to reimplement its exact behavior in Python. The legacy binary is "
cobol-modernization,7,software-engineering_20260430_081156_005,CalibForge,4,5,3,4,Convert an EBCDIC mainframe binary export to CSV from a prose record-layout README,I've been given a binary transaction data file exported from our company's legacy mainframe and need to convert it to CSV format for our new transaction system. The data is at `/app/data/transactions.dat` and the documentation I have is in 
cobol-modernization,8,task_004796_0a0519b2,TMax-15K,4,4,4,4,Finish migrating a legacy .dat telemetry parser to Python; proprietary fixed record layout must be reproduced exactly,"You are an IT support technician responding to an escalated ticket (Ticket #8831). **Ticket Details:** ""Hi Support, we have a legacy C++ data extraction tool located at `/app/legacy_decoder`. It parses our proprietary `.dat` telemetry logs "
cobol-modernization,9,task_002223_e0a30625,TMax-15K,4,3,4,4,Rewrite a lost-source report generator in Python that reproduces its printed capacity report exactly,You are an infrastructure engineer tasked with setting up a capacity planning metric ingestion pipeline and rewriting a legacy analysis tool. Part 1: Metric Pipeline Setup (Multi-Service) We have a local metric ingestion system consisting o
cobol-modernization,10,axelrod-python__axelrod-1113,SWE-Rebench-Tasks-Clean,4,3,3,4,"Make a Python strategy match the original Fortran implementation it was ported from; repo-tests verifier, real legacy-port debugging",A git repository with the project this issue is about is checked out somewhere under / (commonly /<project-name>). Find it and work there. Newly implemented Gladstein isn't correct Woops we should have checked this on @dmanc's #1110. Using 
code-from-image,1,file-operations_20260610_111702_003,CalibForge,5,5,5,5,"Rebuild a C project from a screenshot of its source; the same read-code-out-of-a-PNG-and-make-it-run problem, strongly verified",I took a screenshot of my C calculator project source code before my machine crashed. The screenshot is at /app/backup.png. Now I need to recover the project from this image. The project is a simple integer calculator that evaluates arithme
code-from-image,2,task_005252_9cc400a9,TMax-15K,5,5,5,5,formula.png holds the formula and processing rule; OCR it and implement the exact transformation and sort,You have been given an image file at `/app/formula.png` that contains a mathematical formula and a specific data processing rule. Your task is to write an executable script at `/home/user/solution.sh` that implements the exact transformatio
code-from-image,3,games_20260601_053159_001,CalibForge,5,5,4,5,Extract a Sudoku grid from an image then compute and emit the one exact correct solution,"The file `/app/sudoku.png` contains an image of a Sudoku puzzle. Extract the puzzle grid from the image, solve it, and write the completed 9×9 grid to `/app/solution.txt`. Each row should be written on its own line, with digits 1-9 and no s"
code-from-image,4,task_004606_391aae46,TMax-15K,5,5,5,5,spec.png carries the business logic; read it off the image and implement the filter and aggregation exactly,You are a data analyst working on a high-throughput CSV processing pipeline. Your manager has given you an image containing the specific business logic for a new data filter and aggregation tool. The specification image is located at `/app/
code-from-image,5,games_20260611_205750_001,CalibForge,5,5,4,4,Decode a Life pattern from a PNG at a known cell size and simulate it forward; image-to-semantics then exact execution,"The file `/app/oscillator.png` contains an image of a Conway's Game of Life oscillator pattern. Each cell is rendered as a 20×20 pixel square: black squares are live cells, white squares are dead cells. Simulate this pattern under the stand"
code-from-image,6,task_000105_2c3c3a76,TMax-15K,5,5,4,4,OCR a multiplier and modulus from a PNG and replicate the PRNG; one misread digit ruins the final number,"You have recently joined a team and inherited a proprietary C++ mathematical compute engine located at `/home/user/project/`. The previous developer left abruptly, and the codebase is currently in an unbuildable state. Furthermore, QA repor"
code-from-image,7,games_20260604_002443_001,CalibForge,4,5,4,4,"Parse a Minesweeper screenshot cell by cell against a stated rendering spec, then deduce the answer","`/app/board.png` is a screenshot of a Minesweeper board. The total number of mines is given in `/app/mines.txt`. Each cell is either revealed (flat light-gray background, possibly showing a colored digit 1–8, blank for zero) or hidden (rais"
code-from-image,8,task_000333_7a82aa70,TMax-15K,5,5,4,4,A scanned image of model architecture and weights is the only source; reconstruct the scoring model from it,"You are assisting a data science researcher in organizing and scoring their datasets. The researcher has lost the original source code for their data scoring model, but they have a scanned image of the model's architecture and weights saved"
code-from-image,9,file-operations_20260509_111805_001,CalibForge,4,5,4,4,"Repair PNG fragments, read the code text out of each, and assemble the exact unlock string","A colleague accidentally corrupted several PNG files during a Git repository migration. They had a misconfigured `.gitattributes` file that applied line-ending conversion to all files, including binaries. Now the PNG files won't open in any"
code-from-image,10,task_09114,Terminal-Lego-15k,4,3,4,4,"Implement an algorithm matching the supplied pseudocode exactly, loops included, with no library shortcut; 12 pinned assertions",# Odd Sorting Algorithm Implementation and Verification ## Task Description You are given an unusual sorting algorithm that appears counterintuitive but actually works correctly. Unlike traditional sorting algorithms where the inner loop ha
compile-compcert,1,software-engineering_20260503_030115_001,CalibForge,5,5,5,5,"Build a legacy autotools package on a modern host, fixing whatever breaks, and install a working binary at a named path",Build the `tunnel6` utility from the source code in `/app/tunnel6-src`. The project uses GNU Autotools and is meant to create a TCP proxy for IPv4-to-IPv6 tunneling. The source hasn't been maintained in years and doesn't build on modern sys
compile-compcert,2,tw_6033,TerminalWorld-Seeds-Clean,5,5,5,5,Configure the build environment with the right cross-compiler prefix before building an OS from source; the configure-to-the-architecture step,"Build the LainOS v0.0.3 operating system from its source repository. Clone the project from `https://github.com/lain-dono/lainos.git`, configure the build environment with the appropriate cross-compiler toolchain prefix (`i586-elf-`), and c"
compile-compcert,3,software-engineering_20260507_172207_002,CalibForge,5,5,5,5,Build OpenSSL from source then Redis against that exact build with TLS; staged toolchain where each layer configures the next,"Build Redis 7.2.4 from source with TLS support enabled, statically linked to a custom OpenSSL 3.0.13 installation that you build from source and install to `/app/openssl`. Requirements: 1. Build OpenSSL 3.0.13 from source as a static librar"
compile-compcert,4,software-engineering_20260513_204744_002,CalibForge,4,5,5,4,"Bootstrap three compression libraries from source because no dev packages exist, then configure HTSlib with full feature support","Build HTSlib 1.20 from source and install it to `/usr/local`. HTSlib requires three compression libraries (zlib, bzip2, and liblzma/xz) to fully support CRAM file compression. The system does not have these development libraries installed i"
compile-compcert,5,tw_135422,TerminalWorld-Seeds-Clean,4,5,5,4,Compile Binutils as an LFS cross-toolchain stage; target triples and staged compiler bring-up,Compile and install the Binutils 2.27 package as part of an LFS (Linux From Scratch) cross-toolchain build. The source tarball `binutils-2.27.tar.gz` is located in `$LFS/sources`. Binutils must be configured as a cross-compiler targeting `$
compile-compcert,6,software-engineering_20260507_093408_002,CalibForge,4,5,5,4,Build ncurses and libevent statically and link tmux against those specific builds rather than system copies,"Build tmux 3.3a as a fully static binary with custom-built dependencies. Download the source archives for tmux 3.3a, ncurses 6.4, and libevent 2.1.12-stable. Build ncurses and libevent from source with static library support, then build tmu"
compile-compcert,7,task_10623,Terminal-Lego-15k,4,5,4,4,Trace a ./configure abort back to the missing 32-bit FreeType dev package and install it; the core configure-failure diagnosis loop,"# Task: Fix FreeType 32-bit Development Dependencies for Wine Cross-Compilation on 64-bit Ubuntu ## Background When compiling Wine (or a patched version of Wine) on a 64-bit Ubuntu system, the `./configure` step may fail with the following "
compile-compcert,8,tw_204493,TerminalWorld-Seeds-Clean,4,4,5,4,Build from source on a host missing the runtime and build dependencies entirely; bootstrap the environment first,"Install asciinema from source on this CentOS 7 system. The system may lack the necessary Python 3 runtime and build dependencies, which you will need to obtain and configure before building. The end goal is a working `asciinema` command ava"
compile-compcert,9,task_000630_d219562d,TMax-15K,4,4,4,4,Build blocked by a dependency version conflict in CMakeLists; resolving pinned versions is what stalls a CompCert build,"You are a Site Reliability Engineer (SRE) investigating a bizarre cascading failure. Our log processing pipeline went down, and we suspect malicious or malformed log payloads are causing infinite loops in our C++ log ingestion service. Addi"
compile-compcert,10,conan-io__conan.86f29e13.pr_11678,SWE-Smith-Seeds-Clean,4,5,2,4,Fix AutotoolsToolchain's compiler flag handling; the machinery that decides how a build is configured for a given host,"### Issue: Incorrect Handling of Compiler Flags in AutotoolsToolchain #### Description After the recent changes, it seems that the `AutotoolsToolchain` is not correctly handling the compiler flags as expected. This issue is causing unexpect"
configure-git-webserver,1,system-administration_20260415_094424_002,CalibForge,5,5,5,5,"Bare repo deploys on push into an nginx-served webroot and currently does not; the same hook-to-webserver chain, strongly verified","A deployment server was recently set up to automatically deploy web applications using git push. The bare git repository is at `/srv/git/webapp.git` and should deploy to `/var/www/webapp`, which nginx serves on port 8080. The setup isn't wo"
configure-git-webserver,2,task_005314_7cca9f30,TMax-15K,5,5,5,5,Configure a bare repo whose post-receive hook regenerates a served artifact; push-to-deploy built from scratch,"You are an infrastructure engineer setting up a lightweight ""push-to-deploy"" pipeline. You need to configure a local bare Git repository that uses a Python-based hook to automatically generate a load balancer configuration file and log the "
configure-git-webserver,3,task_002290_2f19b664,TMax-15K,5,5,5,5,Debug a broken post-receive hook on a bare repo until the push actually completes its deployment,"I am building a local microservices-based CI/CD pipeline, but the automated deployment sequence is failing. I have a bare Git repository at `/home/user/registry.git`. It contains a Python `post-receive` hook that is supposed to trigger a lo"
configure-git-webserver,4,system-administration_20260509_111805_005,CalibForge,5,5,5,5,"Repair a git HTTP server made of nginx, fcgiwrap and git-http-backend so clone and push work again","A developer set up a Git HTTP server on this machine for internal use, but it's broken. Git clone and push operations are failing. The setup uses nginx with fcgiwrap to serve repositories via git-http-backend. Authentication should use HTTP"
configure-git-webserver,5,system-administration_20260610_112157_004,CalibForge,4,5,5,4,Serve repositories over smart HTTP through nginx and over git://; git server plus web server on one host,Set up a public Git hosting server on this machine. Repositories should be accessible via two protocols: 1. **Smart HTTP** — through nginx. Clone and fetch must work over HTTP on port 80. 2. **Git protocol** — through git-daemon. Anonymous 
configure-git-webserver,6,task_006679_24c9d5ea,TMax-15K,4,5,4,4,Write both the git hook and the proxy in front of it to finish a staged deployment; both halves of this task,"You are a network engineer tasked with troubleshooting and fixing a custom, lightweight staged deployment pipeline. The previous engineer left the project incomplete. You need to write a Git hook and a proxy router to complete the system. T"
configure-git-webserver,7,system-administration_20260613_152233_007,CalibForge,4,5,5,4,Authenticated SSH pushes plus a browsable web view of the same repositories; the ssh-and-http pairing this prompt implies,"Set up a self-hosted Git server on this machine. It must support anonymous reads (git://), authenticated pushes (SSH), and a web browser interface for viewing repositories. Create two repositories under /srv/git/: - `project-alpha.git` — de"
configure-git-webserver,8,task_008507_de9e4b80,TMax-15K,4,5,5,4,GitOps pipeline where a developer push must end up published by the hook; push-triggers-publish wiring end to end,"Hello! I am an observability engineer setting up a local GitOps workflow for our dashboard configurations, and I need your help to build the pipeline. We want developers to push dashboard JSON files to a local Git server, which automaticall"
configure-git-webserver,9,tw_220186,TerminalWorld-Seeds-Clean,4,5,5,4,"Git-init and commit a directory, serve it over local HTTP, then have a client fetch the content back; the serve-a-git-tree round trip","Create a local Git-based Helm chart repository from the existing chart source at `/app/test-chart/`. The repository should be set up in a directory called `/app/simple-helm-repo/`, containing the packaged chart archive (`test-chart-0.0.1.tg"
configure-git-webserver,10,jelmer__dulwich-1073,SWE-Rebench-Tasks-Clean,4,5,2,4,Index-to-worktree reset misbehaves after init and commit; checking a pushed tree out of a bare repo is the deploy hook's whole job,A git repository with the project this issue is about is checked out somewhere under / (commonly /<project-name>). Find it and work there. Repo.reset_index is broken Suppose I have a repository with a staged file: ```bash mkdir test-repo cd
constraints-scheduling,1,personal-assistant_20260419_182351_001,CalibForge,5,5,5,5,Compute correct availability windows from three ICS calendar files; the exact parse-then-intersect step this task needs,"Our team calendar integration is producing incorrect availability windows. We have three ICS calendar files (`/app/calendars/team_calendar.ics`, `/app/calendars/holidays.ics`, `/app/calendars/personal.ics`) that need to be merged and proces"
constraints-scheduling,2,personal-assistant_20260415_182321_001,CalibForge,5,5,5,5,"Find a meeting slot for a distributed team inside a Mon-Fri window across three timezones; same search, same UTC pitfalls","Schedule a recurring weekly team meeting for a distributed engineering team across three timezones during March-May 2025. The first meeting must occur during March 10-14, 2025 (Monday-Friday), and subsequent meetings recur weekly for a tota"
constraints-scheduling,3,personal-assistant_20260514_134238_001,CalibForge,5,5,5,5,Detect all conflicts across per-member ICS calendars for a queried range; the busy-interval intersection over attendees,A team scheduling assistant needs to detect all calendar conflicts for a specific date range. Given: - `/app/calendars/` directory containing ICS files for team members - A query file `/app/query.json` specifying the date range and target a
constraints-scheduling,4,task_09097,Terminal-Lego-15k,5,4,5,5,"Generate a school timetable as a constraint satisfaction problem with hard rules and preferences; the solver half, strongly verified",# School Timetable Generation Algorithm ## Task Description Implement an algorithm to generate a valid school timetable. This is a classic constraint satisfaction and optimization problem. Your solution should create a weekly timetable that
constraints-scheduling,5,personal-assistant_20260417_112147_001,CalibForge,5,5,4,4,Fit focus blocks into the gaps between existing meetings under dependency constraints,"My team uses a task management system that tracks tasks with dependencies. I need to automatically schedule ""focus blocks"" for working on these tasks around our existing meetings. **Input Files:** 1. `/app/tasks.json` - Tasks with IDs, esti"
constraints-scheduling,6,personal-assistant_20260419_023954_001,CalibForge,4,5,4,4,Expand recurring ICS events for a month including cancelled instances; correct VEVENT and RRULE semantics,A project manager needs to extract all scheduled occurrences of recurring events from an ICS calendar file for the month of November 2024. The calendar contains multiple recurring events with cancelled instances and modified instances that 
constraints-scheduling,7,personal-assistant_20260510_125534_001,CalibForge,4,5,4,4,Generate a valid ICS calendar file from extracted events; teaches the output format this task is graded on,Parse travel itinerary confirmation emails and generate a valid ICS calendar file containing all flight segments. Three airline confirmation emails are stored in `/app/emails/`: - `united_confirmation.eml` - United Airlines confirmation (HT
constraints-scheduling,8,collective__icalendar-878,SWE-Rebench-Tasks-Clean,4,5,2,4,"A real bug in the icalendar library; the only RFC 5545 implementation work anywhere in the pool, repo-tests verified",A git repository with the project this issue is about is checked out somewhere under / (commonly /<project-name>). Find it and work there. [BUG] Missing timezones are added to the end of the file but should be at the start <!-- This templat
constraints-scheduling,9,task_08960,Terminal-Lego-15k,4,5,4,4,Implement recurring events with per-occurrence modifications; the recurrence model underneath a real calendar file,# Task: Implement a Recurring Events Model for Calendar Application ## Description Design and implement a recurring events system for a calendar application in Ruby. The system must handle the core challenge of calendar applications: suppor
constraints-scheduling,10,task_000413_de5af0d1,TMax-15K,4,4,4,4,A job scheduler picks the wrong times for users in other timezones; scheduling logic whose bug is timezone handling,"You are the on-call engineer and have just been paged at 3 AM. Our internal job scheduling service, `bash-http-scheduler`, is failing to schedule jobs correctly, particularly for users in different timezones and for boundary times (e.g., ex"
count-dataset-tokens,1,model-training_20260501_172213_001,CalibForge,5,5,5,5,"Read HF dataset README, filter to a domain subset, count Qwen2.5-1.5B-Instruct tokens, write integer. Near-identical to the TB task.","Find which `primary_tag` domain in the `argilla/magpie-ultra-v0.1` dataset has the highest total token count when considering only the first 10,000 samples with `difficulty` rating of ""medium"" or ""hard"". The dataset README provides details "
count-dataset-tokens,2,model-training_20260503_030115_001,CalibForge,5,5,5,5,"Same tokenizer, same HF-dataset-split token accounting, same plain-integer answer file; adds chat-template masking rigour.","I'm preparing to fine-tune a Qwen2.5-1.5B-Instruct model on conversational data and need to know how many trainable tokens are in the `train` split of the `smangrul/ultrachat-10k-chatml` dataset on HuggingFace. For instruction tuning, only "
count-dataset-tokens,3,model-training_20260418_190236_001,CalibForge,5,5,5,5,Qwen2.5-1.5B-Instruct token counts aggregated per conversation over a HF dataset into one integer in /app/answer.txt.,"Count the total tokens in the longest assistant response per conversation from the `HuggingFaceH4/no_robots` dataset (train split). For each conversation, find the assistant message with the most tokens, then sum these maximum values across"
count-dataset-tokens,4,model-training_20260510_142854_001,CalibForge,4,5,4,4,"Debugging a wrong Qwen token count teaches the failure modes (chat template, special tokens) that make the TB answer off-by-thousands.",I have a token counting script at `/app/count_tokens.py` that's supposed to count the total number of tokens in my training dataset (`/app/training_data.json`) using the Qwen2.5-1.5B-Instruct tokenizer. The script should format each example
count-dataset-tokens,5,model-training_20260509_020109_001,CalibForge,4,5,4,4,Reconciling two disagreeing token totals for one dataset forces reasoning about tokenizer configuration rather than trusting a script.,"A colleague prepared a training dataset and calculated token counts for budgeting purposes. They used `/app/data/training_samples.jsonl` which contains text samples with many numeric values (IDs, timestamps, measurements, etc.), and ran `/a"
count-dataset-tokens,6,model-training_20260618_093107_001,CalibForge,4,4,5,4,Exact integer over a HF dataset with normalisation rules that decide the answer; same one-number-must-be-right verification.,How many examples in the WikiText-2 test set also appear in the training set? Count only exact text matches after stripping leading/trailing whitespace. Filter out completely empty lines (or lines with only whitespace) before comparing. Wri
count-dataset-tokens,7,model-training_20260510_125534_001,CalibForge,4,5,3,4,Qwen chat-template application and per-token label accounting over a conversation dataset; the tokenization half matches directly.,You have a multi-turn conversation dataset at `/app/data/conversations.jsonl` that needs to be prepared for supervised fine-tuning (SFT). Each conversation has an `id` field and a `messages` array with `role` and `content` fields. Prepare t
count-dataset-tokens,8,task_007987_c3a86327,TMax-15K,4,4,4,4,Sets up a tokenizer environment and reports exact token totals for every record of a JSONL dataset; same measurement pipeline.,I am organizing a new textual dataset for my research and need to run a quick tokenization benchmark to set up my experiment tracking. Please do the following on my Linux terminal: 1. Create a Python virtual environment named `venv` in `/ho
count-dataset-tokens,9,task_002347_599a129f,TMax-15K,4,4,4,4,Tokenizes a named dataset column with a real tokenizer and aggregates counts; the TB task minus the HF hub and README step.,"You are a data analyst setting up an automated pipeline to benchmark tokenization performance for a new text processing model. However, the headless Linux environment is causing display issues when generating reports (similar to how matplot"
count-dataset-tokens,10,tw_584886,TerminalWorld-Seeds-Clean,4,3,4,4,"Counts records exactly across two compressed dataset formats and reports integers; strong verifier, same count-the-dataset genre.","Count the number of genetic variants in two genomic data files located at `/app/NA12878.vcf.gz` (a gzip-compressed VCF file) and `/app/NA12878.parquet` (a Parquet file). For the VCF file, count all non-header lines (i.e., data lines that do"
crack-7z-hash,1,task_000306_b7243206,TMax-15K,5,5,5,5,"Cracks the password of /app/bundle.zip using a clue plus a wordlist, then extracts it — the exact protected-archive wordlist attack.",You are an incoming security engineer tasked with updating our credential processing pipeline. We are rotating credentials and fixing a critical vulnerability in our microservices where JWTs with `algorithm: none` are being accepted. Your m
crack-7z-hash,2,task_000404_22839b0e,TMax-15K,5,5,5,5,Brute-forces the rest of a partly-known password to open encrypted network_logs.zip; same archive-password recovery then extract.,"You are an incident responder investigating a recent breach on a web application server. We have gathered some evidence, but it is currently locked or obfuscated. You need to perform the following steps: 1. **Audio Intercept Analysis**: Lis"
crack-7z-hash,3,task_000686_867b10d0,TMax-15K,5,5,4,5,Extracts an MD5 hash from a binary and cracks it against a rockyou-style wordlist — the hash-plus-wordlist skill '7z-hash' names.,"You are a security engineer tasked with securing a legacy credential rotation system. The system handles uploading and rotating sensitive TLS certificates and keys, but it is currently vulnerable to path traversal and uses insecure authenti"
crack-7z-hash,4,task_000631_386f48f2,TMax-15K,5,5,5,5,Brute-forces a PIN protecting backup.zip and extracts it; identical crack-then-read-the-file loop.,"You are a compliance analyst investigating a past security incident. An attacker exploited a file upload handler susceptible to a path traversal vulnerability to drop an encrypted archive on the system. You need to retrace their steps, deco"
crack-7z-hash,5,security_20260501_172213_002,CalibForge,4,5,5,5,"Cracks a passphrase from the rockyou wordlist to extract hidden content, writing it to /app/solution.txt — same tools and same output file.",A colleague sent you an image file `/app/transmission.jpg` containing encrypted project documents. The README indicates passwords are in the rockyou wordlist. Extract the hidden content and write the secret passphrase to `/app/solution.txt`
crack-7z-hash,6,task_003528_a9c79a93,TMax-15K,4,5,4,4,Recovers the contents of an encrypted archive (payload.zip) from a breached host; archive decryption in a forensics context.,You are an incident responder investigating a recent breach. We have recovered two files from a compromised server: 1. `/home/user/dropper.elf`: A suspicious Linux executable. 2. `/home/user/payload.zip`: An encrypted archive that we believ
crack-7z-hash,7,task_000476_14b909cc,TMax-15K,4,4,4,4,Brute-forces the tail of a master token against an MD5 hash; small-keyspace hash cracking with a strong verifier.,"You are a security auditor testing the perimeter defenses and legacy authentication systems of a secure facility. The facility uses a custom token validation server, but the previous server was compromised and taken offline. Your task is to"
crack-7z-hash,8,security_20260513_205011_002,CalibForge,4,4,5,4,Recovers backup.enc's 'word+year' password from contextual clues and writes the decrypted secret; a rule/dictionary crack to solution.txt.,"A colleague's encrypted backup `/app/backup.enc` contains critical database credentials. The password follows a ""word + year"" pattern but the specific word and year are unknown. Some notes in `/app/notes/` may contain relevant information a"
crack-7z-hash,9,security_20260604_193356_002,CalibForge,4,4,5,4,Extracts secret.txt from an encrypted zip archive to /app/solution.txt; the crack-an-archive-and-read-a-file task in a different archive format.,"Extract the contents of secret.txt from /app/encrypted.zip and save them to /app/solution.txt. The archive also contains document.txt. The first portion of that file is available, encoded, at /app/document_hex.txt."
crack-7z-hash,10,rts_task_6e8029aca9566b2126985d35,Recursive-Task-Synthesis,3,4,5,4,"Reverse-engineers a crackme to recover its password and write it out; the find-a-secret-and-report-it genre, though verification is absent.","Reverse-engineer the Linux crackme binary at `/data/Crackme-Monologix-Linux` to find the password it expects. Save the discovered password, exactly as it is, to `/data/solution.txt`. Once you have the correct password, capture a genuine sys"
custom-memory-heap-crash,1,software-engineering_20260416_172928_016,CalibForge,5,5,5,5,"Memory-pool library passes in debug but crashes in release builds; the debug-ok/release-crash memory bug is the TB task's exact premise, strongly verified.","I've written a memory pool allocator library at `/app/fastpool/`. The test suite passes when compiled in debug mode, but fails in release builds. Our production servers are running with release builds and we're seeing crashes. The library c"
custom-memory-heap-crash,2,debugging_20260415_182321_002,CalibForge,5,5,5,5,"C++ parser: correct at -O0, wrong at -O2, with the same g++ -std=c++17 debug/release compile invocations; structurally identical, strong verifier.",I have a binary data parser at `/app/` that produces different hash values depending on the compiler optimization level. The hash function should be deterministic - same inputs must produce the same outputs regardless of how the code is com
custom-memory-heap-crash,3,task_07249,Terminal-Lego-15k,5,5,5,5,Debug a C++ program that only crashes with optimizations due to out-of-bounds UB masked by -O0 — the TB scenario stated almost verbatim.,"# Task: Debug a C++ Program That Only Crashes When Compiled with Optimizations ## Background You have a C++ program that works correctly when compiled without optimizations (`-O0`, typical of debug builds) but crashes or produces incorrect "
custom-memory-heap-crash,4,software-engineering_20260418_044216_016,CalibForge,5,5,5,5,Fix code that differs between -O0 and -O2 so it is correct at both AND passes Valgrind; the optimization-UB + Valgrind combination the TB task requires.,"A C program for processing custom image metadata files (`imgmeta.c`) produces different output depending on compiler optimization level. When compiled with `-O0`, the program produces one result; with `-O2` it produces different output. The"
custom-memory-heap-crash,5,debugging_20260421_155939_002,CalibForge,5,5,5,5,"A -O2 C++ app segfaults after a reconfiguration; locate the release-mode heap/lifetime bug in the observer code, verifier ok.","I have a C++ event processing application in `/app/` that crashes intermittently during production runs. The crash happens during the second batch of event processing, after a reconfiguration step. The crash looks like a segmentation fault "
custom-memory-heap-crash,6,debugging_20260507_170244_002,CalibForge,4,5,4,4,Custom pool allocator corrupts memory after repeated free/realloc; the subtle allocator corruption a custom-heap crash resembles.,I have a message queue system at `/app/` that uses a custom pool allocator for memory management. The system has been experiencing subtle memory issues - sometimes messages get corrupted or the program crashes after extended use. The code c
custom-memory-heap-crash,7,debugging_20260612_191200_002,CalibForge,4,5,4,4,"Fix a C dynamic-array program to pass all checks with no memory errors; memory-fault fixing against a memory-clean bar, strongly verified.","The program at `/app/` isn't working correctly. Build and test it, figure out what's wrong, and fix it. Source files: `main.c`, `darray.c`, `darray.h` Build: `gcc -g -O2 -Wall -o /app/taskmgr /app/main.c /app/darray.c` Test input: `/app/tes"
custom-memory-heap-crash,8,task_07194,Terminal-Lego-15k,4,5,4,4,Analyse a buggy C program with Valgrind and fix every memory error; directly trains the 'no Valgrind leaks' requirement.,"# Task: Memory Leak Detection and Fixing with Valgrind ## Description Valgrind is one of the most powerful memory debugging tools available on Linux. In this task, you will demonstrate proficiency with Valgrind by analyzing a C program that"
custom-memory-heap-crash,9,debugging_20260610_111012_002,CalibForge,4,4,4,4,"A native C extension segfaults on some inputs; find and fix the memory bugs so all functions run without crashing, strong verifier.","I have a Python C extension at `/app/` that I've been developing. Build it with: python3 setup.py build_ext --inplace When I import the module and use it, Python sometimes crashes with a segmentation fault. I'm not sure which function is ca"
custom-memory-heap-crash,10,task_000312_c54963ff,TMax-15K,4,4,4,4,"Eliminate a severe memory leak in a performance-critical release build; the release-build memory-cleanliness goal, strongly verified.","You are a release manager preparing a critical data-processing module for deployment. The module consists of a performance-critical C extension loaded by a Python wrapper. Currently, the build system is broken, and the previous developer le"
db-wal-recovery,1,file-operations_20260501_051538_002,CalibForge,5,5,5,5,"Main .db lost, parse the surviving SQLite WAL and recover all records to JSON; the TB task almost verbatim, strongly verified.","A SQLite database was corrupted and the main `.db` file was lost. However, the Write-Ahead Log (WAL) file `forensics.wal` survived. Write a Python script `wal_recovery.py` that parses the WAL file and recovers all records, including both cu"
db-wal-recovery,2,file-operations_20260416_172928_002,CalibForge,5,5,5,5,Corrupted WAL where SQLite drops frames after a bad checksum; recover all valid frames — demands the WAL binary format and checksum logic.,"I have a corrupted SQLite Write-Ahead Log (WAL) file at `/app/data/corrupted.wal`. When SQLite recovers a WAL, it stops at the first frame with a checksum mismatch and silently drops all subsequent frames - even if those frames are perfectl"
db-wal-recovery,3,debugging_20260508_204815_005,CalibForge,5,5,5,5,WAL header magic + page-size corrupted; repair the header from knowledge of the WAL format so the data reads — the TB's 'fix the WAL' step exactly.,"A bank's transaction processing system crashed, leaving behind only a corrupted SQLite Write-Ahead Log (WAL) file. The main database file was lost in the incident. The WAL file at `/app/bank_transfers.db-wal` contains critical bank transfer"
db-wal-recovery,4,file-operations_20260501_172213_004,CalibForge,5,5,5,5,Recover message records from a lone messages.db-wal after the .db was lost; identical artifact and recover-all-records objective.,A user's application crashed and their SQLite database file (`messages.db`) was lost. The only remaining artifact is the Write-Ahead Log file `messages.db-wal` found in the backup. They need to recover the message records from this WAL file
db-wal-recovery,5,file-operations_20260430_081156_004,CalibForge,4,5,5,5,Parse a never-checkpointed WAL and write every record as a JSON array; same recovery-to-JSON shape as the TB output.,"A colleague accidentally deleted the main SQLite database file (`messages.db`) from a messaging application, but the WAL file (`messages.db-wal`) survived. The messages had been written but never checkpointed, so all the data exists only in"
db-wal-recovery,6,file-operations_20260415_182321_004,CalibForge,4,5,4,4,"Corrupted WAL header, intact frames, standard tools fail; hand-parse the frames to extract the data — the repair-then-read skill.","A production database server crashed during active operations. The Write-Ahead Log (WAL) file has a corrupted header, but the frame data may still be intact. Standard SQLite recovery tools fail due to the header corruption. Extract the unco"
db-wal-recovery,7,file-operations_20260506_213248_004,CalibForge,4,5,4,4,".db + .db-wal where records appear missing on a normal query; recover the hidden ones — the exact '5 visible, more expected' symptom.","A database file `vault.db` from a password manager application was recovered from a crashed system. The associated Write-Ahead Log file `vault.db-wal` is present alongside it. When querying the database normally, some records appear to be m"
db-wal-recovery,8,task_001233_2cf2dc10,TMax-15K,4,5,4,4,"Recover a SQLite database left in WAL state before continuing a pipeline; SQLite-WAL recovery is the crux, strong verifier.","You are a performance engineer tasked with debugging a profile aggregation pipeline located in `/home/user/profiler`. Currently, the system is in a broken state due to a recent crash and some existing bugs in the aggregation script. Your go"
db-wal-recovery,9,task_14420,Terminal-Lego-15k,4,5,3,4,"Checkpoint/merge a SQLite WAL into the main .db so all rows become visible; the 'make SQLite read all records' operation, strongly verified.","# Task: Merge SQLite WAL File into Main Database ## Description When SQLite is configured with WAL (Write-Ahead Logging) mode, writes go to a separate `-wal` file rather than directly to the main database file. Your task is to write a shell"
db-wal-recovery,10,file-operations_20260604_004411_001,CalibForge,3,4,5,4,"Recover all records from a corrupted binary file into /app/recovered.json sorted by id ascending — the TB output format verbatim, strong verifier.",I have a Parquet file at `/app/weather_data.parquet` that was produced by a weather station data pipeline. The file appears to be corrupted — every reader throws errors about the format being invalid. Your task is to recover all records fro
distribution-search,1,machine-learning_20260604_003113_002,CalibForge,5,5,5,5,Find a distribution meeting exact KL-divergence constraints vs a reference and save it as .npy; the TB task with the same numerical solve and output format.,"Finding a target probability distribution for KL divergence constraints A reference probability distribution q = (q_1, ..., q_n) over n = 10000 items is stored in `/app/q.npy` as a 1D NumPy array of shape (10000,). Find a discrete probabili"
distribution-search,2,machine-learning_20260504_125558_002,CalibForge,5,5,5,5,"Construct a distribution over 50,000 tokens satisfying constrained divergences and entropy, output .npy; same large-vocab construct-to-exact-divergence task.","Finding a sparse probability distribution with constrained divergences and entropy: Given a target probability distribution Q over a vocabulary of 50,000 tokens (provided in `/app/target_dist.npy`), find a sparse distribution P that satisfi"
distribution-search,3,machine-learning_20260510_062946_002,CalibForge,5,5,5,5,Calibrate an LLM token distribution to coupled constraints including Shannon entropy within tolerance; the same coupled-KL/entropy solve on token probabilities.,A language model's token probability distribution needs to be calibrated to match specific statistical properties observed in a reference corpus. The distribution must satisfy four coupled constraints simultaneously: 1. **Shannon entropy** 
distribution-search,4,machine-learning_20260509_065529_002,CalibForge,5,5,5,5,"Build a maximum-entropy distribution subject to moment constraints; the constrained-distribution-construction crux, strongly verified.",Finding a maximum entropy probability distribution subject to moment constraints: A data scientist is working on a probabilistic model that requires constructing a discrete probability distribution over a finite support. The distribution sh
distribution-search,5,machine-learning_20260425_072438_002,CalibForge,5,5,5,5,"Construct a joint distribution with exact mutual information, entropy ratio and joint entropy within tolerance; identical exact-info-theoretic-target construction.","Construct a joint probability distribution P(X,Y) with the following exact properties: - **Mutual Information** I(X;Y) = 1.75 nats (tolerance: 0.01) - **Conditional Entropy Ratio** H(Y|X) / H(X|Y) = 1.5 (tolerance: 0.01) - **Joint Entropy**"
distribution-search,6,machine-learning_20260601_053159_002,CalibForge,5,5,5,5,"Recover a max-entropy distribution over 15,000 categories from 50 constraints; large-vocabulary constrained construction via numerical solving.","I need to recover a maximum entropy probability distribution over 15,000 discrete categories from 50 empirical moment constraints. **Feature functions** The 50 features are a Fourier basis. For category index i = 0, ..., 14999, define: f[2k"
distribution-search,7,machine-learning_20260508_045740_002,CalibForge,4,5,5,4,"Find a joint distribution with a specified mutual information while preserving marginals; construct-to-hit-a-target with tolerance, strong verifier.","Finding a joint probability distribution with constrained mutual information: A researcher needs a joint probability distribution P(X,Y) over two discrete random variables X and Y with a specific mutual information value while maintaining e"
distribution-search,8,machine-learning_20260508_153434_002,CalibForge,4,4,5,4,Construct an SPD matrix with an exact condition number within tolerance; the same solve-to-exact-numerical-target skill on a different object.,"A numerical computing challenge in spectral matrix construction: Construct a symmetric positive definite matrix with the following exact spectral properties: 1. **Condition number** (κ₂): exactly 10,000.0 (tolerance: 0.1%, i.e., |κ - 10000|"
distribution-search,9,task_006780_f07da33b,TMax-15K,4,4,4,4,Characterise a non-Gaussian distribution with numerical integration and nonlinear equation solving; the closest non-CalibForge solve-over-a-distribution task.,You are acting as a computational physics researcher studying the thermal distribution of an anharmonic oscillator. Your goal is to write and execute a Python script that characterizes a specific non-Gaussian probability distribution by com
distribution-search,10,task_04356,Terminal-Lego-15k,3,4,3,3,Implement a numerically stable numpy softmax; softmax is the standard parametrisation of the valid distribution this task must search over.,"# Softmax Function Implementation in Python ## Task Description Implement the softmax function in Python using NumPy. The softmax function is a fundamental operation in machine learning, particularly in neural networks for multi-class class"
dna-assembly,1,scientific-computing_20260513_204536_003,CalibForge,5,5,5,5,Design DNA oligos satisfying six simultaneous constraints and write FASTA with a fixed header format - structurally the same task.,"Our lab is expanding an Illumina multiplex sequencing experiment. We currently use 12 TruSeq CD Index barcodes (8 bp each) for our samples, but we need to add 8 additional barcodes to support up to 20 samples in a single run. The existing b"
dna-assembly,2,scientific-computing_20260508_180627_004,CalibForge,5,5,4,5,"Requires real restriction-enzyme recognition sequences and constraint-preserving DNA edits, the knowledge BsaI site placement needs.","A colleague has synthesized a gene for expression in E. coli, but the sequence contains restriction enzyme recognition sites that will interfere with downstream cloning experiments. The gene sequence is in `/app/gene.fasta`. Write a Python "
dna-assembly,3,task_002586_51207d88,TMax-15K,4,5,3,4,"BsaI site location, the 4nt downstream overhang, and its reverse complement - the precise Golden Gate primitive.",You are a bioinformatics analyst processing a recent batch of qPCR data and extracting cloning information from a sequence. Your tasks are as follows: 1. **Overhang Extraction**: You have a DNA sequence located in `/home/user/sequence.txt`.
dna-assembly,4,scientific-computing_20260422_235114_003,CalibForge,4,5,4,4,Enzyme-site scanning on circular plasmids with wrap-around fragment arithmetic; same cloning-simulation reasoning.,I'm working on a project to validate cloning strategies in silico before ordering enzymes. I need a tool that simulates restriction enzyme digestion of circular DNA plasmids and predicts the fragment sizes for gel electrophoresis. The tool 
dna-assembly,5,task_001544_7d95dda4,TMax-15K,4,5,4,4,"Primer design for multiple templates under an explicit binding-score constraint; the search itself, not just measurement.","I need you to design DNA primers for a set of target sequences while minimizing off-target binding against a background genome. I have set up an internal alignment API that calculates off-target binding scores, but the services are not full"
dna-assembly,6,task_002599_c0a64d58,TMax-15K,4,5,4,4,Design PCR primers for a target and verify specificity against a genome; direct primer-construction practice.,"You are a bioinformatics analyst tasked with developing a C++ pipeline to design PCR primers, verify their specificity against a reference genome, and simulate the PCR amplification kinetics using an Ordinary Differential Equation (ODE). Yo"
dna-assembly,7,scientific-computing_20260415_123352_003,CalibForge,4,5,4,4,Infer circular plasmid structure from digest fragment sizes; forces exact reasoning about site positions on a closed sequence.,A molecular biology lab has performed restriction enzyme digests on an unknown circular plasmid and measured the resulting DNA fragment sizes by gel electrophoresis. The data is in `/app/digest_data.ini`. The lab used three restriction enzy
dna-assembly,8,task_005084_af94922a,TMax-15K,3,5,3,4,"Couple exact primer-template matching with Tm determination, the two properties every designed pair must satisfy together.",You are a bioinformatics data scientist tasked with analyzing a set of candidate PCR primers. You need to identify which primers uniquely target a reference genome and then determine their melting temperatures ($T_m$) from experimental fluo
dna-assembly,9,scientific-computing_20260617_104707_003,CalibForge,4,5,4,4,Build a DNA sequence to a written biological spec and emit it as a file; same construct-then-conform genre.,"I need to express a human protein in E. coli and I'm working on codon-optimizing the gene for bacterial expression. The protein sequence is in `protein_sequence.txt` (single-letter amino acid code, one line). Please design a DNA sequence th"
dna-assembly,10,task_003839_04146172,TMax-15K,3,5,3,3,Filter primers by a Tm window and homopolymer-run limit; the conjunctive numeric screening the TB primers must pass.,"You are a bioinformatics analyst responsible for building an automated quality-control pipeline for primer sequences. We have received a new batch of candidate primers, but they contain a mix of valid sequences and contaminated or poorly de"
dna-insert,1,scientific-computing_20260513_204536_003,CalibForge,5,5,5,5,Design DNA oligos under six simultaneous numeric constraints and emit FASTA with fixed headers - the same constrained oligo-design deliverable.,"Our lab is expanding an Illumina multiplex sequencing experiment. We currently use 12 TruSeq CD Index barcodes (8 bp each) for our samples, but we need to add 8 additional barcodes to support up to 20 samples in a single run. The existing b"
dna-insert,2,scientific-computing_20260508_180627_004,CalibForge,5,5,4,5,Targeted nucleotide edits that must preserve an invariant; the closest thing in the pool to site-directed mutagenesis reasoning.,"A colleague has synthesized a gene for expression in E. coli, but the sequence contains restriction enzyme recognition sites that will interfere with downstream cloning experiments. The gene sequence is in `/app/gene.fasta`. Write a Python "
dna-insert,3,scientific-computing_20260415_094424_006,CalibForge,4,5,4,4,Both-strand scanning of circular plasmids with origin wrap-around; the coordinate arithmetic this task lives or dies on.,I'm working on a plasmid annotation pipeline that extracts all open reading frames (ORFs) from circular plasmid GenBank files. The pipeline should detect protein-coding sequences by scanning for ORFs on both strands and output them as FASTA
dna-insert,4,task_001544_7d95dda4,TMax-15K,4,5,4,4,Search for primers over templates subject to a scored binding constraint; the candidate-generate-and-check loop.,"I need you to design DNA primers for a set of target sequences while minimizing off-target binding against a background genome. I have set up an internal alignment API that calculates off-target binding scores, but the services are not full"
dna-insert,5,scientific-computing_20260510_005520_006,CalibForge,4,5,4,4,Parse plasmid features that wrap the origin; the exact failure mode of naive linear indexing on a circular plasmid.,"I have a collection of plasmid GenBank files from a sequencing project that I need to analyze. These are circular plasmids, and some of the genes span the origin of replication (wrapping around from the end of the sequence back to the begin"
dna-insert,6,task_002599_c0a64d58,TMax-15K,4,5,4,4,Design PCR primers and then verify specificity against a genome; construct-and-validate on real primer sequences.,"You are a bioinformatics analyst tasked with developing a C++ pipeline to design PCR primers, verify their specificity against a reference genome, and simulate the PCR amplification kinetics using an Ordinary Differential Equation (ODE). Yo"
dna-insert,7,scientific-computing_20260414_091921_004,CalibForge,4,4,4,4,Smith-Waterman local alignment with explicit scoring; the algorithm that localises the insert between the two plasmids.,The file `proteins.fasta` contains two protein sequences that need to be aligned. Implement the Smith-Waterman local sequence alignment algorithm to find the optimal local alignment between these sequences. Use the following parameters: - S
dna-insert,8,task_004338_6800b70e,TMax-15K,4,5,4,4,Pick optimal primer positions over an alignment of genomes; reasoning about primer coordinates rather than just scoring them.,"You are a bioinformatics analyst tasked with finding optimal PCR primers using a novel 1D domain decomposition (mesh refinement) approach on a set of aligned viral genomes. We have a set of 5 aligned genome sequences of length 1000 bp, loca"
dna-insert,9,task_000078_704c9ecc,TMax-15K,3,5,4,3,Compare mutant sequences to a reference to find where they diverge; the diff-two-sequences step that opens dna-insert.,You are an AI assistant helping a computational biology researcher run a simulated PCR experiment to compare a set of mutated genomes against a reference dataset. The researcher has two sequence datasets: - `/home/user/reference.fasta` - `/
dna-insert,10,scientific-computing_20260604_194036_003,CalibForge,3,5,4,3,Identify and correct reverse-complemented FASTA records; strand orientation is what the reverse primer encodes.,The file `coi_sequences.fasta` contains mitochondrial cytochrome c oxidase subunit I (COI) sequences from 16 animal species. These sequences were compiled from different sources and some of them were inadvertently included in the reverse-co
extract-elf,1,software-engineering_20260415_094424_014,CalibForge,5,5,4,5,"Node.js, parses a real ELF and loads its segments into memory; same language, same file format, same parse-and-map core.","I have provided `/app/riscv_test.elf`, a RISC-V RV32I ELF binary, along with its source code in `riscv_src/`. Please implement a RISC-V RV32I interpreter called `rv32i.js` so that I can run `node rv32i.js /app/riscv_test.elf < /app/input.tx"
extract-elf,2,software-engineering_20260503_182123_010,CalibForge,5,5,4,5,"Dependency-free ELF loader: read program headers and place segments at their virtual addresses, which is what the output keys mean.","I need a dependency-free ELF shared library loader written in C. The program should be at `/app/elfloader.c` and compile with `gcc -O2 -o elfloader elfloader.c`. It must load an ELF shared object (.so file), resolve exported function symbol"
extract-elf,3,software-engineering_20260509_065529_014,CalibForge,5,5,4,4,Second Node.js interpreter that must load a real ELF first; ELF parsing with Buffer reads rather than a library.,"I have provided `/app/testprog.elf`, a RISC-V ELF file, along with `/app/input.txt`. Please implement a RISC-V RV32I interpreter in JavaScript called `rv32i.js` that can execute this ELF binary. Running `node rv32i.js` should interpret the "
extract-elf,4,software-engineering_20260604_003113_018,CalibForge,5,5,3,4,"Hand-construct a valid 64-bit ELF byte by byte in C; the inverse skill, and it pins down every header field and offset.","Write a C program at `/app/elfgen/elfgen.c` that, when compiled and executed, generates a valid 64-bit Linux ELF executable at `/app/elfgen/output`. `/app/elfgen/output` must be created entirely from raw bytes written by your program. Do no"
extract-elf,5,file-operations_20260604_003814_002,CalibForge,4,4,5,4,Parse a Java .class constant pool from raw bytes to JSON with decompilers banned; same no-library binary-to-JSON contract.,I have a compiled Java class file at /app/Hello.class. Write me a Python program `parse_class.py` that reads the constant pool from this class file and outputs it as JSON. Run it like: `python parse_class.py /app/Hello.class` The program ne
extract-elf,6,software-engineering_20260510_005520_026,CalibForge,4,5,3,4,Harden an ELF symbol-table parser against malformed files; teaches bounds checking on ELF offsets and sizes.,"I have an ELF symbol extraction tool at `/app/elfsym.c` that parses ELF binaries and prints out their symbol tables. It works fine on normal binaries, but crashes on several test files I have in `/app/binaries/`. The tool should extract sym"
extract-elf,7,software-engineering_20260501_172213_014,CalibForge,4,4,4,4,"Parse WASM magic, version, sections and LEB128 integers in JavaScript; the closest non-ELF analogue of the same byte-walking in Node.","I have provided `/app/test.wasm`, a WebAssembly binary module. Please implement a WebAssembly interpreter in JavaScript (`vm.js`) that can parse and execute this module. Running `node vm.js /app/test.wasm` should: 1. Parse the WebAssembly b"
extract-elf,8,task_002410_b5ee16be,TMax-15K,5,5,4,4,"Parse ELF headers and print JSON with the extracted fields; ELF in, JSON out, exactly the output discipline required.","You are an artifact manager responsible for curating a binary repository. You have received a raw system log and a directory of newly uploaded ELF binary artifacts. Your goal is to identify the valid artifacts from the log, parse their bina"
extract-elf,9,task_000135_8b1a9518,TMax-15K,5,5,4,4,Traverse 64-bit ELF program headers and dynamic tags to classify binaries; the phdr walk extract-elf is built on.,"You are a compliance analyst responsible for securing a binary ingestion pipeline. The system runs locally and uses Nginx, a lightweight backend service, and Redis to log audit trails. Your task consists of three main parts: 1. **Service Co"
extract-elf,10,file-operations_20260604_003113_002,CalibForge,4,3,5,4,Decode protobuf wire format with no schema and emit JSON; infer record structure from bytes alone and dump it verbatim.,"I've got a bunch of protobuf-encoded binary files in `/app/data/` that I need to make sense of, but I've lost the original `.proto` schema files. Standard tools can't help me decode them without the schema. Write me a command-line program, "
extract-moves-from-video,1,task_001779_b04c543c,TMax-15K,5,5,5,5,OCR a scrolling terminal video and deduplicate overlapping text into one ordered transcript; the identical hard part.,You are tasked with recovering the configuration state of a legacy server. The previous administrator used an eccentric configuration manager that output its changelog as a screen recording of a terminal rather than a text file. You have be
extract-moves-from-video,2,task_001906_46d1eb8c,TMax-15K,5,5,5,5,Rebuild console log state from a screen recording; the whole deliverable exists only as text on video frames.,You are tasked with recovering the state of a configuration management system from a forensic video recording of its deployment logs. A screen recording of the configuration manager's console output was captured and saved to `/app/deploy_lo
extract-moves-from-video,3,task_004605_6a1e7020,TMax-15K,4,5,4,4,"ffmpeg plus tesseract over a terminal screencast, dedupe to unique entries, emit an ordered one-per-line file.","We are trying to organize an old repository's legacy project files, but the only record we have of the older directory structures is a screencast video of a terminal archive. A video file is located at `/app/archive_scroll.mp4`. This video "
extract-moves-from-video,4,task_000249_ff55f46a,TMax-15K,4,5,4,4,Read the commands an attacker typed off a screen recording of their terminal; same input-line recovery.,"You are a security engineer responding to a network breach. An attacker managed to compromise a management jump host and ran a packet sniffer. We have recovered a screen recording of the attacker's terminal during the breach, located at `/a"
extract-moves-from-video,5,task_005198_27da4d18,TMax-15K,4,5,4,4,"Extract the content of a recorded terminal session from frames; no log file exists, only the video.",You are acting as a network security engineer investigating a recent incident. A colleague has provided a video recording (`/app/incident_capture.mp4`) showing a terminal session where a custom traffic analyzer tool was run alongside a live
extract-moves-from-video,6,task_000038_b0af17b4,TMax-15K,4,4,4,4,Named ffmpeg + tesseract-ocr pipeline that must recover every record from the video and rebuild the full file.,"You are a Database Reliability Engineer (DBRE) tasked with optimizing our geo-distributed backup mesh. We have lost the original plaintext topology logs from our last major infrastructure migration, but we managed to recover a screen record"
extract-moves-from-video,7,task_004253_a219ac05,TMax-15K,4,5,4,4,Low-framerate console recording as the sole record; forces sensible frame sampling under dropped content.,"A critical server experienced a catastrophic failure. The logging daemon crashed prior to the incident, and the only surviving record of the system's final moments is a low-framerate screen recording of the console monitor captured by an ex"
extract-moves-from-video,8,rts_task_7eefa8c4246cf6df33bd2f2a,Recursive-Task-Synthesis,4,4,4,4,Separate the user's typed commands from tool output in a session transcript by prompt prefix; the Zork half exactly.,"The file `/app/session.txt` contains a spoticli interactive session transcript. Lines beginning with the prompt `spoticli ~\$ ` record commands the user typed. Produce a cleaned list of playback-control commands at `/app/result.txt`, one pe"
extract-moves-from-video,9,file-operations_20260610_111702_003,CalibForge,5,4,4,4,Transcribe monospaced source code out of a screenshot; the OCR-fidelity problem with no room for near-misses.,I took a screenshot of my C calculator project source code before my machine crashed. The screenshot is at /app/backup.png. Now I need to recover the project from this image. The project is a simple integer calculator that evaluates arithme
extract-moves-from-video,10,tw_345797,TerminalWorld-Seeds-Clean,4,4,4,4,Pull the commands the user typed out of a CLI session transcript identified by its prompt marker.,A spoticli CLI session transcript is stored at `/app/session.txt`. Each line starting with `spoticli ~$ ` shows a command the user typed at the prompt. Parse the transcript and extract the music playback control commands — those that seek t
feal-differential-cryptanalysis,1,mathematics_20260602_105139_001,CalibForge,5,5,5,5,Linear cryptanalysis of a 4-round SPN recovering named final-round-key bits as an attack module; the same attack genre and the same deliverable.,The file /app/spn_cipher.py implements a 4-round SPN block cipher. The file /app/spn_data.py contains 2500 known plaintext-ciphertext pairs encrypted under a fixed unknown key. Implement a linear cryptanalysis attack that recovers the 8 bit
feal-differential-cryptanalysis,2,mathematics_20260606_172622_001,CalibForge,5,5,5,5,4-round Feistel with an AES GF(256) S-box round function; recover the round-key bytes from a few pairs by exploiting Feistel structure. FEAL's exact structure; delivered as recover_key().,The file `/app/cipher.py` implements a 4-round Feistel cipher over bytes. The cipher operates on 2-byte blocks using a 4-byte key (one byte per round). The round function uses an S-box based on multiplicative inversion in GF(256) followed b
feal-differential-cryptanalysis,3,mathematics_20260514_011125_001,CalibForge,5,5,5,5,"Implement Heys' linear cryptanalysis: build the LAT, query the encrypt oracle, score 256 candidate K5 nibbles by bias, under a wall-clock budget. Differential's textbook sibling as attack(encrypt_fn).","The file `/app/spn.py` implements a 4-round 16-bit Substitution-Permutation Network (SPN) cipher following Howard Heys' tutorial design. The cipher uses five independent 16-bit subkeys (K1, K2, K3, K4, K5) where each round applies key mixin"
feal-differential-cryptanalysis,4,task_000543_f14bdc85,TMax-15K,4,5,3,4,Requires performing an actual differential cryptanalysis check to demonstrate a cipher's weakness - the named technique.,"You are a DevSecOps engineer implementing ""policy as code"" for a new logging pipeline. A developer has submitted a custom encryption utility for securing sensitive logs, but it has not been vetted. Your objective is to write and execute a B"
feal-differential-cryptanalysis,5,task_001371_86b003c8,TMax-15K,4,4,4,4,"Exhaust a 16-bit seed space against a known plaintext, written in C for speed; mirrors the 16-bit-seed hint and the time budget.","You are an incident responder investigating a recent data breach. The attacker exfiltrated a sensitive file, but they encrypted it using a custom lightweight C program before transferring it out. We managed to intercept the encrypted file, "
feal-differential-cryptanalysis,6,task_000411_2d024b4b,TMax-15K,4,5,4,4,Reverse a weak custom block cipher from its validator and implement the exact inverse; round-structure comprehension end to end.,You are a security engineer tasked with rotating the TLS credentials for a legacy internal service. The service relies on a custom authentication mechanism to authorize certificate rotations. The previous engineer left behind the source cod
feal-differential-cryptanalysis,7,mathematics_20260510_005520_001,CalibForge,4,4,5,4,"Recover a PRNG's internal state from its outputs and predict the next, returned from attack() - identical module-and-function contract.",The file `/app/prng.py` contains a sequence of 20 numbers generated by an unknown pseudo-random number generator. Analyze the sequence to recover the generator's internal state and predict the next number in the sequence. Implement your sol
feal-differential-cryptanalysis,8,task_000690_9d6ed460,TMax-15K,4,4,4,4,"Known-plaintext recovery of an LCG's seed, multiplier and increment; solving for hidden parameters from observed ciphertext.",You are an incident responder investigating a recent breach on a Linux web server. The attacker left behind an encrypted payload and a custom Python module used for their Command and Control (C2) communications. They appear to be looking fo
feal-differential-cryptanalysis,9,mathematics_20260610_112157_001,CalibForge,4,4,4,4,Break Merkle-Hellman by reading the construction and implementing the published attack against it - same implement-an-attack genre.,"Break the Merkle–Hellman knapsack cryptosystem. The file `/app/knapsack.py` implements the Merkle–Hellman public-key cryptosystem — an early asymmetric scheme based on the subset sum problem. The implementation provides key generation, encr"
feal-differential-cryptanalysis,10,task_001319_7fb21e9a,TMax-15K,4,5,3,4,"The cipher must pass a linear-cryptanalysis check in verification, so you have to reason about its bias, not just make it run.",You have been hired as a security auditor to review and fix a vulnerable multi-service architecture located in `/home/user/app`. The system consists of an Nginx reverse proxy serving HTTPS and a backend authentication service written in C l
feal-linear-cryptanalysis,1,mathematics_20260602_105139_001,CalibForge,5,5,5,5,Linear cryptanalysis of a 4-round SPN recovering round-key bits from known pairs; the same attack the TB2.1 task asks for,The file /app/spn_cipher.py implements a 4-round SPN block cipher. The file /app/spn_data.py contains 2500 known plaintext-ciphertext pairs encrypted under a fixed unknown key. Implement a linear cryptanalysis attack that recovers the 8 bit
feal-linear-cryptanalysis,2,mathematics_20260606_172622_001,CalibForge,5,5,4,5,"4-round Feistel, one key byte per round, recovered from 3 known pairs by meet-in-the-middle: the FEAL round-key structure itself.",The file `/app/cipher.py` implements a 4-round Feistel cipher over bytes. The cipher operates on 2-byte blocks using a 4-byte key (one byte per round). The round function uses an S-box based on multiplicative inversion in GF(256) followed b
feal-linear-cryptanalysis,3,task_001946_12623d4f,TMax-15K,5,5,4,5,"Read a C++ cipher's source, recover its key from intercepted plaintext-ciphertext pairs, then use the key; strong verifier",You are an incident responder investigating a potential breach on a Linux system. You have discovered a rogue C++ authentication tool left behind by the threat actor in `/home/user/investigation/`. The attacker used this tool to generate ac
feal-linear-cryptanalysis,4,mathematics_20260606_172606_002,CalibForge,5,5,5,5,"Attack a C-implemented LFSR combiner from 2000 known pairs, recover seeds, decrypt 100 ciphertexts to a file","I've been analyzing a stream cipher that combines three linear feedback shift registers (LFSRs) with a nonlinear Boolean function. The implementation is in /app/stream.c. During a penetration test, I captured 2000 bytes of known plaintext-c"
feal-linear-cryptanalysis,5,mathematics_20260514_011125_001,CalibForge,5,5,4,4,"Heys SPN linear cryptanalysis end to end: build the LAT, pile up a bias-1/32 trail, partially decrypt, pick the max-bias K5 nibbles.","The file `/app/spn.py` implements a 4-round 16-bit Substitution-Permutation Network (SPN) cipher following Howard Heys' tutorial design. The cipher uses five independent 16-bit subkeys (K1, K2, K3, K4, K5) where each round applies key mixin"
feal-linear-cryptanalysis,6,mathematics_20260601_053159_002,CalibForge,5,5,4,4,"Compile a C keystream generator, recover its hidden state from one known pair, then predict subsequent output",The file /app/stream.c implements a keystream generator. /app/known.txt contains one known plaintext and its ciphertext as bit strings (500 bits each). /app/ciphertext.txt contains additional ciphertext bits produced by the same generator i
feal-linear-cryptanalysis,7,task_001904_f82f3bc6,TMax-15K,5,4,3,4,Uses a logged known plaintext-ciphertext pair to mount a linear/algebraic attack on a custom cipher and decrypt the secret,"You are acting as a penetration tester and security auditor. A staging environment for a ""Secure File Vault"" application has been deployed to `/app/` on this machine. Your job is to audit the application, identify and fix vulnerabilities, e"
feal-linear-cryptanalysis,8,mathematics_20260510_062946_001,CalibForge,4,5,4,4,Recovers LFSR seed and taps from known pairs and decrypts the unknown entry; parameter recovery from observed pairs,A stream cipher implementation using a Linear Feedback Shift Register (LFSR) is provided in `/app/cipher.py`. The LFSR uses a 32-bit seed and a set of tap positions to generate a keystream. The file `/app/ciphertexts.json` contains several 
feal-linear-cryptanalysis,9,task_001371_86b003c8,TMax-15K,4,5,4,4,"C decryptor that searches a deliberately weak seed keyspace using known plaintext, mirroring the 20-bit round-key seed","You are an incident responder investigating a recent data breach. The attacker exfiltrated a sensitive file, but they encrypted it using a custom lightweight C program before transferring it out. We managed to intercept the encrypted file, "
feal-linear-cryptanalysis,10,mathematics_20260606_153537_002,CalibForge,4,4,5,4,"Compile the supplied C crypto utility, break the key, and write every recovered plaintext block out, exactly the FEAL deliverable","The files in /app implement the Merkle-Hellman knapsack cryptosystem: - `knapsack.c` — source code for encryption and decryption - `pubkey.txt` — the public key (24 integers, one per line) - `ciphertexts.txt` — 40 encrypted 24-bit blocks (o"
filter-js-from-html,1,security_20260430_081156_003,CalibForge,5,4,5,5,"Same instruction template: CLI file argument, in-place edit, neutralise every dangerous tag form, preserve all legitimate content and formatting",Create a Python file `/app/yaml_sanitizer.py` that sanitizes untrusted YAML files to prevent Python object deserialization attacks. The script should: - Accept a YAML file path as a command-line argument - Modify the file in-place to neutra
filter-js-from-html,2,security_20260509_202829_001,CalibForge,5,5,3,5,"Defeat an HTML sanitizer that strips script tags, event handlers and javascript: URLs; teaches the comment-parsing gap a filter must close","A web application uses `/app/sanitizer.py` to sanitize user-provided HTML before rendering it in pages. The sanitizer attempts to remove dangerous elements like `<script>`, event handlers, and JavaScript URLs. Usage: `python /app/sanitizer."
filter-js-from-html,3,task_06939,Terminal-Lego-15k,5,5,4,4,"Whitelist safe tags, strip every on* event-handler attribute and javascript: URL from href/src; the same removal rules filter.py needs","# Task: PHP User Input Sanitization Utility ## Description Create a PHP utility class and script that properly sanitizes user input against **SQL injection** and **XSS (Cross-Site Scripting)** attacks, while still allowing a configurable wh"
filter-js-from-html,4,task_07072,Terminal-Lego-15k,5,5,3,4,"Enumerate 15+ XSS vectors (malformed tags, null bytes, encodings, whitespace) and prove whether a tag stripper survives them",# Task: Analyze strip_tags() Security Against XSS Attacks ## Objective Investigate whether PHP's `strip_tags()` function (without the `allowable_tags` parameter) is vulnerable to XSS (Cross-Site Scripting) or other injection attacks. Create
filter-js-from-html,5,task_000699_8860634f,TMax-15K,4,5,4,4,Implement a message sanitizer against XSS and command injection to an exact rule list and make it compile and pass,"You are an open-source maintainer reviewing a pull request for a C++ WebSocket server. The PR attempts to introduce a sanitization step for incoming text messages to prevent XSS and command injection, but the code does not compile and the l"
filter-js-from-html,6,buriy__python-readability.40256f40.func_basic__kjp0xgsf,SWE-Smith-Seeds-Clean,4,5,3,4,Fix clean_attributes so attribute stripping stops corrupting the surrounding HTML; remove-some-attributes-keep-the-document is the TB2.1 constraint,"HTML attribute cleaning produces malformed output #### Description The `clean_attributes` function in `readability/cleaners.py` is producing malformed HTML output. When processing HTML with attributes, the function appears to be reversing t"
filter-js-from-html,7,task_06389,Terminal-Lego-15k,4,4,4,4,"Remove only the attributes the document does not need, decided by scanning the content, without reordering or normalising anything else","# Task: SVG Attribute Cleaner ## Background SVG elements can include various attributes such as `xmlns`, `version`, `xmlns:xlink`, `xml:space`, etc. However, not all of these are necessary depending on the context: - **Standalone SVG files*"
filter-js-from-html,8,task_000707_1b3b8e20,TMax-15K,4,5,3,4,Implement HTML entity encoding for a reflected-XSS endpoint; the escaping primitive any JS-removal filter rests on,You are a compliance analyst responsible for securing a custom internal web server and generating a remediation audit trail. The source code for the server is located at `/home/user/src/server.cpp`. It relies on the `cpp-httplib` header (lo
filter-js-from-html,9,pallets__markupsafe.620c06c9.pr_418,SWE-Smith-Seeds-Clean,4,5,3,4,striptags() must also remove HTML comments; comment handling is a classic hole in naive JavaScript filters,"Markup.striptags: comments now get replaced with a space In 2.1.4, if `Markup.striptags` is called, the comment gets replaced by a space. In versions before that it's completely removed from the output. Test case to reproduce: ``` import un"
filter-js-from-html,10,security_20260614_141608_001,CalibForge,4,4,4,4,"A /app/filter.py that must catch hex, decimal and octal obfuscations; the same 'did you cover every representation' discipline","There's a `/app/filter.py` script that validates URLs before they're fetched by an internal service. It blocks URLs that point to `localhost`, `127.0.0.0/8`, or use obfuscated IP representations (hex, decimal, octal) to prevent SSRF attacks"
financial-document-processor,1,personal-assistant_20260617_210354_001,CalibForge,5,5,5,5,"OCR'd receipts plus statements reconciled into a CSV with exactly-named columns; extract amounts, classify categories, apply written rules","I just got back from a business trip to San Francisco (June 10-14, 2024) and need to submit my expense report. I have three data sources that need to be reconciled: **1. `/app/manual_expenses.csv`** — Expenses I tracked manually during the "
financial-document-processor,2,file-operations_20260614_141608_003,CalibForge,5,5,4,5,"Scanned PDF with text only in images: OCR every record, map ids to categories, aggregate revenue totals to an exact schema","The PDF at /app/sales_report.pdf is a scanned document — the text is in embedded images, not selectable. It contains sales records for 2023 and 2024, plus a product catalog. Extract all the data and create /app/report.json with: - ""total_re"
financial-document-processor,3,file-operations_20260416_172928_003,CalibForge,4,4,5,4,"Detect real PDFs by content not extension, place them in a directory and list them; the classify-and-move half of the TB2.1 task",We received an archive file `incoming_archive.zip` from a partner organization. It contains various documents buried in multiple layers of nested archives using different compression formats. The archive structure has multiple branches - so
financial-document-processor,4,task_000298_bd10fc23,TMax-15K,4,3,5,4,Files lie about their type; classify by content and move only the genuine ones into the destination directory,You are an AI assistant helping a technical writer organize a messy export of documentation assets. The writer has a directory of raw files at `/home/user/docs_raw`. Many of the files have incorrect or missing extensions. You need to identi
financial-document-processor,5,task_002749_ce9fc4b8,TMax-15K,4,5,3,4,OCR an invoice summary image for its numeric limits and drive the downstream workflow off them; strong verifier,"You are an AI assistant acting as a FinOps analyst. Your goal is to optimize cloud costs by enforcing deployment policies, and to set up a secure local dashboard for approved configurations. You need to complete the following multi-stage wo"
financial-document-processor,6,jsvine__pdfplumber.02ff4313.func_pm_ctrl_invert_if__aoaoo8m3,SWE-Smith-Seeds-Clean,4,5,3,4,Debug pdfplumber's own open/repair path handling: the library a solver reaches for to read these PDFs,PDF repair function fails when passing file path as string or Path object #### Description The PDF repair functionality is broken when passing file paths as strings or Path objects. The function appears to be treating file paths as file-lik
financial-document-processor,7,task_001973_920dc987,TMax-15K,4,4,4,4,Digitising ETL that must read its schema and business rules off a scanned document before transforming the records,You are tasked with building a core component of our ETL pipeline for digitizing legacy scientific records. We have a scanned document containing the exact business logic and schema transformations required for our raw sensor data. This doc
financial-document-processor,8,data-processing_20260417_145736_002,CalibForge,4,4,4,4,Dedupe bank statements where near-duplicates come from OCR confusions; tolerating imperfect OCR of amounts is the crux,The finance team has exported transaction data from multiple sources for October 2024 reconciliation. The files are located in `/app/data/`: - `bank_statement_1.csv` - Bank statement from primary account - `bank_statement_2.csv` - Bank stat
financial-document-processor,9,task_04291,Terminal-Lego-15k,4,3,4,4,"Append a 'total' row to a table without breaking the other columns' types, which is literally summary.csv's last row",# Task: Add Total Row to Pandas DataFrame While Maintaining Data Types ## Description You need to write a Python script that adds a 'total' row to a Pandas DataFrame while maintaining the original data types of the columns. This is importan
financial-document-processor,10,file-operations_20260424_090344_004,CalibForge,4,5,3,4,Recover the real text layer of a badly redacted PDF; forces actual PDF text extraction rather than guesswork,A colleague received a PDF document that was supposed to be redacted before being shared externally. They suspect the redaction was done improperly and some sensitive information may still be recoverable from the file. Upon closer inspectio
fix-code-vulnerability,1,bottlepy__bottle.a8dfef30.func_pm_remove_cond__0zlkz504,SWE-Smith-Seeds-Clean,5,5,5,5,Same bottle.py: the multipart parser silently accepts a body larger than the declared Content-Length instead of raising MultipartError,"Multipart parser doesn't validate Content-Length header When processing multipart form data, the parser no longer validates that the actual body size matches the Content-Length header specified in individual parts. This allows malformed req"
fix-code-vulnerability,2,security_20260603_181444_004,CalibForge,5,5,5,5,"Identical deliverable: audit a Python app, write report.jsonl of file_path plus cwe_id, fix everything and pass pytest -rA","A security audit of the SecureNote application at `/app/` has flagged serious concerns. The application contains several Python modules handling authentication, token generation, email notifications, database access, and input validation. S"
fix-code-vulnerability,3,security_20260511_015840_004,CalibForge,5,5,5,5,"Python static-file library with a broken path-traversal check (CWE-22): identical report.jsonl schema, the same 'fix must raise an appropriate exception' clause, verified by pytest -rA. Team's top CalibForge match; now graded ok, not FREE.","A Python library for serving static files is located in `/app/staticfiles.py`. The library implements path traversal protection, but the security validation contains a flaw that could allow unauthorized file access. Analyze the code, identi"
fix-code-vulnerability,4,security_20260605_015435_004,CalibForge,5,5,5,5,"Must work out which CWE identifier applies rather than being told, then report it in report.jsonl and patch the code",You need to identify and fix a security vulnerability in the PipelineFlow codebase located at /app. PipelineFlow is a Python data processing pipeline manager used in production at several data analytics teams. A recent penetration test flag
fix-code-vulnerability,5,bottlepy__bottle.a8dfef30.func_pm_ctrl_shuffle__9nj3nop9,SWE-Smith-Seeds-Clean,4,5,5,5,bottle.py multipart parsing throws a bare AttributeError on a malformed part; exactly the wrong-exception-type failure mode named in the TB2.1 task,"Multipart parser fails with AttributeError when accessing content_type When parsing multipart form data, the multipart parser throws an `AttributeError: 'NoneType' object has no attribute 'get'` error when trying to access the content type "
fix-code-vulnerability,6,security_20260604_003814_004,CalibForge,5,5,5,5,"Confirm a password-reset token flaw, classify it by CWE, file report.jsonl and fix it; strong verifier under both gradings","Our password reset system has a security flaw that needs to be identified and fixed. The application is located in /app and implements a user password reset flow: users request a reset token, receive it, and use it to set a new password. A "
fix-code-vulnerability,7,security_20260606_153537_004,CalibForge,4,5,5,4,"Find all CWEs in an auth library's token generation and verification, report them in the same JSONL schema and fix them","A security audit has been requested for the TokenVault project located in /app. TokenVault is an enterprise API token management system written in Python. It provides token generation, verification, revocation, and persistence for authentic"
fix-code-vulnerability,8,bottlepy__bottle.a8dfef30.func_pm_ctrl_invert_if__37hgzfuo,SWE-Smith-Seeds-Clean,3,5,5,4,"Another defect in the same bottle.py file and test suite, in the resource path resolution that backs static file serving","ResourceManager.add_path() ignores index parameter when index is None #### Description When calling `ResourceManager.add_path()` with `index=None`, the method incorrectly inserts the path at the beginning of the path list instead of appendi"
fix-code-vulnerability,9,security_20260416_031414_004,CalibForge,4,5,5,4,"Library audit spanning ReDoS and subprocess execution, reported as report.jsonl and fixed in place","A security audit has identified that the ConfigForge configuration management library in `/app/configforge.py` contains multiple security vulnerabilities. Your task is to identify, document, and remediate all vulnerabilities. The ConfigForg"
fix-code-vulnerability,10,task_009880_c77d5d17,TMax-15K,4,5,3,4,Track down and close an open-redirect in a Python web application; the same identify-then-patch loop on framework code,You are an incident responder investigating a security issue in a Python web application. Users have reported being redirected to malicious domains immediately after logging in. You have been provided with the current production application
fix-git,1,task_11565,Terminal-Lego-15k,5,5,5,5,"Commits made in a detached HEAD are on no branch; find them and merge them into master, ending with master checked out",# Task: Merge Commits Made in a Detached HEAD State onto Master ## Objective You have a Git repository where commits were made while in a detached HEAD state. Your task is to merge those detached HEAD commits onto the `master` branch so tha
fix-git,2,task_11606,Terminal-Lego-15k,5,5,5,5,HEAD detached at a newer commit while refs/heads/master is stale; diagnose why the work is invisible and fold it into master,"# Task: Fix ""Everything up-to-date"" When Local Changes Exist ## Background You have a local git repository where commits have been made, but `git push origin master` reports ""Everything up-to-date"" even though the local HEAD differs from th"
fix-git,3,task_01865,Terminal-Lego-15k,5,5,4,5,Recovering from detached HEAD: branch before switching away and use reflog to find commits already dropped,"# Understanding and Recovering from Git Detached HEAD State ## Task Description You are a developer who has encountered a ""detached HEAD"" state in your Git repository. This is a common situation that can occur during various Git operations."
fix-git,4,task_10506,Terminal-Lego-15k,5,5,4,4,"Use git reflog and git fsck --lost-found to find where deleted branches pointed, then recreate them",# Task: Recover Deleted Git Branches from Reflog ## Background You are working with a Git repository where two remote-tracking branches (`contact_page` and `new_pictures`) were fetched from a remote but then accidentally deleted during a su
fix-git,5,task_11465,Terminal-Lego-15k,4,5,5,4,A commit landed on the wrong branch and has to be moved to the intended one without losing history,# Task: Fix a Commit Made to the Wrong Git Branch ## Description You have a Git repository where a commit was accidentally made to the `master` branch instead of the `upgrade` branch. Your task is to move the last commit from `master` to `u
fix-git,6,security_20260509_205636_006,CalibForge,5,5,3,4,"After git reflog expire --all plus git gc, recover content that no ref reaches any more; the hardest version of this skill",We had a security incident last week. One of our developers accidentally staged an AES-256 symmetric encryption key file in the repository at `/app/project`. They realized the mistake before committing and removed it from the staging area. 
fix-git,7,task_001466_99e645e3,TMax-15K,5,5,3,4,"Search reflogs, deleted commits and dangling blobs for a file reachable from no branch; the exact search the TB2.1 task needs","You are a DevOps engineer investigating a catastrophic failure in our custom distributed database. The system crashed, leaving behind corrupted journal files and a fragmented code repository. Your goal is to write a standalone Bash script a"
fix-git,8,software-engineering_20260503_182123_007,CalibForge,5,5,4,4,Commits dropped by git reset --hard HEAD~3 with a messy reflog; find them in the object store and graft them back onto main,I was working on a feature branch in `/app/project` and made several commits. Then I accidentally ran `git reset --hard HEAD~3` thinking I was on a different branch. Now I've lost those commits and `git log` doesn't show them anymore. The w
fix-git,9,file-operations_20260604_003113_005,CalibForge,4,5,4,4,"Interrupted rebase plus force-pushes: restore the main line and keep the unfinished feature work, leaving no dangling objects","The git repository at `/app/repo` is in a broken state after a series of mishaps: a disk error, an interrupted rebase, and some careless force-pushes. The working tree has important uncommitted changes that must be preserved. Your job: get "
fix-git,10,task_11392,Terminal-Lego-15k,4,5,4,4,Locate the dangling commit a dropped stash left behind and recover its diff; unreachable-object recovery in miniature,# Task: Recover a Dropped Stash in Git ## Objective Write a shell script that recovers a dropped (popped) git stash from a git repository. The script should find the lost stash commit and restore the stashed changes into a patch file. ## Ba
fix-ocaml-gc,1,software-engineering_20260604_003113_014,CalibForge,5,5,5,5,"Mark-and-sweep GC in a C interpreter crashes only under memory pressure; same runtime, same bug class, same debug loop.","I've been working on a mini Lisp interpreter in C (`/app/lisp.c`) with a mark-and-sweep garbage collector. The interpreter works fine for small programs — arithmetic, closures, recursion all seem correct. But whenever I try to run anything "
fix-ocaml-gc,2,software-engineering_20260607_104421_008,CalibForge,5,5,5,5,"I refactored the interpreter's memory management and the test suite broke - the TB2.1 premise almost verbatim, in Lua.","I've been refactoring some of the memory management code in the Lua interpreter and now the test suite is failing. I'm not exactly sure what I broke — some of the tests pass, others don't, and the failures seem inconsistent. The project is "
fix-ocaml-gc,3,software-engineering_20260604_002443_008,CalibForge,4,5,5,5,"Self-introduced Lua interpreter regression; build with make, run the suite, isolate the crashing construct. Strong verifier.","While making some changes to the Lua 5.4.7 interpreter, I accidentally introduced a regression. Now certain Lua programs that should work fine are crashing at runtime. The source code is in `/app/lua/`. Build with `make` in that directory. "
fix-ocaml-gc,4,software-engineering_20260510_142854_026,CalibForge,5,4,4,4,Boundary-tag implicit free list mis-splits blocks; free-list bookkeeping is exactly what the OCaml sweeping change corrupted.,I implemented a simple memory allocator in `/app/mm.c` using an implicit free list with boundary tags (headers and footers). It's meant to be a teaching implementation similar to the CSAPP malloc lab approach. The allocator passes basic tes
fix-ocaml-gc,5,software-engineering_20260414_091921_008,CalibForge,5,4,4,4,"Coalescing pool allocator crashes intermittently under stress - run-merging free blocks, reproduced only at scale.",I've been working on a memory pool allocator library for an embedded systems project. The library manages fixed-size memory pools with block coalescing to reduce fragmentation. The test suite crashes intermittently when running stress tests
fix-ocaml-gc,6,software-engineering_20260618_093107_008,CalibForge,4,5,5,4,My compiler refactor segfaults make test: fix a self-inflicted regression in a C compiler and get its suite green.,I've been refactoring the liveness analysis in the 9cc C compiler and now the test suite crashes with a segfault. Something in the compiler pipeline is broken. The source is in `/app/9cc/`. Build with `make` and run the tests with `make tes
fix-ocaml-gc,7,task_07249,Terminal-Lego-15k,5,4,4,4,Out-of-bounds write that only manifests at -O2; the optimisation-sensitive memory bug a hand-edited GC produces. Strong tests.,"# Task: Debug a C++ Program That Only Crashes When Compiled with Optimizations ## Background You have a C++ program that works correctly when compiled without optimizations (`-O0`, typical of debug builds) but crashes or produces incorrect "
fix-ocaml-gc,8,software-engineering_20260604_003814_004,CalibForge,5,4,4,4,Explicit free list with boundary-tag coalescing over a fixed heap - nearest analogue to compressing free space in the major heap.,The files `/app/myalloc.c` and `/app/myalloc.h` implement a custom memory allocator — a replacement for the standard `malloc` / `free` / `calloc` / `realloc` family. It manages a static 1 MiB heap using an explicit free list with boundary-t
fix-ocaml-gc,9,software-engineering_20260606_153537_008,CalibForge,4,5,5,4,Lua codegen regression reproducible only on specific expressions; narrow the failing construct inside a language implementation.,"I've been hacking on the Lua 5.4.7 interpreter, adding some experimental features to the code generator. Somewhere along the way I seem to have introduced a regression — certain Lua programs that use comparison operators inside table indexi"
fix-ocaml-gc,10,task_001917_a27a0211,TMax-15K,4,4,4,4,"Fix the broken Makefile, then find the memory bug that crashes the C binary on a malformed input - the build-then-debug sequence.",You are a security researcher analyzing a suspicious binary component extracted from a malware sample. The source code for this component has been partially recovered and is located in `/home/user/malware_analysis/`. When attempting to buil
gcode-to-text,1,file-operations_20260611_210349_004,CalibForge,5,4,5,5,"Raw byte dump reshaped into an image whose pixels spell a key: rasterise-then-read, the same two steps as this task.","I have a raw image data dump in `archive.bin`. It's a single-channel (grayscale) image stored as raw bytes, one byte per pixel (0=black, 255=white). There's no header — just the pixel data. The image contains text with an access key I need "
gcode-to-text,2,file-operations_20260604_002443_004,CalibForge,4,3,5,4,"A timed machine-command stream (MIDI events) that secretly spells text; interpret the commands, not the file's nominal purpose.","A colleague sent me a MIDI file called `encoded.mid`. When I play it, it sounds like random beeps and bloops — not musical at all. I think there might be a hidden text message encoded in the note data somehow. Extract whatever hidden messag"
gcode-to-text,3,file-operations_20260610_111012_004,CalibForge,4,3,5,4,"Make an unreadable artefact readable, then read the glyphs rendered inside it and write the exact string to /app/out.txt - this task's second half, same output contract.",I have a corrupted PNG file (`corrupted.png`) that I desperately need to recover. Image viewers refuse to open it — they all report checksum errors. The file contains important information rendered as text in the image itself. Can you repai
gcode-to-text,4,task_14037,Terminal-Lego-15k,4,4,4,4,Read characters out of a noisy rendered image and output the exact string - the recognition half of gcode-to-text.,# Task: CAPTCHA Recognition System Using OCR ## Background CAPTCHA (Completely Automated Public Turing test to tell Computers and Humans Apart) systems present distorted text images that are designed to be readable by humans but difficult f
gcode-to-text,5,task_001718_513bde5d,TMax-15K,3,5,3,4,Parses real G-code motion words and tracks the toolpath extent against machine limits; the only genuine G-code geometry task found.,"You are a developer tasked with organizing legacy manufacturing project files for a CNC shop. We recently upgraded our CNC machinery, and the old GCode files need to be audited to ensure they do not exceed the physical limits of the new mac"
gcode-to-text,6,pdfminer__pdfminer.six.1a8bd2f7.pr_887,SWE-Smith-Seeds-Clean,4,4,2,4,Text extraction from a page-description language fails on specific glyph layouts - recovering characters from drawing commands.,"**Text extraction fails with certain PDF files** **Describe the bug** When attempting to extract text from specific PDF files, the process fails unexpectedly. This issue seems to occur with PDFs that have complex character arrangements or n"
gcode-to-text,7,file-operations_20260616_094815_004,CalibForge,4,3,5,4,Infer an undocumented modulation scheme from an audio file and emit the message to /app/out.txt; guess-the-encoding under a one-string answer.,I recovered this audio file from an old cassette tape. It sounds like a modem or data transmission — there's definitely a text message encoded in the audio. Can you decode it? Write the message to /app/out.txt
gcode-to-text,8,file-operations_20260604_193056_004,CalibForge,4,3,4,4,Infer an undocumented binary record layout by anchoring on the few records you can already read - the format-inference core.,Our HR system crashed and the only thing we have left is a raw binary dump at `/app/employees.bin` and a partial text roster at `/app/roster.txt`. The text roster shows 5 employees with their correct data. The binary file contains the full 
gcode-to-text,9,file-operations_20260611_112034_004,CalibForge,4,3,4,4,Reconstruct a lost container format from magic bytes alone and reassemble the message spread across its entries.,"I found an old backup file called `data.ctnr` created by a legacy archiving tool. The file should contain a text message stored across multiple entries, but the original tool no longer runs on modern systems and I've lost the format documen"
gcode-to-text,10,task_000845_2fd86cc2,TMax-15K,3,5,3,3,Tokenise and rewrite G1 X/Y coordinate commands; G-code motion-word parsing with a strong verifier.,"You are helping a technical writer process and serve a batch of legacy manufacturing documentation. The system consists of a Python Flask backend and an Nginx reverse proxy, located in `/app/`. Your tasks are: 1. **Secure Nested Archive Ext"
git-leak-recovery,1,security_20260611_210349_008,CalibForge,5,5,5,5,"Recover every secret from a cleaned history and verify none remains recoverable; both halves of this task, strong verifier.","A developer on our team accidentally committed sensitive credentials to the git repository at `/app/repo` and then tried to clean up the history. The current working tree and visible commit history appear clean, but we need to verify that n"
git-leak-recovery,2,software-engineering_20260602_105139_006,CalibForge,5,5,5,5,Recover a formatted secret key from a history the developer tried to purge and write it to /app/secret.txt - same premise and same path.,A developer accidentally committed an API secret key to the Git repository at `/app/repo` and then tried to remove it. The key is still recoverable from the repository's history. Recover the full secret key string and write it to `/app/secr
git-leak-recovery,3,task_11504,Terminal-Lego-15k,5,5,4,5,Remove a sensitive file from git history so it is genuinely unrecoverable; the cleanup requirement this task grades separately.,# Task: Remove a Sensitive File from Git History ## Objective You have a Git repository that contains a sensitive file (`credentials/api_keys.txt`) that was accidentally committed in the past. The file has since been part of multiple merges
git-leak-recovery,4,system-administration_20260603_181444_008,CalibForge,5,5,4,5,"Recover history, then rewrite it so a file was never tracked, leaving fsck clean and everything else intact - strongest verifier of the group.","The git repository at `/app/repo` is corrupted. Recover the full original commit history (4 commits), then rewrite the history to completely remove `config.ini` from all commits (as if it was never tracked), add a `.gitignore` containing `*"
git-leak-recovery,5,rts_task_05b12b8f06acd0e46d3f0039,Recursive-Task-Synthesis,5,5,4,5,"Locate the dangling commit that added secret.key in a bare repo and show it; the unreachable-object hunt, though verifier-absent.","Remove the mistaken commit that pushed secret.key from the remote history at https://github.com/jrogue/sample.git. Then clone a fresh copy, produce the five deliverables in /app, and assemble the evidence bundle as described in /srv/git/aud"
git-leak-recovery,6,security_20260607_104421_002,CalibForge,5,5,4,4,Files removed by a force-push survive as unreachable objects; recover them from the object database.,"A git repository at `/app/repo` appears to have been tampered with — someone force-pushed to remove sensitive files from the commit history. However, git's internal object database may still contain the deleted data as unreachable objects. "
git-leak-recovery,7,task_002384_377945af,TMax-15K,5,5,4,5,Search git history for an API key committed then removed; the recovery half with a strong verifier.,"A customer has reported a severe regression in our video telemetry processing pipeline, and I need you to act as our support engineer to collect diagnostics and provide an immediate workaround. We have a git repository at `/home/user/teleme"
git-leak-recovery,8,task_11392,Terminal-Lego-15k,5,5,4,4,Recover a dropped stash by finding the commit nothing references any more - same fsck/dangling-object technique.,# Task: Recover a Dropped Stash in Git ## Objective Write a shell script that recovers a dropped (popped) git stash from a git repository. The script should find the lost stash commit and restore the stashed changes into a patch file. ## Ba
git-leak-recovery,9,tw_329715,TerminalWorld-Seeds-Clean,4,5,4,4,"Expunge the commit that added secret.key from a remote's history; the purge step, graded rather than FREE.",Undo a mistaken commit that was already pushed to a remote Git repository. The repository at `https://github.com/jrogue/sample.git` currently has a commit that added a file called `secret.key` which should not have been pushed. Your goal is
git-leak-recovery,10,security_20260508_045557_006,CalibForge,4,5,4,4,"Full audit after a panicked cleanup: find ALL exposed secrets, not just the first one - matches the find-every-occurrence requirement.","A junior developer on your team accidentally committed credentials to the project repository at `/app/project`. They panicked and tried to ""clean up"" by making new commits, deleting branches, and force-pushing. They claim all secrets are no"
git-multibranch,1,system-administration_20260415_094424_002,CalibForge,5,5,5,5,"Bare repo that should deploy to an nginx document root on push but does not; same architecture and same failure, strongly verified.","A deployment server was recently set up to automatically deploy web applications using git push. The bare git repository is at `/srv/git/webapp.git` and should deploy to `/var/www/webapp`, which nginx serves on port 8080. The setup isn't wo"
git-multibranch,2,task_003575_8f9fa187,TMax-15K,5,5,5,5,Debug a post-receive hook that fails to check the pushed code out to the deploy directory - the hook half of this task.,"You are an engineer responsible for maintaining a lightweight Git-based deployment pipeline. We have a local bare Git repository at `/home/user/deploy.git` that acts as our production remote. When developers push to this repository, a `post"
git-multibranch,3,system-administration_20260604_003814_003,CalibForge,5,5,5,5,Self-signed certificate plus nginx serving two distinct apps over HTTPS on 8443; the serving half almost exactly.,We have two Python Flask application skeletons in /app/ (app1.py and app2.py) that need to be deployed behind Nginx. Set up the following: - Generate a self-signed certificate and configure Nginx to serve HTTPS on port 8443 - Complete both 
git-multibranch,4,system-administration_20260604_193056_006,CalibForge,5,5,5,5,"Private git-over-SSH server with user, sshd and repos half-configured; make the whole path work end to end.","A colleague tried to set up a private Git server on this machine but something's wrong — git operations via SSH keep failing. The git user exists, SSH is running, and some repo directories were created, but nothing works end-to-end. Diagnos"
git-multibranch,5,task_008507_de9e4b80,TMax-15K,5,5,5,5,"Push to a local git server, validate in the hook, serve the result over a secure web server - the same three-stage pipeline.","Hello! I am an observability engineer setting up a local GitOps workflow for our dashboard configurations, and I need your help to build the pipeline. We want developers to push dashboard JSON files to a local Git server, which automaticall"
git-multibranch,6,system-administration_20260606_172554_003,CalibForge,4,5,5,4,Two HTTPS endpoints on port 8443 with separate web roots and certificates you must build; same port and routing problem.,"Configure nginx to serve two endpoints over HTTPS on port 8443 with mutual TLS authentication. The server currently runs HTTP on port 80. Web roots exist at `/var/www/public/` (for `/public/`) and `/var/www/protected/` (for `/protected/`), "
git-multibranch,7,system-administration_20260613_152233_007,CalibForge,5,5,5,4,"Self-hosted git server with anonymous read, authenticated SSH push and a web view; the multi-access-path wiring this task needs.","Set up a self-hosted Git server on this machine. It must support anonymous reads (git://), authenticated pushes (SSH), and a web browser interface for viewing repositories. Create two repositories under /srv/git/: - `project-alpha.git` — de"
git-multibranch,8,task_11863,Terminal-Lego-15k,4,5,4,4,Fix try_files with alias so a sub-path serves its file - precisely how the /dev/index.html endpoint usually breaks.,"# Task: Fix NGINX try_files + alias Directive Configuration ## Problem Description When using NGINX's `try_files` directive in combination with the `alias` directive, requests to a `/blog` location that should be served from an alternative "
git-multibranch,9,task_10658,Terminal-Lego-15k,4,5,4,4,Generate a self-signed certificate and configure the web server to serve HTTPS with it; the TLS requirement on its own.,# Task: Configure Apache2 Web Server with Self-Signed SSL Certificate on Debian ## Description You are tasked with setting up an Apache2 web server on a Debian-based system with a self-signed SSL/TLS certificate. This simulates a common sce
git-multibranch,10,system-administration_20260604_002443_003,CalibForge,4,5,4,4,nginx serving a repository over HTTPS at localhost:8443 behind auth; same endpoint shape with a signing step added.,"The custom .deb package `hello-custom_1.0.0_all.deb` is at `/app/packages/`. Set up a self-hosted, GPG-signed APT repository served by nginx over HTTPS at `https://localhost:8443/ubuntu`. The repository files must live under `/var/www/apt-r"
gpt2-codegolf,1,software-engineering_20260510_125534_010,CalibForge,5,4,5,5,"Dependency-free C binary-format decoder at /app, gcc -O3 -lm, under 5000 bytes - the same instruction template, same constraints.",Write a dependency-free C program that decodes PNG image files. Call your program `/app/png_decode.c`. I will compile with `gcc -O3 -lm`. Your program must be under 5000 bytes. The program should read a PNG file and output raw RGB pixel dat
gpt2-codegolf,2,model-training_20260617_051646_002,CalibForge,5,5,4,5,Write a C inference engine that loads a trained model's saved weights and reproduces its predictions; the ML-in-C half exactly.,"Your task is to fix the training script and create a C inference engine for the trained model. The directory `/app` contains: - `data.npz` — Training and test data (NumPy format). Contains `train_images`, `train_labels`, `test_images`, `tes"
gpt2-codegolf,3,software-engineering_20260603_181444_010,CalibForge,5,4,4,4,"Parse the raw SQLite v3 file format in self-contained C; reverse-reading a complex on-disk container with no library, like a .ckpt.",I have a SQLite database file at /app/test.db and I need to dump all user-table data to CSV — but I can't use the sqlite3 library or any external packages. Write me a self-contained C file at /app/sqlite-read.c that reads the raw SQLite v3 
gpt2-codegolf,4,task_001973_2cb06dfa,TMax-15K,4,4,4,4,C program that reads model weights from a file and runs inference over input data; weights-file-to-prediction in plain C.,"You are a data analyst acting as an algorithmic engineer. We need a lightweight, high-performance C pipeline to process raw IoT sensor data, handle missing values and outliers, enforce data schemas, and apply a pre-trained linear regression"
gpt2-codegolf,5,software-engineering_20260509_111805_010,CalibForge,4,3,5,4,Dependency-free C under 1500 bytes that must still emit a byte-correct format; the strictest code-golf budget available.,Write a dependency-free C file that implements a minimal `ar` utility for creating static library archives. Call your program `/app/mkar.c`. I will compile it with `gcc -O3 -o mkar /app/mkar.c`. Your C source must be <1500 bytes. The progra
gpt2-codegolf,6,task_000513_d8761e46,TMax-15K,4,5,4,4,Build the C tokenizer feeding a custom C LLM inference engine - tokenisation in C for precisely this kind of program.,"You are a data scientist tasked with preparing a text dataset for a lightweight custom C-based LLM inference engine. You need to build a fast data cleaning and tokenization pipeline in C, benchmark its performance, and compute statistical c"
gpt2-codegolf,7,task_12241,Terminal-Lego-15k,4,4,3,4,"Portable reinterpretation of a byte buffer as structured fields in C: alignment and aliasing, the first hazard in reading a ckpt.","# Task: Implement Portable Buffer-to-Struct Interpretation in C ## Working Directory `/app/task_file/` ## Background In network programming, you frequently need to interpret raw byte buffers as structured data (e.g., protocol headers). This"
gpt2-codegolf,8,software-engineering_20260506_213248_010,CalibForge,4,3,4,4,"Implement DEFLATE decoding in C straight from the specification, all block types; spec-to-correct-bit-stream-code in one file.",Write a dependency-free C program that decompresses gzip files. Call your program `/app/inflate.c` - I will compile with `gcc -O3 -o inflate inflate.c`. Your program must: 1. Read a gzip file from argv[1] 2. Write the decompressed content t
gpt2-codegolf,9,machine-learning_20260604_002443_002,CalibForge,4,5,3,4,"Get a transformer encoder's embeddings, positional encoding and attention stack correct; the architecture this task reimplements in C.",The file `/app/model.py` contains a custom PyTorch implementation of a transformer encoder. It defines a standard multi-layer transformer encoder with: - Token embeddings - Learnable positional encodings - Multi-head scaled dot-product self
gpt2-codegolf,10,task_13481,Terminal-Lego-15k,4,5,4,4,Implement skip-gram with negative sampling from its description; building a published model's maths from a written spec.,# Task: Implement Negative Sampling for Word2Vec Skip-Gram Model ## Background Negative sampling is a training technique used in Word2Vec that makes the training process more computationally efficient. Instead of updating all weights in the
headless-terminal,1,software-engineering_20260501_172213_011,CalibForge,5,5,5,5,"PtyTerminal on a PTY-backed bash: send \x03, process-group signals, clean teardown. Verifier graded weak but tests really drive the PTY.",Implement the `PtyTerminal` class that provides a Python interface for running interactive programs in a pseudo-terminal (PTY). The implementation should spawn a shell (bash) and allow sending keystrokes to it. The implementation must handl
headless-terminal,2,software-engineering_20260417_145736_011,CalibForge,5,5,5,5,PTYProcessManager must allocate a real PTY so startup files source and interactive programs work; also closes every PTY fd.,Implement the `PTYProcessManager` class that inherits from `BasePTYProcessManager` in `/app/base_pty_manager.py`. The manager must spawn and control subprocesses with proper pseudo-terminal (PTY) allocation. A correct implementation must: 1
headless-terminal,3,software-engineering_20260508_045557_011,CalibForge,5,5,5,5,PTYRunner against a base ABC; the crux is bidirectional PTY I/O that does not deadlock when the buffer fills.,Implement the `PTYRunner` class that inherits from `BasePTYRunner` in `/app/base_pty_runner.py`. The runner spawns a subprocess with a pseudo-terminal and allows interactive communication with it. The implementation must handle bidirectiona
headless-terminal,4,software-engineering_20260415_123352_011,CalibForge,5,5,5,5,"Named PTY bash sessions with keystroke send and output read, startup files sourced; TB task plus session multiplexing.",Implement the `TerminalSessionManager` class in `/app/terminal_session.py` that extends `BaseTerminalSessionManager` from `base_terminal_session.py`. The class manages multiple PTY-based interactive shell sessions. Each session runs an inte
headless-terminal,5,software-engineering_20260507_093408_011,CalibForge,4,5,4,4,PTY device/fd exhaustion in a runner; strongest verifier of the PTY family and teaches fd lifetime discipline.,"The `procrunner` library in `/app/procrunner.py` is causing problems in our automation system. After running for a while, processes start failing with ""out of pty devices"" errors, and some commands hang indefinitely. Diagnose and fix the bu"
headless-terminal,6,software-engineering_20260510_130518_011,CalibForge,4,5,4,4,"ProcessController spawns under a PTY, matches output patterns and writes input; same pty/select/waitpid surface.","Implement a process automation library in `/app/process_automation.py` that spawns child processes with pseudo-terminal support, matches patterns in their output, sends input programmatically, and properly manages PTY file descriptors throu"
headless-terminal,7,software-engineering_20260419_065313_011,CalibForge,4,5,4,4,PTY session pool for interactive shells: device exhaustion and zombie reaping across hundreds of spawns.,"We have a CI system that runs automated interactive tests across multiple terminal sessions. The tests spawn interactive shells, send commands, and check outputs. The current implementation is leaking resources — after a few hundred test ru"
headless-terminal,8,software-engineering_20260415_182321_011,CalibForge,4,4,5,4,"Implement a robust CommandExecutor from an ABC: pipe deadlock, zombies, orphaned children. Strong verifier.","I need a robust shell command executor that doesn't fall apart under real-world conditions. The current implementation I have keeps failing in production with mysterious hangs, zombie processes, and orphaned children. The interface is defin"
headless-terminal,9,pexpect__ptyprocess.1067dbda.func_pm_remove_assign__ivbnyzsb,SWE-Smith-Seeds-Clean,4,5,2,4,Bug inside ptyprocess itself: isalive() must set exitstatus when the PTY child dies by signal. Repo tests.,# UnboundLocalError in PtyProcess.isalive() when process is terminated by signal ## Description Python Version: 3.10.15 ptyprocess Version: latest ## Code to Reproduce ```python import signal import time from ptyprocess import PtyProcess # 
headless-terminal,10,task_00268,Terminal-Lego-15k,4,4,4,4,termios raw/non-canonical configuration of a tty plus an openpty-based test harness - the fd and mode work in C.,"# Task: Implement Serial Port Communication in C ## Description You need to create a C program that demonstrates how to properly open, configure, read from, and write to a serial port in Linux. The program should handle a USB-to-serial devi"
hf-model-inference,1,task_003986_4e4c690f,TMax-15K,5,5,5,5,"Install deps, load a HuggingFace model (whisper-tiny), run inference and expose the results through a web API - same three-part task.","I am a researcher organizing a new multimodal dataset. I have a raw audio sample located at `/app/audio/sample.wav`, and I need to extract mathematical features from the signal, transcribe it using a small model, and expose these results vi"
hf-model-inference,2,task_003205_4267f918,TMax-15K,4,5,4,4,"HF model inference on real input, then served behind a REST API with an enforced request/response shape.","You are a data engineer building an ETL pipeline that processes, indexes, and serves semantic searches over audio recordings of customer support calls. Your goal is to build an end-to-end pipeline that transcribes an audio file, chunks the "
hf-model-inference,3,software-engineering_20260612_191200_020,CalibForge,4,4,5,4,Flask API on port 5000 with per-route JSON contract and 404 handling; strong verifier calls the live endpoints.,Set up a REST API for a book catalog using Flask. A CSV file with the initial data is at `/app/flaskapi/books.csv`. The API should run on port 5000 and support these endpoints: - `GET /books` — return all books as a JSON array - `GET /books
hf-model-inference,4,model-training_20260420_020307_001,CalibForge,4,5,4,4,Sentiment model predicting wrongly after checkpoint conversion; forces correct model loading and inference code. Strong verifier.,"We have a sentiment classification model that was working well, but after running a checkpoint conversion script (`convert.py`) for deployment optimization, the inference quality degraded significantly. The model loads without errors but pr"
hf-model-inference,5,task_11337,Terminal-Lego-15k,4,4,4,4,Flask endpoint that must actually parse the POSTed JSON body and echo JSON back - the TB endpoint's core mechanic.,# Task: Build a Flask API That Correctly Receives and Returns POSTed JSON ## Objective Create a Flask application that properly handles POST requests containing JSON data. The application must correctly parse JSON from the request body and 
hf-model-inference,6,task_000680_ff6ac094,TMax-15K,4,5,3,4,Requires downloading and running a named HuggingFace model locally; the model-cache and offline-inference half.,"You are an AI assistant acting as a Machine Learning Engineer preparing a pipeline for a voice-based customer support system. Your goal is to build and deploy a local HTTP service that processes audio requests, transcribes them, and classif"
hf-model-inference,7,task_004201_f72247f2,TMax-15K,4,4,5,4,Repair a broken vendored embedding server and get it serving requests; 'make the local model API come up' end to end.,You are an ML Engineer preparing training data and benchmarking a new local embedding microservice before deploying it to production. We have a vendored third-party embedding server located at `/app/tiny-embed-api`. It is designed to expose
hf-model-inference,8,system-administration_20260614_141608_008,CalibForge,4,4,4,4,Flask app returns nothing through gunicorn/nginx; fix binding and process startup so curl gets a response.,I set up an inventory management API at `/app/webapp/` but I can't get it to serve traffic. The plan was nginx on port 80 proxying to the Flask app (via gunicorn) on 127.0.0.1:8000. When I try `curl http://localhost/api/health` I get nothin
hf-model-inference,9,task_12501,Terminal-Lego-15k,3,4,5,4,"POST endpoint with a mandated status code and body per outcome; strong verifier, directly trains the 400-error branch.",# Task: Implement a REST API with Proper HTTP Status Codes for External Datasource Scenarios ## Description You need to build a REST API server that processes orders via a `POST` endpoint. The endpoint retrieves data from an external dataso
hf-model-inference,10,machine-learning_20260511_150433_001,CalibForge,4,5,3,4,Convert a PyTorch sentiment model into an optimised deployable artifact and keep its accuracy - model-to-deployment path.,A PyTorch model at `/app/sentiment_model.pt` needs to be deployed on an edge device. Create an optimized ONNX model at `/app/quantized_model.onnx` that: - Uses INT8 quantization - Is at least 50% smaller than the original model file - Maint
install-windows-3.11,1,task_003133_85965df1,TMax-15K,5,5,5,5,"QEMU VM operator: provision disks, launch VMs, diagnose connectivity. Same 'compose the right qemu command and keep the guest up' work. Strong verifier.","You are tasked with building the foundation of a local Kubernetes-like operator that manages lightweight VMs using QEMU. You need to create several scripts and configurations to handle connectivity diagnostics, backups, disk provisioning, a"
install-windows-3.11,2,task_003288_e131a9f5,TMax-15K,5,5,4,5,"Drives the QEMU monitor over a UNIX domain socket - the /tmp/qemu-monitor.sock programmatic-control requirement, verbatim.","You are a Site Reliability Engineer (SRE) tasked with monitoring the uptime of a legacy system that runs inside a QEMU virtual machine. The VM does not expose a modern API, but it does expose an interactive QEMU monitor over a UNIX domain s"
install-windows-3.11,3,system-administration_20260606_172622_007,CalibForge,5,5,4,5,Get a kernel plus initramfs to actually boot under QEMU; the iterate-on-qemu-flags-until-the-guest-comes-up loop.,I'm trying to build a minimal Linux system that boots in QEMU. Here's what I have so far: - A pre-compiled Linux kernel at `/app/bzImage` - Busybox 1.36.1 source at `/app/busybox-1.36.1/` (with a default `make defconfig` already run) - An i
install-windows-3.11,4,task_003951_3539778b,TMax-15K,4,5,5,5,"Start a QEMU instance and expose its status over an HTTP server; QEMU launch plus a web front end, as required here. Strong verifier.","You are an infrastructure engineer automating the provisioning and monitoring of a lightweight virtual machine. Your task is to start a QEMU instance, write a custom C program to monitor its process status, and expose this status securely v"
install-windows-3.11,5,task_005135_29890231,TMax-15K,4,5,4,4,Provisions QEMU application VMs and connects to them over VNC; the qemu-plus-VNC-display pairing this task centres on.,You are a deployment engineer tasked with creating an automated rollout tool for virtualized applications. Your team uses QEMU to run application virtual machines and connects to them via VNC. You need to write a Python script at `/home/use
install-windows-3.11,6,task_008098_92d1e2a9,TMax-15K,4,5,4,4,Brings up a VM exposing VNC over a Unix socket and then health-checks it; socket and display wiring together.,You are an engineer responsible for maintaining a local VM deployment pipeline. The deployment is orchestrated via a Bash script that launches a simulated VM environment (representing QEMU) exposing a VNC interface over a Unix domain socket
install-windows-3.11,7,tw_436604,TerminalWorld-Seeds-Clean,4,5,4,4,Boot a real cloud VM under libvirt/KVM with a resized qcow2 and cloud-init; genuine hypervisor bring-up. Strong verifier.,"Deploy a Debian 11 cloud VM named `debian01` using cloud-init and libvirt/KVM. Download the Debian 11 generic cloud image (qcow2 format), resize it to accommodate additional storage, and provision the VM with a cloud-init configuration that"
install-windows-3.11,8,task_10686,Terminal-Lego-15k,4,5,3,4,"Translate a QEMU command line from -redir to -netdev/hostfwd; precise QEMU flag knowledge, which is where this task fails.","# Task: Convert Deprecated QEMU `-redir` Option to Modern `-netdev` Syntax ## Description When using QEMU to emulate systems, the `-redir` option for port forwarding has been deprecated in newer versions. The modern replacement uses the `-n"
install-windows-3.11,9,system-administration_20260509_065529_001,CalibForge,4,5,4,4,Build qemu-system-aarch64 from source and show it boots a kernel; deepest QEMU-internals exposure in the pool. Strong verifier.,"Under `/opt/qemu/`, build QEMU version 8.2.10 from source, configuring it to build only the ARM64 (aarch64) system emulation target. The build must produce a working `qemu-system-aarch64` binary at `/opt/qemu/bin/qemu-system-aarch64` that c"
install-windows-3.11,10,task_003890_44be0a93,TMax-15K,4,4,4,4,Fix an nginx reverse proxy sitting in front of a QEMU VM until traffic flows; the nginx-on-80 half of the requirement.,You are acting as a network engineer troubleshooting connectivity for our new local environment. We have a multi-service stack running in `/app/`. It consists of: 1. An Nginx reverse proxy listening on `127.0.0.1:8080`. 2. A Python Flask AP
kv-store-grpc,1,task_000382_d6f23c02,TMax-15K,5,5,5,5,"Write the proto, generate the Python stubs and implement a gRPC servicer over existing logic - the same four steps this task asks for.","We are migrating an old proprietary Web Application Firewall (WAF) analyzer from a legacy Python 2 C-extension to a modern Python 3 gRPC microservice. The core logic must remain in C for performance, but it will be exposed via gRPC. Unfortu"
kv-store-grpc,2,task_12106,Terminal-Lego-15k,5,5,4,5,"Builds raw protobuf serialization and a gRPC service on top: .proto authoring, protoc codegen, then a running service.",# Task: Demonstrate Protobuf and gRPC Concepts Through Implementation ## Objective Build a working demonstration that illustrates the relationship between Protocol Buffers (protobuf) and gRPC by implementing both a raw protobuf serializatio
kv-store-grpc,3,task_006476_9773661e,TMax-15K,5,5,4,5,The protobuf compilation step is broken and must be fixed before the gRPC service runs; that codegen step is where this task trips solvers.,You are tasked with fixing a multi-file Python project located in `/home/user/graph_service` that currently fails to run due to both protobuf compilation errors and an algorithmic bug in the core logic. The project implements a gRPC service
kv-store-grpc,4,task_004313_ce1cd767,TMax-15K,4,5,5,4,"Implement a Python gRPC service plus the setup script that installs its toolchain; proto to running server, end to end.","You are an engineer porting a legacy video analysis tool to run as a microservice in a minimal container. Your task is to implement the core engine as a Python gRPC service, implement the numerical analysis algorithm, and create a setup scr"
kv-store-grpc,5,task_12432,Terminal-Lego-15k,4,5,4,4,Defines and serves a real gRPC service (against a REST twin) and measures it; codegen plus a live server. Strong verifier.,"# Task: Benchmark gRPC (HTTP/2) vs REST (HTTP/2) Performance ## Objective Build a performance benchmarking system that compares **gRPC over HTTP/2** against **REST over HTTP/2** to measure differences in latency, throughput, and streaming p"
kv-store-grpc,6,task_001783_c60637e1,TMax-15K,4,5,4,4,"Make a gRPC backend and its gateway consistent: proto, generated stubs and server wiring must all agree. Strong verifier.","You are an open-source maintainer reviewing a pull request for a new high-performance checksum validation microservice. A contributor has submitted a PR that adds a gRPC backend and an HTTP gateway, along with a vendored C library for fast "
kv-store-grpc,7,software-engineering_20260610_111702_024,CalibForge,4,5,4,4,"Implement the protobuf wire format from scratch - varints, zigzag, tags, length-delimited fields. The layer gRPC sits on. Strong verifier.","Create `/app/protowire.py` — a pure-Python (stdlib only) implementation of the Protocol Buffers wire format, the binary serialization used by gRPC and countless production systems at Google. --- ## Required exports Your module must export t"
kv-store-grpc,8,task_002471_35f54046,TMax-15K,4,5,4,4,Define and serve a Python gRPC service fronting a C++ library; same define-generate-implement-serve sequence.,You are a web developer building a high-performance backend feature: a gRPC metadata processing service written in Python that delegates heavy text processing to a C++ shared library. Your repository is located at `/home/user/project/`. Cur
kv-store-grpc,9,software-engineering_20260418_044216_012,CalibForge,4,4,5,4,"A TCP key-value store server on a fixed port with concurrent clients; the KV-server half of the task, strongly verified.",Build a TCP-based key-value store server in Python that persists data to disk and supports key expiration. You need to: 1. Create `/app/server.py` implementing a TCP server that: - Listens on port 6379 - Handles multiple concurrent client c
kv-store-grpc,10,software-engineering_20260618_093107_012,CalibForge,4,4,5,4,Read a protocol spec and implement a conforming server on a port; the discipline of serving an exact contract.,Build a server that speaks the Redis Serialization Protocol (RESP) and implements a subset of Redis commands. The RESP protocol specification is available at /app/RESP_SPEC.md. Study it carefully — the server must follow the exact wire form
large-scale-text-editing,1,task_06307,Terminal-Lego-15k,5,5,5,5,"Drive Vim headlessly (vim -es / vim -c) with ex commands to transform a file, checked byte-for-byte. Same tool, same invocation, same success criterion.","# Capitalize First Letter of Each Word Using Vim ## Task Description Using Vim's command-line capabilities (e.g., `ex` mode, `vim -c`, or `vim -es`), capitalize the first letter of each word in a given text file. Each word's first alphabeti"
large-scale-text-editing,2,task_06308,Terminal-Lego-15k,5,5,4,5,Chained :%s/// replacements whose whole difficulty is escaping inside Vim's substitution syntax - the exact hazard in a setreg macro string.,"# Task: Escaping Backslashes and Forward Slashes in Vim Find/Replace ## Description In Vim, the standard find and replace command is `:%s/foo/bar/g`. However, when the search or replacement strings contain forward slashes (`/`) or backslash"
large-scale-text-editing,3,task_06291,Terminal-Lego-15k,5,5,4,5,Multi-line matching in Vim's own regex dialect from ex mode; Vim regex is not PCRE and that is where this task's macros fail.,"# Task: Multi-line Regex in Vim ## Description In Vim, the standard Perl-style `/s` modifier (which makes `.` match newline characters) is **not** supported. Instead, Vim has its own syntax for matching patterns across multiple lines. Your "
large-scale-text-editing,4,task_06116,Terminal-Lego-15k,4,5,4,4,Whole-file per-line edit run non-interactively with :%s and end-of-line motions; one of the three transformations this task needs.,"# Task: Add a String to the End of Each Line Using Vim ## Description You need to append a specific character to the end of every line in a text file using Vim's command-line mode or ex commands. Given an input file, add an asterisk (`*`) t"
large-scale-text-editing,5,task_06134,Terminal-Lego-15k,4,5,4,4,"Precise control of :%s ranges, flags and confirmation in Vim; strong verifier on the resulting file.","# Interactive Search/Replace in Vim ## Task Description In Vim, the global search and replace command `%s/old/new/g` replaces all occurrences without asking for confirmation. However, in many real-world scenarios, you need to selectively re"
large-scale-text-editing,6,task_06205,Terminal-Lego-15k,4,5,4,4,Vim word-boundary syntax used from ex mode to produce an exact filtered file; Vim-dialect regex authoring.,"# Task: Using Vim Word Boundary Search to Extract Matching Lines ## Description In standard regular expressions, `\b` is used to match word boundaries. However, Vim uses different syntax for word boundary matching. Your task is to demonstra"
large-scale-text-editing,7,task_06187,Terminal-Lego-15k,4,5,3,4,Capture groups in Vim's \(...\)/\1 form to rewrite every word; the substitution the macros here must get right.,"# Task: Transform Words Using Regex Capture Groups ## Description In Vim (and compatible tools like `sed`), regex capture groups work differently than in many other regex flavors. Your task is to use regex capture groups to transform a list"
large-scale-text-editing,8,software-engineering_20260510_062946_021,CalibForge,4,4,5,4,"Write a sed program that tracks nesting using only the editor language's primitives - the same 'no scripting allowed, use the editor' constraint. Strong verifier.","Write a sed script called `/app/balance.sed` that checks if parentheses, brackets, and braces are properly balanced and nested in the input. The script should read lines from stdin and for each line output either `balanced` or `unbalanced`."
large-scale-text-editing,9,task_001805_7adfc444,TMax-15K,4,3,4,4,"Apply a specified text-replacement macro across a codebase under stated selection rules, verified against exact content. Strong verifier.","You are tasked with organizing and refactoring a legacy project's source files. The lead developer left a voice memo detailing a specific text-replacement macro that needs to be applied to the codebase, along with specific file-search crite"
large-scale-text-editing,10,task_02007,Terminal-Lego-15k,3,5,3,3,"Join lines in Vim by removing newlines; normal-mode operators applied over a whole file, which macros @a/@b/@c must do.",# Task: Delete Newline Characters to Join Lines in Vim ## Description You need to use Vim to join multiple lines into a single line by removing the newline characters between them. Given a file containing a code snippet spread across multip
largest-eigenval,1,mathematics_20260606_172554_003,CalibForge,5,5,5,5,Golub-Welsch eigh too slow; beat the reference median time per call with identical output. Same task down to the eval harness.,"The Gauss-Legendre quadrature implementation in `/app/gauss_legendre.py` returns correct nodes and weights, but it is too slow when called repeatedly with large n. The function `gauss_legendre(n)` uses the Golub-Welsch algorithm, which buil"
largest-eigenval,2,scientific-computing_20260601_053159_001,CalibForge,5,5,3,5,Implements power_method returning the dominant eigenvalue and eigenvector from scratch; exactly TB2.1's core algorithm.,Implement a numerical eigensolver from scratch and apply it to solve a 1D Schrödinger eigenvalue problem (particle in a finite square well potential). Save your implementation in two files: ## Part 1: `/app/eigensolver.py` Implement the fol
largest-eigenval,3,scientific-computing_20260607_104421_001,CalibForge,5,5,4,5,Hand-implemented Jacobi eigendecomposition with pre-built eigensolvers banned; teaches the eigen algorithm itself.,Your task is to implement Gaussian quadrature rules for classical weight functions using the Golub-Welsch algorithm. The key challenge: you must implement the eigenvalue decomposition yourself — you may NOT use any pre-built eigenvalue/eige
largest-eigenval,4,mathematics_20260508_204815_003,CalibForge,4,5,5,4,Small-matrix matrix-function kernel that must beat the scipy reference in /app/eval.py; identical optimisation genre.,"Complete the implementation of `matrix_exp_action` in `/app/expm_action.py`. This function computes the action of a matrix exponential on a vector: e^(tA) · v, where A is an n×n matrix, v is a vector of length n, and t is a scalar. This ope"
largest-eigenval,5,mathematics_20260615_143956_003,CalibForge,4,5,4,4,Fix a structured-matrix determinant and beat np.linalg.det by exploiting structure -- the same speed-through-structure lever.,The function `det_toeplitz` in /app/toeplitz.py is supposed to compute the determinant of a Toeplitz matrix T defined by its first column `c` and first row `r` (with c[0] == r[0]). The current implementation is broken — it returns incorrect
largest-eigenval,6,task_004244_018a965b,TMax-15K,5,4,4,4,"C++ power-iteration pipeline for the principal eigenvalue, profiled; same algorithm plus the native-code speed path TB2.1 allows.",I am a performance engineer responsible for profiling our new C++ network analysis pipeline. We are building a tool to find the dominant structural component (principal eigenvalue) of observational network data using the Power Iteration met
largest-eigenval,7,mathematics_20260602_105139_003,CalibForge,4,4,5,4,Must be consistently faster than np.convolve with identical results; algorithmic replacement of a numpy primitive under timing.,Complete the implementation of `fast_polymul` in `/app/polymul.py`. The function takes two 1D numpy arrays of `np.int64` coefficients (lowest degree first) and must return their polynomial product as a numpy array of `np.int64` coefficients
largest-eigenval,8,task_001331_787cad37,TMax-15K,4,4,3,4,"Answers EIGEN queries via power iteration for the dominant eigenvalue, plus QR on the same small matrices.",**Final Objectives & Specifications:** 1. **TCP Service:** Implement a C++ TCP server listening on `127.0.0.1:9090`. 2. **Oracle Interrogation:** A stripped binary exists at `/app/jacobian_oracle`. It simulates the local Jacobian matrix of 
largest-eigenval,9,mathematics_20260416_172928_003,CalibForge,4,5,3,4,matrix_sign for real non-symmetric matrices is eigenvalue-sign reasoning with Newton/Schur alternatives to eig.,Implement `matrix_sign(A)` in `/app/matrix_sign.py` that computes the matrix sign function for real matrices. The matrix sign function is defined for a matrix A with no eigenvalues on the imaginary axis. For a diagonalizable matrix A = XDX^
largest-eigenval,10,task_008399_38ddeb46,TMax-15K,4,4,4,4,Compile a C kernel and wrap it in Python to replace a slow pure-Python numeric loop -- TB2.1's explicit escape hatch.,You are a performance engineer working on optimizing a scientific simulation code. The current pure-Python implementation is accurate but too slow for large-scale production runs. Your team has provided a highly optimized C function for the
llm-inference-batching-scheduler,1,machine-learning_20260604_002443_003,CalibForge,4,5,4,5,Paged KV-cache manager: block-granular allocation and internal fragmentation in LLM inference; the same padding-waste-vs-granularity tradeoff TB2.1 optimises.,"Implement a **paged KV-cache memory manager** for transformer-based LLM inference. ## Background During autoregressive generation, transformer models cache the key-value (KV) tensors from each attention layer to avoid recomputing them for p"
llm-inference-batching-scheduler,2,task_000726_e9bf29eb,TMax-15K,5,3,5,4,"Schedules requests into sequential batches so no batch exceeds a cost bound -- the batch-formation-under-a-cap problem, same shape and depth.","You are an integration developer building a microservice orchestration planner. We need a system that takes a set of API calls (tasks), their computational costs, and their dependencies (which task must run before which), and schedules them"
llm-inference-batching-scheduler,3,optimization_20260413_173854_001,CalibForge,5,3,4,4,"Constraint-satisfaction scheduler under durations, windows and exclusive resources; feasibility plus quality, as MAX_SHAPES plus thresholds demand.",A constraint satisfaction scheduler in `/app/scheduler.py` is failing to produce valid schedules. The scheduler should assign tasks to time slots while respecting: - Task durations and time windows - Resource constraints (only one task per 
llm-inference-batching-scheduler,4,task_14903,Terminal-Lego-15k,5,3,4,4,"Packs rectangles into the smallest power-of-two container: shape-aware packing with alignment rounding, TB2.1's core subproblem.",# Rectangle Packing Algorithm Task ## Objective Implement a rectangle packing algorithm that packs a set of rectangles of different sizes into the smallest possible container whose dimensions are powers of two. ## Working Directory All work
llm-inference-batching-scheduler,5,machine-learning_20260610_111702_003,CalibForge,4,4,3,4,Choose exactly 200 of 10000 vectors maximising coverage -- the cardinality-constrained clustering that picking 8 seq_align values is.,"A model quantization pipeline needs a representative calibration dataset. We have a pool of 10,000 candidate samples, each represented by a 16-dimensional activation feature vector (pre-computed layer-wise activation statistics). We need to"
llm-inference-batching-scheduler,6,task_006249_c8ad4f48,TMax-15K,5,2,4,4,An explicit constraint-satisfaction bin packer that must also emit a derived build plan; packing under hard structural constraints.,You are tasked with writing a multi-language project organizer that acts as a constraint-satisfaction bin packer and conditional build generator. I have a set of source files in `/home/user/raw_files/`. Each file contains a special header o
llm-inference-batching-scheduler,7,task_13552,Terminal-Lego-15k,4,5,3,4,Largest batch size that fits GPU memory without OOM; batch sizing against a hard resource bound in the same serving domain.,# Task: Implement an Optimal GPU Batch Size Calculator ## Objective Create a Python utility that calculates the optimal (largest possible) batch size for a deep learning model that will fit into available GPU memory without causing an Out-O
llm-inference-batching-scheduler,8,optimization_20260511_150433_001,CalibForge,4,4,4,4,A correct task scheduler too slow to use must be reimplemented to scale; scheduling plus a hard practicality budget.,A Python task scheduler using Z3 optimizer is too slow for practical use. The baseline in `scheduler_baseline.py` works correctly but becomes impractically slow as the number of tasks increases. Your task: implement `schedule_tasks_optimize
llm-inference-batching-scheduler,9,optimization_20260417_145736_001,CalibForge,4,3,4,4,"Min-cost max-flow baseline too slow for production; same optimum, far faster -- directly analogous to beating baseline_packer.py.",# Network Flow Optimization Task A logistics company uses a Python solver for min-cost max-flow problems in their transportation network. The baseline implementation in `flow_baseline.py` works for simple cases but is too slow for productio
llm-inference-batching-scheduler,10,task_004292_eaf2abf5,TMax-15K,4,3,4,4,"Plans a build using a predictive cost model of per-module compile time; planning against a supplied analytic cost model, like cost_model.py.","You are an engineer setting up a polyglot build system from scratch. Our build infrastructure uses a predictive cost model to estimate the compilation time of 30 different language modules (e.g., C++, Rust, Python, Go) before parallelizing "
log-summary-date-ranges,1,task_11217,Terminal-Lego-15k,5,4,4,5,Decides which files are old from the date embedded in the filename against a relative cutoff -- TB2.1's exact parse-name-then-window skill.,"# Task: Delete Files Older Than 10 Days Using Shell Script ## Objective Write a shell script that deletes all `.script` files older than 10 days from a specified directory. The script should determine which files are ""old"" based on the date"
log-summary-date-ranges,2,data-processing_20260415_002933_002,CalibForge,4,5,5,5,"Daily files named YYYY-MM-DD_*.csv scanned into a CSV report; same filename-as-date input and same CSV deliverable, strongly verified.",You have access to `/app/vessel_data/` containing daily AIS CSV files named `YYYY-MM-DD_positions.csv`. Generate a gap analysis report at `/app/gap_report.csv` identifying transmission gaps (≥6 hours between consecutive positions from the s
log-summary-date-ranges,3,task_009669_9a52ca42,TMax-15K,5,3,4,4,The bug is records on the range's end date being dropped; fixing it plus a regression test is inclusive-window correctness itself.,"You are an IT support technician investigating a bug report for a billing script. The script is supposed to aggregate transaction amounts into an array of daily totals for a given date range (inclusive of both start and end dates). However,"
log-summary-date-ranges,4,personal-assistant_20260502_090008_001,CalibForge,5,4,4,4,Consecutive-day streaks with timezone-aware day boundaries and DST -- the day-boundary arithmetic that makes last_7_days easy to get wrong.,"A habit tracking application needs a streak calculation engine that handles multiple users across different timezones, each with their own configuration. The system must process habit completion events and compute streak statistics respecti"
log-summary-date-ranges,5,task_11201,Terminal-Lego-15k,5,4,4,4,Directories named YYYY-MM-DD compared against a cutoff N days before today; the same relative-window comparison in shell.,# Task: Shell Script to Delete Directories Older Than N Days ## Description Write a bash shell script that deletes directories whose names are dates in `YYYY-MM-DD` format and are older than a specified number of days relative to the curren
log-summary-date-ranges,6,rts_task_dbfe7fd6f98ef686d4971762,Recursive-Task-Synthesis,4,5,4,4,Counts INFO/WARNING/ERROR across a log directory into a severity index -- the severity-tallying half of TB2.1 almost exactly.,"Inspect /home/infosec/logs and follow the README.md and EVIDENCE.md there. The README forbids filenames with spaces and error.log. Regenerate the manifest from the current log files, correcting names, excluding forbidden files, and removing"
log-summary-date-ranges,7,data-processing_20260508_161717_004,CalibForge,4,5,4,4,"Two log files over one window, each line a timestamp plus level; level-aware parsing and per-window aggregation.","The `/app/` directory contains two Java application log files (`app.log` and `gateway.log`) from the same time window. Each log entry starts with a timestamp in the format `YYYY-MM-DD HH:MM:SS.mmm` followed by a log level, thread name in br"
log-summary-date-ranges,8,tw_314564,TerminalWorld-Seeds-Clean,4,2,4,4,"Commits per day over the past 30 days, from 30 days ago through today; the same inclusive trailing-30-day window and per-day tally.","Create a visualization of the daily commit frequency for the Git repository at `https://github.com/courses-ionio/dokey.git`. Clone the repository into `/app/git_environment/dokey`, then analyze the commit history to count the number of comm"
log-summary-date-ranges,9,task_007570_17a2ea78,TMax-15K,4,4,4,4,"Buckets multi-source records by audit day and gap-fills missing days, so absent days still appear -- TB2.1 must emit zero rows too.","You are an operations engineer tasked with building a configuration management auditing pipeline. You need to process raw configuration backups from multiple applications, normalize them, mask sensitive data, and fill in missing audit days "
log-summary-date-ranges,10,data-processing_20260503_182123_003,CalibForge,4,4,4,4,"A daily aggregation pipeline yields wrong daily summaries; the defect is in assigning records to days, TB2.1's central hazard.","A daily sales aggregation pipeline has been producing incorrect results. The pipeline processes CSV exports from four regional offices and produces a daily summary, but analysts discovered the aggregated totals don't match manual spot-check"
mailman,1,system-administration_20260605_015435_008,CalibForge,5,5,5,5,Postfix plus Dovecot must actually deliver mail between two local unix users and be readable from their mailboxes -- TB2.1's exact end-to-end setup.,I need a working local mail system on this server. There are two users — alice and bob — who need to be able to send mail to each other and read it via IMAP. The mail should be stored in Maildir format in each user's home directory (`~/Mail
mailman,2,system-administration_20260602_105139_004,CalibForge,5,5,5,5,Four mail daemons installed but nothing works end-to-end; making the whole path flow is the same integration job as postfix-to-mailman3.,"The previous sysadmin started setting up a mail server for `mail.local` but left before finishing. Postfix, Dovecot, OpenDKIM, and dnsmasq are installed but the server is completely non-functional — nothing works end-to-end. Your job is to "
mailman,3,system-administration_20260617_104707_007,CalibForge,5,5,5,5,"Postfix and Dovecot will not talk to each other; the crux is the transport handoff between two mail daemons, exactly TB2.1's hard part.",I'm setting up a mail server on this machine and I've gotten stuck. Postfix and Dovecot are already installed but I can't get them to work together properly. I need this server to handle email for the domain `example.com`. Here's what needs
mailman,4,system-administration_20260610_111012_007,CalibForge,5,5,5,5,"Stand up a complete Postfix+Dovecot server for a domain with two named users who must send and receive; same deliverable, verified by real delivery.",Set up a complete mail server on this machine using Postfix and Dovecot. The server should handle email for the virtual domain `mail.local`. Create two mail users: - `alice@mail.local` (password: `alicepass`) - `bob@mail.local` (password: `
mailman,5,system-administration_20260604_193356_004,CalibForge,5,5,4,5,A misconfigured Postfix/Dovecot/OpenDKIM stack must let a named local user send and receive; debug-the-mail-stack under a concrete acceptance test.,"A previous admin set up a mail server on this machine using Postfix (SMTP), Dovecot (IMAP), and OpenDKIM (DKIM signing) for the domain `mail.example.com`. The server isn't working correctly. There is a local user `alice` with password `test"
mailman,6,system-administration_20260615_143301_004,CalibForge,5,5,5,4,"Configure this box as the mail server for an internal domain with two named users; identical genre, one step short of list semantics.",I need this box configured as a mail server for our internal network. Here's the situation: We're running a small department and need email for the domain **example.local**. The users are: - **alice@example.local** - **bob@example.local** B
mailman,7,system-administration_20260616_094815_004,CalibForge,5,5,4,4,Repair a self-broken Postfix/Dovecot virtual-hosting config until submission and delivery work; the config-archaeology TB2.1 rewards.,"I was setting up a mail server with Postfix and Dovecot for virtual hosting on the domain example.com, but I must have messed up the configuration because nothing works. Can you fix it? The server should: - Accept SMTP submissions on port 5"
mailman,8,task_004723_794b068a,TMax-15K,5,5,4,4,Installs and configures a real local postfix SMTP relay on port 25; genuine Postfix configuration rather than a mock SMTP sink.,"You are an infrastructure engineer automating the provisioning of a monitoring and reporting server. We have a daily workflow that extracts error log timestamps from diagnostic video captures of server consoles, formats them according to ou"
mailman,9,task_10797,Terminal-Lego-15k,4,5,4,4,Fixes newaliases/postalias failing -- the Postfix alias database is precisely how list addresses get handed to mailman.,"# Task: Fix Shell Script Permission Denied Error When Running newaliases ## Background When running `newaliases` (or `postalias /etc/aliases`) from within a shell script executed with `sudo`, a ""Permission denied"" error occurs even though t"
mailman,10,system-administration_20260617_210354_003,CalibForge,4,5,4,4,Postfix+Dovecot serving two virtual domains with submission and SMTP; multi-domain routing layered on the same stack.,Set up a mail server for two virtual domains — example.com and example.org — using Postfix and Dovecot. The server must support: - SMTP submission on port 587 with STARTTLS encryption and SASL authentication - Standard SMTP on port 25 for t
make-doom-for-mips,1,software-engineering_20260604_002443_013,CalibForge,5,5,5,5,A C project that does not build must be cross-compiled for RISC-V64 and then run under QEMU user-mode -- the same fix-the-build-for-a-foreign-ISA-then-run-it task.,I need the C project at /app/xproc/ built for RISC-V 64-bit so it runs under QEMU user-mode emulation. The toolchain is already on the system — look for `riscv64-linux-gnu-gcc` and `qemu-riscv64`. The project doesn't build correctly yet. I 
make-doom-for-mips,2,software-engineering_20260615_143301_013,CalibForge,5,5,5,5,Cross-compile a C program that deliberately avoids glibc and links a custom minimal stdlib through its Makefile; doomgeneric's libc-substitution problem exactly.,"I have a Mandelbrot set renderer in /app/ that I'm trying to cross-compile and run. The source is mandelbrot.c, which depends on a custom minimal stdlib (mini_stdlib.c/h) that avoids glibc. There's a Makefile for building. When I try `make`"
make-doom-for-mips,3,software-engineering_20260606_172554_013,CalibForge,5,5,5,5,Cross-compile a large real C codebase (SQLite amalgamation plus driver) for RISC-V64; same scale of source and same toolchain-flag work.,I need to cross-compile a SQLite-based test application for RISC-V 64-bit. The source code is at /app/: - main.c - the test program - sqlite3.c / sqlite3.h - the SQLite amalgamation (complete SQL database library in a single C file) - Makef
make-doom-for-mips,4,task_00421,Terminal-Lego-15k,5,5,4,4,Install and configure a real cross-compiler toolchain correctly -- acquiring and wiring up the cross gcc is TB2.1's first and hardest step.,# Task: Install and Configure Raspberry Pi Cross Compiler Toolchain ## Background You need to properly install and configure the Raspberry Pi cross-compiler toolchain on a Linux system so that it can be used from any directory. The toolchai
make-doom-for-mips,5,rts_task_24702e8563eef351a1c3cedd,Recursive-Task-Synthesis,4,5,5,4,"Build for aarch64, confirm with file that the ELF is really aarch64, run it under QEMU and capture output; TB2.1's whole build-verify-run chain.","Complete the unfinished ARM64 assembly program at `src/promedio.s` and update the `Makefile` to assemble and link the source, producing the final executable at `bin/promedio`. The expected output and validation criteria are defined in `rewr"
make-doom-for-mips,6,software-engineering_20260604_003814_013,CalibForge,5,5,4,4,Cross-compiles a multi-file C benchmark for a RISC-V64 embedded target; the same multi-object build against a foreign triple.,"I'm cross-compiling a linear algebra benchmark suite (linpack) for a RISC-V 64-bit embedded system. The source code is in /app: - `main.c` — test harness that reads a matrix from stdin, solves Ax=b, and prints results - `linpack.c` / `linpa"
make-doom-for-mips,7,software-engineering_20260606_172606_013,CalibForge,5,5,5,4,"Set up the arm-linux-gnueabihf toolchain and runtime, build via the provided Makefile, and verify the binary actually runs on the emulated target.","Build the wordrev program for 32-bit ARM (arm-linux-gnueabihf) and verify it works. The source is in `src/wordrev.c` and a Makefile is provided, but you'll need to set up the cross-compilation toolchain and runtime. wordrev reads lines from"
make-doom-for-mips,8,task_002664_87b4e800,TMax-15K,5,4,5,4,"One C source must yield both a native binary and a WebAssembly/WASI module; building the same code for a second, non-native target.","I am a developer trying to organize my project files for a mathematical video analysis application, and I need your help to fix my build and deployment pipeline. We have a video of a physics experiment located at `/app/pendulum_experiment.m"
make-doom-for-mips,9,software-engineering_20260430_081156_013,CalibForge,4,5,4,4,"Bare-metal RISC-V in QEMU that must get text out through the semihosting console; producing stdout from an emulated foreign binary, as vm.js requires.","I'm trying to run a bare-metal RISC-V program in QEMU but don't know where to start. There's a skeleton `/app/src/main.c` that should eventually print ""Hello from bare-metal RISC-V!\n"" to the semihosting console. The toolchain (`riscv64-unk"
make-doom-for-mips,10,conan-io__conan.86f29e13.func_pm_remove_assign__vt2zl5s6,SWE-Smith-Seeds-Clean,4,5,2,4,GNU triplet generation fails for certain architectures -- picking the right target triple is precisely what decides whether a MIPS cross build works.,"GNU triplet generation fails for certain architectures Description It seems that the recent changes have affected the generation of GNU triplets for specific architectures. When attempting to generate triplets for `mips`, `mips64`, and `s39"
make-mips-interpreter,1,software-engineering_20260509_065529_014,CalibForge,5,5,5,5,ELF parse + RV32I decode + file-I/O syscalls in a JS interpreter run under node; the same three components as vm.js for MIPS.,"I have provided `/app/testprog.elf`, a RISC-V ELF file, along with `/app/input.txt`. Please implement a RISC-V RV32I interpreter in JavaScript called `rv32i.js` that can execute this ELF binary. Running `node rv32i.js` should interpret the "
make-mips-interpreter,2,software-engineering_20260415_094424_014,CalibForge,5,5,5,5,"Implement rv32i.js executing a supplied RISC-V ELF with its source alongside; same setup, same deliverable shape.","I have provided `/app/riscv_test.elf`, a RISC-V RV32I ELF binary, along with its source code in `riscv_src/`. Please implement a RISC-V RV32I interpreter called `rv32i.js` so that I can run `node rv32i.js /app/riscv_test.elf < /app/input.tx"
make-mips-interpreter,3,software-engineering_20260510_062946_014,CalibForge,5,5,5,5,RV32IM emulator over a statically-linked ELF with brk/openat/write; memory-map and ABI work a doom port needs.,"I have provided `/app/riscv_program`, a statically-linked RISC-V RV32IM ELF binary, along with the corresponding source code in `/app/src/`. Please implement a RISC-V emulator called `rv32emu.py` so that I can run `python3 rv32emu.py /app/r"
make-mips-interpreter,4,software-engineering_20260508_045800_014,CalibForge,5,4,5,5,47-instruction RV32I emulator validated against real riscv-tests ELFs; hardest correctness bar for a decode loop.,I have provided `/app/tests/` containing RISC-V RV32I ELF test binaries (the official riscv-tests compiled for bare-metal execution). Each test is a self-contained program that writes a signature to the `tohost` memory location at `0x800010
make-mips-interpreter,5,software-engineering_20260508_153434_014,CalibForge,5,4,5,5,"CHIP-8 interpreter in JS that must dump a rendered framebuffer to a BMP - opcode loop plus frame output, as with doom frames.","I've been working on implementing a CHIP-8 interpreter in JavaScript to learn about emulation. I have the basic structure set up with the ROM loading correctly, but I'm stuck getting the core instruction implementation right. My interpreter"
make-mips-interpreter,6,software-engineering_20260503_030115_014,CalibForge,4,4,5,4,"`node wasm.js` interpreter: magic check, sections, LEB128, control flow, memory - binary-format parsing plus execution.","I have provided `/app/program.wasm`, a WebAssembly binary file, along with `/app/program.wat`, the corresponding WebAssembly Text Format source code. Please implement a WebAssembly interpreter called `wasm.js` so that I can run `node wasm.j"
make-mips-interpreter,7,software-engineering_20260510_005520_014,CalibForge,4,4,5,4,WASM MVP interpreter as vm.js under node; stack machine execution over a parsed binary module.,"I have provided `/app/program.wasm`, a WebAssembly MVP binary. Please implement a WebAssembly interpreter in JavaScript as `vm.js` so that running `node vm.js` executes the `main` function from the WASM module and prints the integer result "
make-mips-interpreter,8,software-engineering_20260414_091921_014,CalibForge,4,4,4,4,CHIP-8 interpreter in Python over real ROMs; full opcode coverage and documented ambiguity handling.,I have provided `/app/roms/` containing several CHIP-8 ROM files including test ROMs and games. Please implement a complete CHIP-8 interpreter in Python as `chip8.py` that can be run with `python chip8.py <rom_file> [num_cycles]`. The inter
make-mips-interpreter,9,task_000258_60a61045,TMax-15K,4,4,4,4,Encode assembly to bytecode then emulate it to predict the result; opcode table and little-endian operand decoding.,"You are an integration developer tasked with creating a tool to test a legacy API endpoint. The API does not accept JSON or XML; instead, it accepts a custom binary payload that acts as bytecode for a small virtual machine on the server. Yo"
make-mips-interpreter,10,task_000246_a1b7a5cc,TMax-15K,4,4,4,4,Implement a C bytecode interpreter from an opcode spec with 4-byte LE immediates; pure fetch-decode-execute.,"I need you to develop a small virtual machine utility in C that evaluates mathematical expressions encoded in a custom bytecode. The specification for this bytecode, including the hexadecimal opcode mappings and a required modulo constant f"
mcmc-sampling-stan,1,data-science_20260604_002443_002,CalibForge,5,5,5,5,"Install a version-pinned CRAN package that needs a C++ toolchain, write its model template plus /app/analysis.R, save single-number estimates to txt files.",A fisheries research dataset is available at `/app/data.csv` containing length-at-age measurements for a fish population. The columns are `age` (in years) and `length` (in centimeters). The von Bertalanffy growth function describes how leng
mcmc-sampling-stan,2,data-science_20260604_002443_007,CalibForge,5,5,4,5,"Read a .stan hierarchical model and reproduce its priors, likelihood and parameterisation exactly, then write posterior means; Stan semantics are the crux.","A colleague left behind a Stan model at `/app/model.stan` that needs to be converted to PyMC. The data files are at `/app/train_X.csv` (two predictors), `/app/train_y.csv` (count response), `/app/group_ids.csv` (group membership, 0-indexed)"
mcmc-sampling-stan,3,data-science_20260610_111012_007,CalibForge,5,5,4,4,Translate a Stan random-effects model to another PPL and emit posterior means; same read-Stan-and-match-the-posterior skill.,"I have a Stan model at `/app/model.stan` for a Bayesian random-effects meta-regression. I need to convert it to run with NumPyro instead of Stan. The data is at `/app/meta_data.csv` with columns: `study`, `yi` (observed effect size), `sei` "
mcmc-sampling-stan,4,task_001914_fae6f727,TMax-15K,5,4,4,4,"Beta-Binomial conjugate update over a successes/trials CSV, writing posterior alpha, beta and mean - same model family and data columns as y and n.","You are an ML Engineer tasked with preparing training data for a sensor reliability model. You have a dataset of sensor transmission successes and trials, but some of the legacy sensors failed to record the number of successful transmission"
mcmc-sampling-stan,5,data-science_20260606_172606_007,CalibForge,4,5,4,4,Reproduce an R/brms Bayesian meta-regression including between-study heterogeneity; cross-framework Bayesian fidelity against an R reference.,You are given a dataset `/app/dat.csv` containing study-level results from a meta-analysis of 15 randomized controlled trials investigating a dose-response relationship. An R script `/app/meta_analysis.R` performs a Bayesian meta-regression
mcmc-sampling-stan,6,task_000371_d0ff3ecb,TMax-15K,5,4,4,4,"Metropolis-Hastings sampler for a Beta-prior binomial posterior validated against the analytical mean; teaches checking the number, not just the run.","You are a machine learning engineer preparing baseline synthetic training data for a downstream Bayesian neural network. Your task is to generate samples from a known mathematical posterior to serve as a gold-standard dataset, combining MCM"
mcmc-sampling-stan,7,data-science_20260615_143301_002,CalibForge,4,5,4,4,"Fit hierarchical mixed-effects models in R, diagnose singular fits, deliver /app/analysis.R plus numeric outputs - the R half of this task.","Analyze a hierarchical dataset using linear mixed effects models to determine the best random effects structure and make predictions for new data. **Data:** - Training: `/app/data.csv` — columns `school_id` (grouping factor, integer), `x1`,"
mcmc-sampling-stan,8,data-science_20260613_152233_007,CalibForge,4,4,4,4,"Port a BUGS/JAGS model to a PPL and run NUTS with 4 chains and a fixed seed, saving posterior means; same sampler-configuration discipline.","Convert the BUGS/JAGS model at `/app/changepoint_model.bug` to NumPyro and apply it to the coal mining disasters data at `/app/coal_disasters.csv` (columns: year, disasters, total 191 disasters across 112 years). The BUGS model implements a"
mcmc-sampling-stan,9,data-science_20260604_144210_007,CalibForge,4,4,3,4,"Debug a wrong Metropolis-Hastings posterior, drive R-hat under 1.1 and emit posterior means; strong verifier, convergence judgement transfers.",A colleague is analyzing binary outcome data to understand how three predictors affect the probability of success. They've written a Bayesian logistic regression using a Metropolis-Hastings MCMC sampler at `/app/bayes_logistic.py`. The data
mcmc-sampling-stan,10,task_11942,Terminal-Lego-15k,4,5,4,4,R package build from source fails on a missing system dev library - exactly how installing RStan 2.32.7 fails in a bare container.,"# Task: Fix R Package Installation Failure Due to Missing libcurl System Dependency ## Description When installing the R package `curl` from source on a Debian/Ubuntu-based Linux system, the installation fails with an ""ANTICONF ERROR"" stati"
merge-diff-arc-agi-task,1,debugging_20260614_141608_003,CalibForge,5,5,5,5,"Init a repo, fetch two git bundles into two branches, merge and resolve conflicts by a stated rule. Near-identical to this task.","Initialize a git repository at `/app/repo`, then fetch the two git bundles located at `/app/main.bundle` and `/app/feature.bundle`. Check out the main branch from `main.bundle` and the feature branch from `feature.bundle`. Merge the feature"
merge-diff-arc-agi-task,2,software-engineering_20260604_193056_025,CalibForge,5,5,4,5,Restore a repository from a git bundle until fsck is clean and the tip checks out; bundle fetching plus ref reconstruction.,"My git repository at `/app/repo` is in bad shape after a disk failure. Running `git log` just says ""your current branch does not have any commits yet"" — the branch reference itself is gone. Running `git fsck` shows many missing blob objects"
merge-diff-arc-agi-task,3,software-engineering_20260604_004411_014,CalibForge,5,3,5,4,Infer an undocumented format from example/reference pairs alone and generalise to an unseen file - the same hidden-test induction contract as examples.json.,I have several binary files in a custom format that I need parsed. The files are in `/app/examples/` with the `.rec` extension. Reference outputs are in `/app/examples/ref/` with matching names (`.txt` files). I don't have the format specif
merge-diff-arc-agi-task,4,task_003045_a0576d1c,TMax-15K,5,4,4,4,"Resolve a merge conflict by hand so the result keeps both the base field and the new one; semantic conflict resolution, not ours-or-theirs.",You are an open-source maintainer reviewing a broken Pull Request (PR) for a custom API Gateway project. The PR aims to introduce a new schema for the backend API and add a streaming log redactor to sanitize sensitive tokens before they hit
merge-diff-arc-agi-task,5,task_002244_33013a20,TMax-15K,5,2,4,4,"Reverse-engineer a black box from samples - rules, constraints and exact output schema - checked against data you never saw.","You are an automation specialist tasked with modernizing a critical data pipeline. We have a legacy compiled executable located at `/app/legacy_aggregator`. This binary processes raw telemetry logs, but it is unacceptably slow and its sourc"
merge-diff-arc-agi-task,6,software-engineering_20260417_112147_007,CalibForge,4,5,4,4,Rebase past a squash-merge through a pile of spurious conflicts; deciding which side is semantically right.,"I'm working on a project with stacked feature branches. We have `main`, and two feature branches: `feature/part-1` and `feature/part-2`. The `part-2` branch was created from `part-1`, so it depends on those changes. Someone on my team squas"
merge-diff-arc-agi-task,7,task_000005_162ed362,TMax-15K,5,2,4,4,Deduce a transformation by probing an oracle and reimplement it so hidden inputs match exactly; the induce-then-generalise loop of the map function.,"We have a local data processing pipeline that relies on a vendored Python package, `datashaper-1.2.0`, located at `/app/datashaper-1.2.0`. There is a systemd user service configured for this package, but it continuously fails to start. Your"
merge-diff-arc-agi-task,8,task_01942,Terminal-Lego-15k,4,5,4,4,Merge a remote branch into the local branch and complete the merge - the plain branch-merge operation this task performs.,# Task: Merge a Remote Branch Locally in Git ## Description You are working with a Git repository where a remote branch needs to be merged into the local `main` branch. The scenario simulates a common Git workflow problem: after fetching al
merge-diff-arc-agi-task,9,file-operations_20260425_072438_002,CalibForge,4,5,4,4,"Parse a git packfile and resolve delta objects by hand; a bundle is a packfile with a ref header, so this is its internals.","I have a git packfile (`objects.pack`) that got separated from its index file (`.idx`). I need a tool to parse this packfile and extract information about all the objects stored inside, including resolving any delta-compressed objects. Writ"
merge-diff-arc-agi-task,10,task_004452_0a1fc499,TMax-15K,4,4,4,4,Resolve a patch conflict keeping the original initialisation but the new logic; per-hunk choices across two versions of a file.,You are the maintainer of an open-source Web Application Firewall (WAF) simulator called `BashWAF`. A contributor has submitted a Pull Request (PR) to improve the system by adding a Go-based bytecode interpreter to safely sandbox and evalua
model-extraction-relu-logits,1,mathematics_20260604_003814_004,CalibForge,5,5,5,5,"Same interface and deliverable: query forward(x) on 10-d inputs, write /app/steal.py, recover hidden a_j of a piecewise-linear sum with unknown term count.",I have a black-box function that you can query by importing `forward.py` and calling `forward(x)`. The function takes a 10-dimensional numpy array and returns a single float. The function is defined as: f(x) = sum_j w_j * |a_j^T x + b_j| wh
model-extraction-relu-logits,2,mathematics_20260606_153537_004,CalibForge,5,5,5,5,Recover a hidden matrix up to row permutation from an oracle that destroys row identity - the exact up-to-permutation equivalence this task grades on.,"There is a hidden matrix A with real-valued entries. You can query it using the function `query(v)` from `oracle.py`, which computes the matrix-vector product A·v and returns the results **sorted in ascending order**. The sorting destroys w"
model-extraction-relu-logits,3,mathematics_20260606_172622_004,CalibForge,5,5,5,5,"Recover a hidden linear operator when the internal dimension is unknown and padded away, re-run against a fresh random instance.","I'm working with a black-box function in `/app/forward.py` that exports `forward(x0, t)`. You give it an initial state vector `x0` and a non-negative integer time step `t`, and it returns a scalar. The input vector can be larger than the tr"
model-extraction-relu-logits,4,mathematics_20260508_153434_004,CalibForge,5,5,5,5,Recover an unknown-rank matrix from apply/apply_transpose queries inside a query budget; determining the hidden rank is the same first subproblem.,"You have access to two black-box functions in `matrix_query.py`: - `apply(v)`: computes M @ v where v has length N, returns vector of length M - `apply_transpose(v)`: computes M^T @ v where v has length M, returns vector of length N Call `g"
model-extraction-relu-logits,5,mathematics_20260617_210354_004,CalibForge,4,4,5,4,"Recover the number of terms and the parameters of a sum of exponentials from function queries; model-order selection plus fitting, saved as .npy.",I have a black-box function `f(x)` defined in `/app/target_function.py`. The function is known to be a sum of exponentials: ``` f(x) = A₁·exp(L₁·x) + A₂·exp(L₂·x) + ... + Aₖ·exp(Lₖ·x) ``` The number of terms k is unknown but at most 4. The 
model-extraction-relu-logits,6,mathematics_20260510_130518_004,CalibForge,4,4,5,4,Interpolate a sparse multivariate polynomial from black-box evaluations; designing query points that pin down unknown structure.,"A black-box multivariate polynomial `f(x1, x2, x3, x4, x5)` can be queried by importing `polynomial.py` and calling `evaluate(point)` where `point` is a list or tuple of 5 numeric values. The polynomial has integer coefficients and a sparse"
model-extraction-relu-logits,7,mathematics_20260606_172554_004,CalibForge,4,5,4,4,Recover Gaussian mixture components in 6-d from log_prob queries; fitting a latent-component model from function values alone.,You have black-box access to a Gaussian mixture model (GMM) through the function `log_prob(x)` in `/app/target.py`. This function returns the log probability density at a point x in 6-dimensional space: log p(x) where p(x) = Σₖ πₖ · N(x | μ
model-extraction-relu-logits,8,task_000005_162ed362,TMax-15K,4,2,4,4,Probe an oracle to deduce its transformation and reimplement it so hidden inputs match - the probe-infer-reimplement loop without the linear algebra.,"We have a local data processing pipeline that relies on a vendored Python package, `datashaper-1.2.0`, located at `/app/datashaper-1.2.0`. There is a systemd user service configured for this package, but it continuously fails to start. Your"
model-extraction-relu-logits,9,task_000267_c8209c91,TMax-15K,4,4,4,4,"Query a service on a designed input mesh, build a matrix from the responses and denoise by SVD; query design plus linear algebra.","You are a data scientist analyzing continuous spatial-spectroscopy data. We have a sensor service that provides spectral readings at specified spatial coordinates, but our initial model fitting pipeline fails because the numerical integrati"
model-extraction-relu-logits,10,pennylaneai__pennylane-2057,SWE-Rebench-Tasks-Clean,4,4,2,4,"Second derivative is wrong exactly at input 0 - a differentiation bug at the kink, which is where a ReLU network's hidden structure is visible.",A git repository with the project this issue is about is checked out somewhere under / (commonly /<project-name>). Find it and work there. Incorrect value of gradients at 0 after taking gradient twice #### Issue description A colleague noti
modernize-scientific-stack,1,software-engineering_20260418_190236_005,CalibForge,5,5,4,5,A tool ported from Python 2 to 3 crashes on configparser interpolation of percent values - the port and the configparser trap in one task.,A configuration processing tool at `/app/config_tool.py` was recently ported from Python 2 to Python 3. The tool reads `.ini` configuration files and generates JSON deployment bundles with metadata and checksums. The tool crashes when proce
modernize-scientific-stack,2,task_001372_52718284,TMax-15K,5,4,4,4,Migrate a legacy Python 2 data-processing script to Python 3 and keep its analysis output correct; same starting artefact and same goal.,"You are tasked with migrating a legacy Python 2 script to Python 3. The script acts as a simulated REST API backend that processes video frames and performs a simple image analysis. In your environment, there is a video file located at `/ap"
modernize-scientific-stack,3,task_000058_5b337278,TMax-15K,4,5,4,4,"Modernise a monolithic Python 2 script that parses structured timeseries data and computes rolling averages - the legacy analysis script, modernised.","We are currently migrating our legacy data processing pipeline. The old system consists of a monolithic Python 2 script that parses structured timeseries data, calculates rolling averages, and sorts the output. We are modernizing this into "
modernize-scientific-stack,4,software-engineering_20260425_072438_007,CalibForge,4,5,4,4,Modernise packaging to pyproject.toml and make the declared metadata actually work; the dependency-file deliverable with a real failure mode.,"I recently migrated a small CLI tool called `datatool` from a pure `setup.py` configuration to use `pyproject.toml`. The migration was supposed to modernize the package, but now something's broken. When I run `pip install --break-system-pac"
modernize-scientific-stack,5,data-science_20260610_111012_006,CalibForge,4,5,4,4,Write a pandas CSV pipeline and ship a pyproject.toml so uv sync installs it - exactly the script-plus-dependency-file pair required here.,"Our company just acquired five regional subsidiaries and I need to consolidate all their sales transaction data. Each office has been tracking things their own way for years, so the CSV exports in `/app/data/` are a mess — different formats"
modernize-scientific-stack,6,task_004874_9305c3fd,TMax-15K,4,4,4,4,Port a legacy Python 2 numeric backend to Python 3 and get the stack running again; a real migration with behavioural checks.,"I am migrating our legacy math calculation backend from Python 2 to Python 3. The system consists of a Node.js API gateway, a Redis message broker, and a Python worker that parses and evaluates custom prefix-notation math expressions. Unfor"
modernize-scientific-stack,7,task_001192_a47265df,TMax-15K,4,5,3,4,"Confirm historical serialized data still reads under Python 3, handling the str-versus-bytes split - the biggest 2-to-3 hazard.","You are migrating a legacy data processing pipeline from Python 2 to Python 3. As part of the migration testing, you need to verify that historical serialized data can still be read and validated correctly using the new Python 3 environment"
modernize-scientific-stack,8,software-engineering_20260510_054909_009,CalibForge,4,5,4,4,setup.py to pyproject.toml migration where the console-script entry point was declared wrongly; correct modern packaging metadata.,"A colleague recently migrated the `datatools` CLI package from `setup.py` to `pyproject.toml` to modernize the project. After the migration, the CLI command is no longer being generated correctly — running `datatools` fails because the cons"
modernize-scientific-stack,9,data-science_20260606_172606_006,CalibForge,4,5,4,4,pandas CSV work with UTF-8 output delivered with a pyproject.toml on Python 3.10+; both halves of this task's deliverables.,"The CSV export in `/app/data/` is broken. Fix it. ## Situation Seven CSV files, supposedly customer records with columns `id`, `name`, `email`, `signup_date`, `last_login`, `country`, `score`. IDs should run 1–200 uniquely. The export crash"
modernize-scientific-stack,10,task_01025,Terminal-Lego-15k,4,5,3,4,"`except Exception, e:` is Python 2 syntax that fails on 3; fixing that class of construct is the core edit this modernisation needs.","# Task: Catching Multiple Exceptions in One Line in Python ## Description In Python, you often need to handle multiple exception types with the same error handling code. Your task is to demonstrate how to catch multiple exceptions in a sing"
mteb-leaderboard,1,data-science_20260513_204848_003,CalibForge,5,5,5,5,Embedding-model leaderboard mis-ranked because some models lack results for some tasks; audit coverage and recompute in org/model form.,"I've been maintaining an embedding model benchmark leaderboard but I noticed some models seem to be ranked incorrectly. Looking at the data, I suspect some models are missing results for certain tasks, but they're still being compared again"
mteb-leaderboard,2,data-science_20260606_153537_003,CalibForge,5,4,5,5,Highest mean score with an explicit minimum-coverage filter on models; the same only-complete-models rule the MTEB question imposes.,"Our team benchmarked several ML models on tabular datasets. Results from different sub-teams are saved under `/app/results/`. Determine which model achieves the highest mean accuracy on datasets with at least 1,000 rows and at most 50 featu"
mteb-leaderboard,3,data-science_20260604_003113_003,CalibForge,4,4,5,4,"Best model overall across ten datasets by a mean metric, name written to /app/result.txt; identical aggregate-then-answer form.","I ran a benchmark comparing ML models on 10 classification datasets with 5-fold cross-validation. Results are in `/app/benchmark_results.parquet`. Which model performs best overall, based on ROC AUC? Write the best model's name to `/app/res"
mteb-leaderboard,4,data-science_20260615_143956_003,CalibForge,4,4,5,4,Choose the best framework with a methodology that survives uneven dataset difficulty; punishes naive mean-of-means as MTEB does.,A colleague ran a benchmark comparing several AutoML frameworks on binary classification tasks. The results are in /app/data/benchmark_results.csv. I need to determine which framework performed best overall. The datasets vary widely in diff
mteb-leaderboard,5,data-science_20260614_141608_003,CalibForge,4,4,5,4,"Rank 14 classifiers over 34 datasets, ignore a decoy metrics file, report the winner; same read-the-right-table-and-rank discipline.",I ran a large benchmark comparing 14 ML classifiers on 34 tabular datasets. The accuracy scores are in `/app/benchmark_results.csv` (there's also an `/app/f1_scores.csv` from a different run — ignore that one). I need to know two things: 1.
mteb-leaderboard,6,task_008938_9ee68be3,TMax-15K,4,4,4,4,Filter model configs on an accuracy threshold then argmax on efficiency from a JSONL results log; filter-then-argmax over model results.,You are an MLOps engineer tasked with cleaning and analyzing experiment tracking artifacts to identify the most efficient model that meets our accuracy standards. You have been provided with an experiment log file at `/home/user/experiments
mteb-leaderboard,7,data-science_20260613_152233_003,CalibForge,4,4,3,4,Fix a buggy script that reports the wrong best algorithm family from a benchmark database; requires deriving the correct aggregation.,"The analysis script at /app/analyze.py is supposed to find the best algorithm family across all datasets and write it to /app/result.txt, but it's giving wrong results. The benchmark data is in /app/benchmark.db. Fix the script so it produc"
mteb-leaderboard,8,alteryx__evalml-1221,SWE-Rebench-Tasks-Clean,4,5,3,4,Extend AutoML rankings/full_rankings with a per-fold validation score; real leaderboard-construction code in the same ecosystem.,A git repository with the project this issue is about is checked out somewhere under / (commonly /<project-name>). Find it and work there. Add validation column to `rankings` and `full_rankings` computed from 1st CV fold Add a `validation_s
mteb-leaderboard,9,task_003685_7502ce0e,TMax-15K,4,4,4,4,Group experiment runs by hyperparameter config and identify the best-scoring one; group-aggregate-argmax over an experiments CSV.,You are an MLOps engineer tasked with analyzing experiment artifacts and reconstructing the best model architecture for testing. You have been provided with an experiment log file at `/home/user/experiments.csv`. This file contains the resu
mteb-leaderboard,10,task_004300_d95264b2,TMax-15K,4,4,4,4,Score several models' prediction files against ground truth and identify the best performer; per-model directory traversal plus ranking.,"You are an MLOps engineer auditing an experiment tracker's data. In the directory `/home/user/mlops_data`, you have a ground truth dataset and predictions from several models. Your goal is to validate the model outputs, evaluate their accur"
mteb-retrieve,1,task_003184_6024c47e,TMax-15K,5,5,5,5,"Load a named sentence-transformers model, embed a document set and a query, cosine-rank and emit the ordered top matches: the same pipeline end to end.","You are assisting a data science researcher who is organizing a large, messy directory of dataset metadata. The researcher wants to test a semantic search pipeline to find datasets that match specific research queries. Your task is to build"
mteb-retrieve,2,data-science_20260607_104421_004,CalibForge,5,3,4,5,Must return the 5th-most-similar item with defined tie-breaking and skipped bad inputs; trains exactly the k-th-rank off-by-one discipline.,"I wrote a script `/app/screen.py` to find the 5th-most-similar compound to my lead molecule, but it's not working correctly. The library is in `/app/compounds.csv` and the lead is in `/app/query.smi`. The script should use Morgan (circular)"
mteb-retrieve,3,task_000776_94bc0097,TMax-15K,4,5,4,4,"all-MiniLM-L6-v2 embeddings over 20 documents with fixed ordering, then report the most similar document by cosine similarity.","You are an AI assistant helping a data researcher organize and analyze a collection of dataset descriptions. The researcher has a set of text files containing descriptions of various datasets, along with a metadata CSV file containing infor"
mteb-retrieve,4,task_003492_2c74596d,TMax-15K,4,4,4,4,"Line-per-document corpus plus queries, retrieve the most relevant documents by similarity; identical input layout to /app/data.txt.","You are a Machine Learning Engineer preparing a retrieval dataset. Your goal is to process a raw text corpus, find the most relevant documents for a set of queries using similarity search, and compute statistical confidence intervals on the"
mteb-retrieve,5,data-science_20260414_091921_004,CalibForge,4,5,4,4,"Semantic-search evaluation over a corpus, queries, qrels and precomputed embeddings; the mteb retrieval setting made explicit.",I'm building a semantic search evaluation pipeline and need to compute retrieval metrics for a test collection. The setup is: - `/app/data/corpus.jsonl` - document corpus with `doc_id` and `text` fields - `/app/data/queries.jsonl` - queries
mteb-retrieve,6,task_009339_2e902d57,TMax-15K,4,4,4,4,Embed a CSV of descriptions and retrieve the most relevant entry for a given query string; same query-against-corpus retrieval.,"I need a reproducible, multi-language data pipeline to process a CSV of mathematical concept descriptions, compute semantic embeddings, and retrieve the most relevant concept for a specific query. Here is the setup: You are provided with a "
mteb-retrieve,7,task_13485,Terminal-Lego-15k,4,4,4,4,"Vectorise documents, embed a query, rank by cosine similarity and identify the best match; TF-IDF stand-in for the dense model.",# Task: Compute Document Similarity Using TF-IDF and Cosine Similarity ## Objective Write a Python script that computes the cosine similarity between a query document and a set of training documents using TF-IDF vectorization. The script sh
mteb-retrieve,8,tw_323887,TerminalWorld-Seeds-Clean,4,4,4,4,Drive an embedding library to train models and write one cosine-similarity value to result.txt; graded twin of the RTS CADE family.,"Use the CADE (Compass-Aligned Distributional Embeddings) library in `/app` to measure how the word ""like"" has shifted in meaning between two text corpora. A compass model should be trained on `compass.txt`, then two slice models trained on "
mteb-retrieve,9,data-science_20260604_004411_008,CalibForge,3,5,3,4,Implement ranked-retrieval metrics with correct handling when the ranking is shorter than K; forces precise reasoning about ranked lists.,I've been working on evaluating some search ranking systems and something is off with the metrics. The evaluation script at `/app/evaluate.py` loads relevance judgments and system rankings from `/app/data/` and computes standard IR metrics 
mteb-retrieve,10,task_14941,Terminal-Lego-15k,4,3,4,4,"Produce exactly the 10 nearest neighbours in ascending distance order, checked against brute force; ordering correctness is the whole grade.","# Task: Find the 10 Closest 3D Points from a Million Points ## Description You have a dataset of one million 3D points. Given a query point, you need to efficiently find the 10 nearest points to it using Euclidean distance. The Euclidean di"
multi-source-data-merger,1,data-processing_20260508_045740_003,CalibForge,5,5,5,5,"CSV/JSON/Parquet sources with explicit priority, a field-name mapping table, a unified Parquet output and a JSON report: the same task with fuzzy matching added.","A CRM migration project requires merging customer records from three legacy systems. The data has quality issues: some exports use different character encodings, and duplicate customers appear with name variations across systems. Some recor"
multi-source-data-merger,2,data-processing_20260615_143956_003,CalibForge,5,5,5,5,"Three heterogeneous customer exports, primary source most trusted, one row per unique customer plus a match report whose counts must agree.","# Customer Master Data Management We just acquired two smaller companies and their customer databases need to be merged with ours. The problem: each company used a different CRM, and there's no shared customer ID across them. ## Input Files"
multi-source-data-merger,3,data-processing_20260604_193056_003,CalibForge,5,4,5,5,"Merge three legacy exports into an existing database while fixing encoding, European date formats and localised status labels first.",A corporate merger has left us with customer data scattered across three legacy systems. We also have an existing customer database from our own system that must be preserved and updated with the merged data. The source files are in `/data/
multi-source-data-merger,4,task_009065_79ba1fe5,TMax-15K,5,4,4,5,"Unify CSV, JSON and Parquet feeds whose column names differ per device backend; identical three-format field-mapping problem.","You are an automation specialist for a health-tech company. We receive heart rate monitoring data from various smartwatches and medical devices. Because different devices use different telemetry backends, the raw data arrives in multiple fo"
multi-source-data-merger,5,data-processing_20260424_090344_003,CalibForge,4,5,5,4,Three legacy systems recorded the same customers differently; resolve per-field variation into one consolidated record set.,A customer data consolidation project needs to merge records from three legacy systems before migration to a new CRM platform. Input files: - `/data/crm_export/customers.csv` - Export from old CRM system - `/data/billing_export/customers.cs
multi-source-data-merger,6,data-processing_20260604_004411_001,CalibForge,4,5,5,4,"CSV, TSV and a fixed-width mainframe export with incompatible schemas mapped onto one unified CRM schema.","A company is migrating from three legacy customer management systems to a single unified CRM platform. The IT team has exported the customer data from each system, but the exports are in three different formats with incompatible schemas: - "
multi-source-data-merger,7,data-processing_20260419_023954_003,CalibForge,4,5,4,4,Four sources including a Parquet CRM export and JSON billing feed whose schema mismatches produce wrong downstream results.,"A customer data pipeline is producing incorrect segmentation reports. Enterprise-tier customers are showing up in free-tier analytics, and the marketing team is sending promotions to wrong segments. The data comes from four ingestion source"
multi-source-data-merger,8,task_002333_9fc62ff2,TMax-15K,4,5,4,4,Consolidate CSV and JSONL user records into one Parquet file with no duplicate or stale rows; same output format and key-level dedupe.,"You are an automation specialist tasked with building a robust ETL pipeline. Your team processes user data from various sources (CSV and JSONL formats) into a consolidated Parquet file. However, the pipeline often fails mid-execution and is"
multi-source-data-merger,9,data-processing_20260508_045740_002,CalibForge,4,4,5,4,Three exports with different field names where the same transaction appears with conflicting values; reconcile into one ledger.,We've received transaction exports from three different payment processors that need to be reconciled into a unified ledger. The files are in `/app/data/`: - `processor_a_export.csv` - Stripe-like export - `processor_b_export.csv` - PayPal-
multi-source-data-merger,10,task_002650_61b2beb7,TMax-15K,4,4,4,4,Merge a Parquet user table with differently-encoded regional CSVs on user_id; multi-format join with encoding and dtype pitfalls.,I need you to help me clean and merge some messy user review datasets from different regional databases. I'm building a multi-stage data processing pipeline in Python. I have three files located in `/home/user/raw_data/`: 1. `users.parquet`
nginx-request-logging,1,task_007982_fd0af271,TMax-15K,5,5,5,5,"Write a complete nginx.conf with listen 8080, access and error log paths, a named limit_req_zone of given size keyed by client IP, limit_req on a location, then start it.","You are an infrastructure engineer setting up a new polyglot build system. As part of this, you need to migrate an old build database, write a manifest transformer, and set up a rate-limited reverse proxy for build triggers. Perform the fol"
nginx-request-logging,2,task_005935_cd483540,TMax-15K,5,5,5,5,"nginx on 8080 proxying a backend with limit_req_zone and limit_req per IP including burst, explicit log paths, started and verified.","You are a release manager preparing a local deployment service to serve release notes to internal tools. You need to process the latest release notes, set up a secure local Python server to serve them, and place it behind a rate-limited rev"
nginx-request-logging,3,task_02263,Terminal-Lego-15k,5,5,4,5,Modify the nginx log_format directive to record an extra request variable; precisely the custom-log-format step of this task.,"# Configure Nginx to Log Full Domain Names in Access Logs ## Task Description You need to configure an Nginx server to log the full domain name (host) in access logs. Currently, the Nginx configuration uses a wildcard server name `*.test.co"
nginx-request-logging,4,system-administration_20260604_003814_006,CalibForge,5,4,5,5,"Disable the default site, serve on non-standard ports and define a named combined log format carrying timestamp, status and User-Agent.",Set up an Apache HTTP server to host two separate websites and a secure HTTPS endpoint from this machine. **General requirements:** - The default site must be disabled - The server must run on non-standard ports only - A custom combined log
nginx-request-logging,5,task_11850,Terminal-Lego-15k,4,5,4,4,Capture nginx error events in a custom format given that error_log takes no log_format; forces real understanding of both logging directives.,# Task: Configure Custom Error Log Format in Nginx ## Objective Nginx does not natively support custom formats for `error_log` the way it does for `access_log` via the `log_format` directive. Your task is to implement a workaround that capt
nginx-request-logging,6,system-administration_20260505_093950_009,CalibForge,4,5,5,4,Finish and repair an incomplete nginx reverse-proxy configuration spread over nginx.conf and sites-available until the service starts.,"A web server running Nginx at `/app` was recently configured with a new site, but the service is failing to start. The previous administrator was setting up a reverse proxy configuration with upstream servers, health checks, and an admin pa"
nginx-request-logging,7,task_11831,Terminal-Lego-15k,4,5,4,4,Make nginx serve index.html from a custom document root rather than the default welcome page; the root and index half of the requirement.,"# Task: Fix Nginx Configuration to Serve Local Files ## Objective You have an nginx server that is only showing the default ""Welcome to Nginx!"" page instead of serving files from a custom document root. Your task is to write a correct nginx"
nginx-request-logging,8,system-administration_20260514_012509_001,CalibForge,4,5,5,4,"Multiple independent faults in the nginx unit, certificates and site config must be found before it serves static content on 80 and 443.",A web server deployment is failing. The setup includes: 1. An nginx web server that should serve static content on port 80 with HTTPS on port 443 2. SSL certificates located in `/etc/nginx/ssl/` 3. A configuration file at `/etc/nginx/sites-
nginx-request-logging,9,task_02269,Terminal-Lego-15k,4,5,4,4,sites-available plus sites-enabled symlinking to enable and disable sites; directly the 'remove /etc/nginx/sites-enabled/default' requirement.,# Task: Configure Multiple Websites on Nginx Using sites-available ## Description You need to configure Nginx to host multiple separate websites using the `sites-available` and `sites-enabled` directory structure. This is the standard Debia
nginx-request-logging,10,system-administration_20260428_101637_006,CalibForge,4,3,5,4,Author a load-balancer config from scratch including a rate limit on one backend; rate limiting expressed declaratively in a config file.,A load balancer configuration needs to be set up from scratch. HAProxy should route traffic to four backend services: - Requests to `/api/*` should go to the `api_backend` (port 8001) - Requests to `/web/*` should go to the `web_backend` (p
openssl-selfsigned-cert,1,task_03210,Terminal-Lego-15k,5,5,5,5,"Generate a self-signed certificate with RSA 2048, 365-day validity and a set Common Name, emitting server.key and server.crt. Effectively the same task.",# Task: Generate a Self-Signed SSL Certificate Using OpenSSL ## Description You need to generate a self-signed SSL certificate using OpenSSL that can be used for HTTPS support. The certificate should be properly configured with appropriate 
openssl-selfsigned-cert,2,task_004217_d1b30a4b,TMax-15K,5,5,4,5,Generate a new self-signed RSA 2048-bit X.509 certificate and private key at exactly-named paths; the core openssl invocation with pinned outputs.,You are acting as a security engineer tasked with rotating credentials and updating certificates for a local authentication service. You need to perform the following steps to complete the credential rotation safely: 1. **TLS/SSL Certificat
openssl-selfsigned-cert,3,task_03398,Terminal-Lego-15k,5,5,4,5,Create a self-signed X.509 fully non-interactively with Organization Name and Common Name supplied; the openssl-prompts trap this task must dodge.,"# Task: Generate OpenSSL Self-Signed Certificate Without Interactive Prompts ## Description When using `openssl req` to create certificates, OpenSSL normally prompts the user interactively for fields like Country Name, Organization Name, an"
openssl-selfsigned-cert,4,task_000411_2d024b4b,TMax-15K,5,5,4,4,Produce a self-signed RSA 2048-bit certificate and matching key at given paths during a credential rotation; strongly verified generation step.,You are a security engineer tasked with rotating the TLS credentials for a legacy internal service. The service relies on a custom authentication mechanism to authorize certificate rotations. The previous engineer left behind the source cod
openssl-selfsigned-cert,5,task_03231,Terminal-Lego-15k,4,5,4,4,Self-signed certificate whose subject must match a required domain and be loadable by a web server; CN correctness is what is graded.,# Task: Create a Self-Signed SSL Certificate for a Development Domain ## Description You need to create a self-signed SSL certificate for the development domain `subdomain.example.com` that can be used for testing SSL/TLS connections. The c
openssl-selfsigned-cert,6,task_03250,Terminal-Lego-15k,4,5,4,4,Create an RSA private key plus a self-signed X.509 with an exact validity in days; key generation and -days handled together.,# Task: Create SSL Certificate Using OpenSSL ## Description You need to create an RSA private key and a self-signed X.509 certificate using OpenSSL. This is a common requirement for implementing secure payment protocols and other SSL/TLS ap
openssl-selfsigned-cert,7,system-administration_20260604_144210_009,CalibForge,4,5,4,4,"Generate a self-signed TLS certificate and key, put them where the server expects and prove HTTPS works with them.",Build HAProxy from the source tarball at /app/vendor/haproxy-3.1.5.tar.gz with OpenSSL and PCRE2 support. Install it and configure it as an HTTPS reverse proxy. After building and installing haproxy: - Generate a self-signed TLS certificate
openssl-selfsigned-cert,8,task_03440,Terminal-Lego-15k,4,5,4,4,Bundle a self-signed certificate with its private key into one PKCS#12 file; the combined key-plus-certificate artifact this task calls server.pem.,# Task: Create a PKCS#12 File with Self-Signed Certificate Using OpenSSL ## Objective Generate a PKCS#12 file (`.pfx`) containing a self-signed certificate and its corresponding private key using OpenSSL in a Linux terminal environment. Thi
openssl-selfsigned-cert,9,security_20260414_080620_005,CalibForge,4,5,4,4,"Fix the CA private key's permissions so only the owner can read it, then complete certificate issuance; the 600-on-the-key requirement, enforced.","A development team is setting up SSH certificate-based authentication for their infrastructure. The CA infrastructure has been partially configured, but there are issues preventing it from working correctly. Your task is to diagnose and com"
openssl-selfsigned-cert,10,pyca__cryptography-11201,SWE-Rebench-Tasks-Clean,4,5,2,4,X509 CommonName is not length-validated during certificate creation; building an X.509 with a given CN in the library check_cert.py would use.,A git repository with the project this issue is about is checked out somewhere under / (commonly /<project-name>). Find it and work there. X509 CommonName fields are not validated for length during certificate creation Hi PYCA team! When in
overfull-hbox,1,task_03843,Terminal-Lego-15k,4,5,3,4,The only graded task in the pool that writes LaTeX and is verified by actually running pdflatex and inspecting what it produced.,"# Write a Backslash to File Using LaTeX ## Task Description Create a LaTeX document that successfully writes a backslash character (`\`) to an output text file. The challenge is that LaTeX uses backslash as an escape character, so special h"
overfull-hbox,2,rts_task_891c28df009cf61e04497265,Recursive-Task-Synthesis,4,5,4,4,No '??' placeholders allowed in the PDF: forces multi-pass pdflatex and log reading until a typographic defect is gone. Verifier absent.,"Convert https://dimitristzer.github.io/online-cv/ into a PDF at /app/bio.pdf. Ensure the PDF contains no placeholder artifacts (such as '??'). Remove all pdflatex auxiliary files (e.g., .aux, .log, .out, .toc) from your working directory, l"
overfull-hbox,3,software-engineering_20260604_004411_002,CalibForge,5,2,4,4,"-Werror is fixed and unoverridable, so the only legal move is editing content until the tool stops complaining - the same constrained loop, strongly verified.",Build and install GNU indent 2.2.9 to `/opt/indent`. The binary at `/opt/indent/bin/indent` must report version 2.2.9 and correctly reformat C source files. Note: the system CFLAGS include `-Werror`. The build must succeed without overridin
overfull-hbox,4,kozea__weasyprint-2416,SWE-Rebench-Tasks-Clean,4,4,2,4,A line-breaking and hyphenation bug in a paginating layout engine: the exact mechanism that produces an overfull hbox.,A git repository with the project this issue is about is checked out somewhere under / (commonly /<project-name>). Find it and work there. Hyphenation not working when a nbsp is present elsewhere in the word I am not sure whether this is a 
overfull-hbox,5,rts_task_8c3c874eeb0e8e539b6a1d81,Recursive-Task-Synthesis,4,5,3,4,"pdflatex itself is broken and must be diagnosed from its output before anything compiles; same tool, same log-reading skill.",The CV webpage from `https://vivikara.github.io/online-cv/` has been downloaded to `/app/online-cv/index.html`. Convert this HTML file into a PDF document and save the result at `/app/result.pdf`. The pdflatex command on this system is curr
overfull-hbox,6,tw_96480,TerminalWorld-Seeds-Clean,3,5,3,4,Generate a .tex from a template and compile it to PDF with a graded verifier - TerminalWorld's only genuinely checked LaTeX task.,"Use the tools (`treebuilder`, `mojihame`, `md4logician`, `filehame`) and the `template.tex` LaTeX template available in `/app/samples/` to process the `prftree1` proof-step data file and generate a LaTeX proof tree document. The intermediat"
overfull-hbox,7,rts_task_42dbe1500f876578d41c1cac,Recursive-Task-Synthesis,4,5,3,4,"Compilation must succeed with no missing-package or font errors; read pdflatex errors, install, recompile until the log is clean.","Convert the online CV hosted at `https://p14pall.github.io/online-cv` into a PDF file. The conversion must go through a LaTeX intermediate — generate a `.tex` file under `/app/online-cv/`, then compile it to a PDF. Place the final PDF at `/"
overfull-hbox,8,task_13005,Terminal-Lego-15k,3,5,3,3,Install a TeX distribution and drive the pdflatex backend until conversion succeeds; failures appear only as pdflatex diagnostics.,# Task: Convert Jupyter Notebook (.ipynb) to PDF ## Objective Install the necessary dependencies and convert a Jupyter Notebook file to PDF format using `nbconvert` with the LaTeX (pdflatex) backend in a Linux terminal environment. ## Worki
overfull-hbox,9,software-engineering_20260606_153537_001,CalibForge,4,2,4,3,Zero warnings required under a Makefile you may not relax; pure diagnostic-elimination loop with a well-pinned verifier.,"I have two classic terminal games from the 1990s in `/app/` — ""Hunt the Wumpus"" and ""Superhack"" — written in pre-ANSI C that needs modernization. There's also a Makefile, but it doesn't produce working binaries yet. Make both programs compi"
overfull-hbox,10,rts_task_0671c14dff57b9cade9ba19e,Recursive-Task-Synthesis,4,2,4,3,"Clean rebuild with all warnings enabled and confirm zero remain - the warning-count-to-zero objective, in C rather than TeX.",Write a C program that prints the integer 599 to stdout as `num: 599`. The program must be split across at least two source files. The workspace contains a build system under `/build`. Inspect it and use it to compile the program. Ensure th
password-recovery,1,task_003508_09ead467,TMax-15K,5,5,5,5,"Recover a named deleted file from a raw ext4 image: same mechanism, same filesystem, same by-name target as launchcode.txt.","A junior DevOps engineer accidentally deleted a critical system trace log and then ran a buggy script that caused our log processing pipeline to hang. We need you to step in, perform forensic recovery, and fix the processing pipeline. Here "
password-recovery,2,software-engineering_20260610_112157_014,CalibForge,5,5,5,5,"Deleted files on an image whose allocation metadata is corrupt, so recovery tools fail and raw scanning is forced - the TB2.1 situation exactly.","I have a raw disk image from a corrupted USB drive at `/app/disk.img`. Several files were accidentally deleted from this drive, and the deletion corrupted the allocation metadata, so standard recovery tools won't work. I need you to recover"
password-recovery,3,security_20260606_172606_006,CalibForge,5,5,5,5,A deleted password.txt inside a disk image must be recovered to proceed; the closest single instruction in the pool. Verifier only 'weak'.,A former employee encrypted sensitive company files before leaving. The IT forensics team recovered: - `/app/forensic.img` — a disk image from the employee's workstation - `/app/target.enc` — encrypted file believed to contain production cr
password-recovery,4,task_002365_ffa9d21d,TMax-15K,5,5,4,5,"Combines both halves: extract a fixed-length key with a known prefix, and recover a deleted file from a raw partition image.","Wake up, you're on-call. It's 3:00 AM and we just received a critical page: the primary authentication service (`authd`) segfaulted, and an automated cleanup script accidentally wiped the directory containing the audit logs. We need to piec"
password-recovery,5,task_000785_0e48509f,TMax-15K,5,5,4,5,Deleted telemetry log recovered by name from a raw partition image after filesystem corruption; strongly verified.,"You are a support engineer tasked with collecting diagnostics and determining the root cause of a recent autonomous drone crash. The system relies on a mix of legacy C++ binaries, Python scripts, and bash pipelines. The incident wiped some "
password-recovery,6,security_20260508_045920_006,CalibForge,5,5,5,5,"Recover credentials hidden somewhere on a disk image - recovery plus a targeted hunt for a secret string, both halves of this task.","A systems administrator at a financial services company discovered suspicious activity on a server that was recently decommissioned. Before wiping the machine, they created a forensic disk image of the primary partition. The company's secur"
password-recovery,7,task_002070_2b5618f2,TMax-15K,5,5,4,5,Recover deleted crash.dat from an unmounted filesystem image; unmounted-image scanning is the core technique here.,"You are acting as a support engineer collecting diagnostics from a customer's edge device. The device experienced a critical failure. The system's diagnostic daemon, provided to you as `/home/user/logger_bin`, intercepts failures and serial"
password-recovery,8,task_000187_f6be7814,TMax-15K,5,5,4,5,Recover a deleted log from an ext4 image and then extract an exactly formatted string from it - recovery plus pattern extraction.,"A critical DevOps pipeline failed overnight. The downstream log-processing shell script crashed entirely because it couldn't handle a severely malformed file path containing unexpected characters. To make matters worse, an automated cleanup"
password-recovery,9,file-operations_20260509_020109_004,CalibForge,5,5,4,4,"Recover deleted records from SQLite freeblocks and unallocated space: teaches that deletion only unlinks, it does not erase.","A SQLite database file `evidence.db` was recovered from a suspect's device. Standard SQL queries show normal corporate chat messages, but intelligence suggests the suspect may have deleted sensitive communications before the device was seiz"
password-recovery,10,task_000358_79df129c,TMax-15K,5,5,4,4,"The file is gone and only a raw partition dump remains, so its bytes must be found in the unallocated region of the image.","You are acting as a Site Reliability Engineer (SRE). We have an old, legacy monitoring tool that calculates our service uptime, but it recently broke after a server crash. We need you to restore its functionality, fix the underlying issues,"
path-tracing,1,software-engineering_20260503_030115_015,CalibForge,5,4,5,5,"The same task in audio: match a programmatically generated reference at 0.99 normalized L2, never read it, keep the C source under 2KB gzipped, gcc -static.",I've put an audio file at `/app/audio.wav` that I generated programmatically. It contains a simple ascending musical scale using pure sine waves. Write a C program `synth.c` that I can compile and run to generate an audio file matching the 
path-tracing,2,software-engineering_20260606_153537_023,CalibForge,5,5,4,5,"A full ray tracer from spec - intersections, Blinn-Phong, shadows, reflections, camera, PPM P6 - which is the renderer this task must reconstruct.","# Simple Ray Tracer Implement a ray tracer in `/app/raytracer.py` that renders 3D scenes into PPM (Portable Pixmap) images. The ray tracer must support spheres, planes, ambient/diffuse/specular lighting, shadows, reflections, and a movable "
path-tracing,3,software-engineering_20260615_143301_013,CalibForge,4,4,3,4,"Procedural image synthesis in C (Mandelbrot) emitting PPM with a minimal stdlib; algorithmic pixels, no data to embed.","I have a Mandelbrot set renderer in /app/ that I'm trying to cross-compile and run. The source is mandelbrot.c, which depends on a custom minimal stdlib (mini_stdlib.c/h) that avoids glibc. There's a Makefile for building. When I try `make`"
path-tracing,4,software-engineering_20260610_111012_015,CalibForge,4,4,4,4,"Simulate a scene in C and rasterise the result to PPM P6 yourself - compute-then-render, exactly the second half of this task.","Write a C program at /app/sim.c that reads /app/sim.txt, runs a 2D physics simulation of bouncing balls, and renders the final frame to output.ppm as a PPM P6 image. sim.txt format: Line 1: box_width box_height Line 2: gravity damping_coeff"
path-tracing,5,software-engineering_20260604_193056_015,CalibForge,3,4,4,4,Pixel-perfect PPM output from C with the gzipped source capped at 1.8KB; the same anti-embedding budget mechanism.,I've got several PNG images in /app/samples/ that I need to decode programmatically. Write a C program called `png2ppm.c` that reads a PNG file and writes the decoded image in PPM (P3 text) format to stdout. Your program should be invoked a
path-tracing,6,task_000683_630e99e7,TMax-15K,4,4,3,4,Recover the generating data from a rendered plot image - inverting a render to reach the process behind it.,"As a machine learning engineer, I need you to set up a C++ based data processing service for our training pipeline. We have a corrupted matplotlib plot saved as an image, and we need to extract its underlying data to run some hypothesis tes"
path-tracing,7,software-engineering_20260606_172554_015,CalibForge,3,4,4,4,"C image encoder under gcc -static with a compressed-source cap; identical harness, identical budget, image-format work.",Write a C program `pngenc.c` that reads a PPM image from `/app/input.ppm` and writes a valid PNG file to `/app/output.png`. The input is a binary PPM (P6 format): ASCII header lines `P6\n<width> <height>\n<maxval>\n` followed by raw RGB byt
path-tracing,8,task_000004_b4949f3f,TMax-15K,4,3,4,4,Infer model parameters and then synthesise a reconstructed artifact from them that must match the reference.,"You are a data scientist analyzing acoustic resonances. We have a noisy audio recording of a physical chime being struck, located at `/app/chime_recording.wav`. The chime's acoustic signature can be modeled as a sum of three decaying sinuso"
path-tracing,9,software-engineering_20260604_004411_015,CalibForge,3,4,4,4,"Seam carving on P6 PPM in C, output compared against a reference image, source under a compressed-size limit.",I need to resize /app/input.ppm from 320×240 to 280×240 using seam carving (remove 40 vertical seams). Write a C program /app/seamcarve.c that produces /app/output.ppm matching /app/reference.ppm with cosine similarity ≥ 0.99. Specific requ
path-tracing,10,software-engineering_20260615_105532_014,CalibForge,3,3,3,3,Deterministic emulator in C whose final rendered frame is dumped as PPM and compared; simulate-then-render under exactness.,"I need a CHIP-8 interpreter. There's a ROM file at /app/rom.ch8 that needs to run, and the spec is at /app/spec.txt. Write a C program at /app/chip8.c that implements a full CHIP-8 emulator. When compiled and run, it should execute the ROM "
path-tracing-reverse,1,software-engineering_20260607_104421_016,CalibForge,5,5,5,5,"Word-for-word this task: /app/mystery compiled binary, write independent /app/hash.c, gcc -static compile-and-diff, must not invoke mystery, under 1500 bytes gzipped. Tests diff against the live binary over empty/simple/long/all-256-byte/position-sensitive inputs.","I've compiled a program at `/app/mystery` that reads from stdin and writes an 8-character hex digest to stdout, followed by a newline. Write a C program `/app/hash.c` that performs an identical computation. Running `./mystery < input` shoul"
path-tracing-reverse,2,software-engineering_20260604_003113_017,CalibForge,5,5,5,5,"An oracle binary must be understood exactly and reimplemented in C matching stdout, stderr and exit behaviour for all inputs - the TB2.1 task with a different payload.","There's a binary at `/app/oracle` that reads a single line from stdin and prints a result to stdout (or an error to stderr). I need you to figure out exactly what it does, then reimplement it from scratch. Write a C program at `/app/transfo"
path-tracing-reverse,3,software-engineering_20260604_004411_016,CalibForge,5,5,5,5,"Reconstruct a whole VM from a reference binary so stdout matches for any bytecode, compiled gcc -static; same harness, same independence rule.",Write a C program `/app/my_vm.c` that behaves identically to the binary at `/app/vm`. The reference binary `/app/vm` is a virtual machine that executes bytecode files. It takes a bytecode file path as its sole argument and writes output to 
path-tracing-reverse,4,software-engineering_20260606_153537_016,CalibForge,5,5,5,5,Infer a custom instruction set from four sample programs and rebuild the VM in self-contained C that must not invoke the original.,I've compiled a custom bytecode virtual machine at /app/vm. It runs programs stored in a binary format. Usage: `./vm <bytecode_file>` I've included example bytecode programs in /app/examples/: - `hello.bin` — prints a greeting - `fib.bin` —
path-tracing-reverse,5,software-engineering_20260615_143956_016,CalibForge,5,5,5,5,"Source-less compression binary must be reimplemented in C compatible with its format, under a gzip source budget, without calling it.",I've got a binary at /app/compress that compresses and decompresses files using some custom format. The source code is gone and I need a replacement. Write a C program at /app/compress.c that does the same thing: compresses and decompresses
path-tracing-reverse,6,task_000764_177f2810,TMax-15K,5,5,5,5,An undocumented stripped binary is the only specification; replicate its transformation exactly.,"You are a data engineer tasked with migrating a legacy ETL pipeline. We have an old, undocumented data transformation component provided as a stripped binary at `/app/legacy_aggregator`. This binary is a crucial part of our stream processin"
path-tracing-reverse,7,task_003072_1accbfc2,TMax-15K,5,4,5,5,Behave identically to an oracle binary and build the differential harness that proves it - teaches the verification loop as well as the RE.,"You are an integration developer tasked with testing and repairing a Reverse Polish Notation (RPN) calculator implementation. We have a reference implementation provided as a stripped binary, but our internal C implementation is currently b"
path-tracing-reverse,8,software-engineering_20260606_172606_015,CalibForge,5,4,5,5,Deduce an undocumented compressed format from samples alone and implement it in C under 1800 bytes; inference plus the size budget.,"There are four LZSS-compressed files at `/app/test_*.lzss`. The original uncompressed content of each: | File | Content | |------|---------| | test_hello.lzss | `Hello, World! This is a test of the LZSS compression algorithm.` | | test_lore"
path-tracing-reverse,9,task_000430_37cb6021,TMax-15K,5,5,5,5,Closed-source stripped oracle reimplemented so its outputs agree; adds a performance requirement on top of exact behavioural match.,"As a performance engineer, you are profiling a legacy spectroscopy analysis pipeline. The bottleneck is a closed-source, single-threaded binary located at `/app/spec_oracle` (which has been stripped of symbols). This oracle reads a collecti"
path-tracing-reverse,10,task_002266_d750b211,TMax-15K,5,5,4,5,Decode an undocumented proprietary stripped binary's protocol and rebuild its decision logic in C; strongly pinned verifier.,You are acting as a technical assistant to a compliance officer auditing a suspected money laundering network. We have a scanned mandate at `/app/audit_policy.png`. Extract the constraints from this image (using OCR tools like `tesseract`) 
polyglot-c-py,1,software-engineering_20260617_210354_017,CalibForge,5,5,5,5,"Effectively this task with a bash leg added: one file, python3 3.12 / bash / gcc 13.2.0, each printing the Nth Fibonacci with f(0)=0. Tests actually run all three.",Write me a single file at `/app/poly/main.py.sh` which is a polyglot — it must work correctly as all three: 1. `python3 /app/poly/main.py.sh N` 2. `bash /app/poly/main.py.sh N` 3. `gcc /app/poly/main.py.sh -o /app/poly/main && /app/poly/mai
polyglot-c-py,2,software-engineering_20260415_123352_017,CalibForge,5,5,5,5,"A Python3+C polyglot printing the Nth prime, verified by running both toolchains, pinning every value and asserting the two stdouts match.","Write a single file `/app/polyglot/compute.py.c` that is a **polyglot** — valid in both Python 3 and C. When run with `python3 /app/polyglot/compute.py.c N`, it must print the Nth prime number to stdout (0-indexed, so N=0 gives 2, N=1 gives"
polyglot-c-py,3,software-engineering_20260612_191200_018,CalibForge,5,5,5,5,"Python+C polyglot computing prime factorisation with a strict output format; same grammars and versions, a harder printing contract.",Write me a single file in /app/polyglot/main.c which is a polyglot — it must be simultaneously valid as both a Python script and a C program. I should be able to run: `python3 /app/polyglot/main.c N` or `gcc -x c /app/polyglot/main.c -o /ap
polyglot-c-py,4,software-engineering_20260604_004411_018,CalibForge,5,4,5,5,A single file valid as both POSIX shell and C that compiles itself when run; the same dual-grammar construction with an extra self-build step.,"I need a self-compiling C program. Write a single file at `/app/prime` that is simultaneously a valid POSIX shell script AND valid C source code. When executed as `sh /app/prime N`, it should compile itself and run the resulting binary, whi"
polyglot-c-py,5,software-engineering_20260612_191200_017,CalibForge,4,4,5,4,bash+C polyglot agreeing on primality; bash replaces Python but the comment/heredoc trickery is the same craft.,Write me a single file in `/app/polyglot/prime.sh.c` which is a polyglot: it should work as both a valid bash script and a valid C program. When run as: `bash /app/polyglot/prime.sh.c N` or compiled and run as: `gcc /app/polyglot/prime.sh.c
polyglot-c-py,6,software-engineering_20260611_210349_018,CalibForge,4,4,5,4,C-and-shell polyglot implementing a full base64 codec - a large program that still has to parse under two grammars.,Write me a single file in /app/polyglot/main.c which is a polyglot: valid as both a C program and a shell script. The program is a base64 encoder/decoder. It reads from stdin and writes to stdout. Usage: - `gcc /app/polyglot/main.c -o /app/
polyglot-c-py,7,software-engineering_20260414_211532_018,CalibForge,4,3,3,4,"Generating quines for a chosen language demands exact models of its quoting and escaping rules, the same knowledge a polyglot is built from.",Implement a quine generator in `/app/quinegen/generator.py` that creates self-reproducing programs. Your generator must: 1. Take a target programming language name as command-line argument 2. Output a valid quine in that language to stdout 
polyglot-c-py,8,task_00979,Terminal-Lego-15k,5,3,4,4,"A real polyglot script that must run as both a Windows .bat and a Linux bash script, hiding each language from the other.",# Terminal Bench Task: Create a Polyglot Script for Windows Batch and Linux Bash ## Task Description Create a single script file that can execute correctly in both Windows (as a `.bat` file) and Linux (via Bash). This polyglot script should
polyglot-c-py,9,pyccel__pyccel-2038,SWE-Rebench-Tasks-Clean,4,5,2,4,Python semantics and the C it is translated into must agree; the only Rebench task about where Python and C actually diverge.,A git repository with the project this issue is about is checked out somewhere under / (commonly /<project-name>). Find it and work there. Modifications to a list via an assigned variable do not reflect in the original list ### Describe the
polyglot-c-py,10,software-engineering_20260603_181444_020,CalibForge,3,4,3,3,"One fib implementation reachable from both C and Python via a shared library and ctypes; the same two-runtimes-one-answer contract, through linkage.","Build the C math library in /app/ (libcalc.c, libcalc.h) as a shared library called `libcalc.so`, then create a Python wrapper module in /app/calc.py using ctypes that exposes all four functions. Finally, create a proper Python package so i"
polyglot-rust-c,1,software-engineering_20260617_210354_017,CalibForge,5,5,5,5,"One file valid as python3, bash and gcc C, printing Nth Fibonacci from argv - the TB2.1 task with a third language added.",Write me a single file at `/app/poly/main.py.sh` which is a polyglot — it must work correctly as all three: 1. `python3 /app/poly/main.py.sh N` 2. `bash /app/poly/main.py.sh N` 3. `gcc /app/poly/main.py.sh -o /app/poly/main && /app/poly/mai
polyglot-rust-c,2,software-engineering_20260612_191200_018,CalibForge,5,4,5,5,"Python/C polyglot at the same /app/polyglot path taking N and printing a computed number both ways; identical constraint, different second language.",Write me a single file in /app/polyglot/main.c which is a polyglot — it must be simultaneously valid as both a Python script and a C program. I should be able to run: `python3 /app/polyglot/main.c N` or `gcc -x c /app/polyglot/main.c -o /ap
polyglot-rust-c,3,software-engineering_20260415_123352_017,CalibForge,5,4,5,5,"compute.py.c polyglot printing the Nth prime under python3 and gcc; same comment/quoting-overlap construction, strong pinned-value tests.","Write a single file `/app/polyglot/compute.py.c` that is a **polyglot** — valid in both Python 3 and C. When run with `python3 /app/polyglot/compute.py.c N`, it must print the Nth prime number to stdout (0-indexed, so N=0 gives 2, N=1 gives"
polyglot-rust-c,4,software-engineering_20260612_191200_017,CalibForge,5,4,5,4,bash/C polyglot: #include must be inert to bash and shell lines inert to the preprocessor. Same dual-lexer escape-hatch problem.,Write me a single file in `/app/polyglot/prime.sh.c` which is a polyglot: it should work as both a valid bash script and a valid C program. When run as: `bash /app/polyglot/prime.sh.c N` or compiled and run as: `gcc /app/polyglot/prime.sh.c
polyglot-rust-c,5,software-engineering_20260611_210349_018,CalibForge,5,4,4,4,C/shell polyglot implementing base64 both ways; adds a real algorithm on top of the one-file two-interpreter constraint.,Write me a single file in /app/polyglot/main.c which is a polyglot: valid as both a C program and a shell script. The program is a base64 encoder/decoder. It reads from stdin and writes to stdout. Usage: - `gcc /app/polyglot/main.c -o /app/
polyglot-rust-c,6,software-engineering_20260604_004411_018,CalibForge,4,4,4,4,"Self-compiling sh/C file: shell prologue hidden from cc, C body unreachable to sh. Same trick family, sieve output pinned.","I need a self-compiling C program. Write a single file at `/app/prime` that is simultaneously a valid POSIX shell script AND valid C source code. When executed as `sh /app/prime N`, it should compile itself and run the resulting binary, whi"
polyglot-rust-c,7,task_00979,Terminal-Lego-15k,4,2,4,4,"Single script running as both Windows batch and bash by exploiting interpreter quirks; same skill, but only the bash half is actually executed by tests.",# Terminal Bench Task: Create a Polyglot Script for Windows Batch and Linux Bash ## Task Description Create a single script file that can execute correctly in both Windows (as a `.bat` file) and Linux (via Bash). This polyglot script should
polyglot-rust-c,8,robotpy__cxxheaderparser-50,SWE-Rebench-Tasks-Clean,3,4,1,3,"Anonymous struct/union handling; the issue thread hinges on constructs valid in C but not C++, the exact divergence a polyglot must exploit.",A git repository with the project this issue is about is checked out somewhere under / (commonly /<project-name>). Find it and work there. [BUG]: anonyous structs and unions are not added to class fields ### Problem description When using t
polyglot-rust-c,9,tw_730164,TerminalWorld-Seeds-Clean,3,4,3,3,Feed source to the C preprocessor through #include </dev/stdin>; trains the 'abuse how the compiler ingests text' reflex the polyglot needs.,Demonstrate how the C preprocessor can read from standard input by using `/dev/stdin` as an include path. You have two C source files to work with in `/app/`: `main2.c` (which includes `/dev/stdin`) and `file4.c` (which contains a `main` fu
polyglot-rust-c,10,task_006315_7ba72aba,TMax-15K,2,5,3,3,"C and Rust side by side: fix out-of-bounds UB in worker.c and get both toolchains green; same rustc+cc pairing, no single-file duality.","You are an engineer tasked with setting up a polyglot test pipeline from scratch for a project containing C and Rust components. The project is located at `/home/user/polyglot_project`. Currently, the build and tests are failing due to two "
portfolio-optimization,1,optimization_20260503_182123_001,CalibForge,5,5,5,5,"Same instruction template and same quadratic-form kernel: Python baseline, .c/.py skeletons, tolerance plus a speed floor on large instances.",You have a Python baseline in `quad_baseline.py` that implements projected gradient descent for bound-constrained quadratic optimization. Complete the provided skeleton files (`quad_optimized.c` and `quad_optimized.py`) to create a faster C
portfolio-optimization,2,optimization_20260607_104421_001,CalibForge,5,5,5,5,Finish matmul_core.c to beat nested-loop Python within 1e-10; x^T S x is this exact kernel and the verifier is strong (5/5 pinned).,"The Python code in `matmul_baseline.py` implements matrix multiplication using triple nested loops, but it's too slow for production. There's a skeleton C extension in `matmul_core.c` and a wrapper stub in `matmul_core.py` — finish both so "
portfolio-optimization,3,optimization_20260416_031414_001,CalibForge,5,5,5,5,C extension forming A^T A + lambda I and solving it; Gram-matrix accumulation is the same inner-loop work as x^T S x.,You have a Python baseline in `lsq_baseline.py` that solves regularized least squares problems using the normal equations approach with pure Python loops. Complete the provided skeleton files (`lsq_optimized.c` and `lsq_optimized.py`) to cr
portfolio-optimization,4,optimization_20260612_191200_001,CalibForge,5,4,5,4,"Only a 1.4x margin over a BLAS-backed NumPy baseline, achieved by fusing passes - the nearest match to this task's tight 1.2x budget.",The RBF kernel computation in my SVM training pipeline is a bottleneck. The current NumPy implementation in `kernel_baseline.py` uses the binomial expansion trick (`||x-y||² = ||x||² + ||y||² - 2x·y`) and BLAS — it's already quite fast. I n
portfolio-optimization,5,optimization_20260618_093107_001,CalibForge,4,5,4,4,"CG in C as a Python extension: matvec plus inner products per iteration, the primitives the portfolio risk and return formulas decompose into.",# Fast Linear System Solver Implement a Conjugate Gradient (CG) solver in C as a Python extension for solving `Ax = b` where A is symmetric positive definite. The skeleton files are `cg_solver.c` and `cg_solver.py`. The `cg_baseline.py` fil
portfolio-optimization,6,optimization_20260604_002443_001,CalibForge,4,5,5,4,"matmul_optimized.c/.py skeletons built with setup.py build_ext --inplace and checked by benchmark.py; same toolchain loop, same kernel.",The file `matmul_baseline.py` contains a correct but slow matrix multiplication (triple-nested Python loops). Complete the skeleton files `matmul_optimized.c` and `matmul_optimized.py` to create a much faster C extension module that perform
portfolio-optimization,7,optimization_20260604_193056_001,CalibForge,4,4,5,4,C extension whose distances must match the baseline within 1e-10 and run 5x faster; identical exactness-plus-budget contract over float64 buffers.,"Complete the skeleton files `distance_optimized.c` and `distance_optimized.py` to create a fast C extension that finds the k-nearest neighbors of query points using one of three distance metrics: Euclidean, Manhattan, or Cosine. The baselin"
portfolio-optimization,8,task_004272_43e6cead,TMax-15K,4,4,3,4,"Custom C extension computes RMS over float arrays and returns wrong values; same debug-the-C-numerics-until-it-matches work, different pipeline.",You are an algorithmic performance engineer. We have an audio processing pipeline that is failing and producing incorrect results. The pipeline consists of a Python script (`/app/processor.py`) that reads time intervals from a SQLite databa
portfolio-optimization,9,task_04671,Terminal-Lego-15k,4,5,3,4,"Pass numpy arrays into a C function for input and output via ctypes; the buffer-marshalling the portfolio extension must get right, verified only weakly.",# Task: Passing Numpy Arrays to a C Function for Input and Output ## Description You need to create a working example that demonstrates how to pass NumPy arrays to a C function using ctypes for both input and output operations. The C functi
portfolio-optimization,10,optimization_20260615_143301_001,CalibForge,4,4,3,3,Find the numeric bugs in a compiling-but-wrong Lasso C extension computing X_j^T r; hunting float mismatches inside C is half of this task.,The C extension for Lasso regression in `lasso_solver.c` and `lasso_solver.py` compiles but produces wrong results. Find and fix all the bugs. The algorithm is cyclic coordinate descent for: minimize 0.5 * ||y - X*beta||^2 + lam * ||beta||_
protein-assembly,1,scientific-computing_20260617_104707_003,CalibForge,5,5,5,5,"Design a DNA sequence encoding a given protein under eight interacting constraints including a GC band, forbidden motifs and homopolymer limits - the same design problem as the gBlock.","I need to express a human protein in E. coli and I'm working on codon-optimizing the gene for bacterial expression. The protein sequence is in `protein_sequence.txt` (single-letter amino acid code, one line). Please design a DNA sequence th"
protein-assembly,2,scientific-computing_20260508_045800_004,CalibForge,5,5,4,5,"Codon-optimize a GFP-variant protein into DNA while avoiding restriction sites and maximizing CAI; protein-to-DNA design with competing constraints, and GFP is a FRET donor.","A synthetic biology lab is planning to express a GFP variant protein in E. coli K-12. The protein sequence is provided in `protein.fasta`. To maximize expression levels, the coding DNA sequence needs to be codon-optimized for the E. coli ho"
protein-assembly,3,scientific-computing_20260508_180627_004,CalibForge,4,5,4,4,Eliminate restriction sites by synonymous codon substitution without altering the protein; the exact repair move a GC-window or motif violation forces.,"A colleague has synthesized a gene for expression in E. coli, but the sequence contains restriction enzyme recognition sites that will interfere with downstream cloning experiments. The gene sequence is in `/app/gene.fasta`. Write a Python "
protein-assembly,4,scientific-computing_20260414_211532_006,CalibForge,4,5,4,4,"Select protein structures that can host a competitive ligand-binding assay; picking a binder by which small molecule it binds, as the SMILES clue requires.",I'm building a computational pipeline to design protein-ligand binding assays. I have a set of protein structures in `/app/structures/` and need to identify which ones could be good candidates for developing a competitive binding assay. The
protein-assembly,5,scientific-computing_20260415_094424_006,CalibForge,4,5,4,4,Extract ORFs from circular plasmid GenBank files on both strands into FASTA; the GenBank and FASTA parsing needed for plasmid.gb and antibody.fasta.,I'm working on a plasmid annotation pipeline that extracts all open reading frames (ORFs) from circular plasmid GenBank files. The pipeline should detect protein-coding sequences by scanning for ORFs on both strands and output them as FASTA
protein-assembly,6,task_000836_100fba26,TMax-15K,4,4,4,4,Accept a DNA sequence only if it carries a required motif and its GC content lies in a given band; the same all-constraints-must-hold check over FASTA.,"You are a bioinformatics analyst working on a highly reproducible computation pipeline for identifying viable sequence targets for an upcoming genetic study. Your system contains a set of candidate DNA sequences, some of which are valid (""c"
protein-assembly,7,scientific-computing_20260416_172928_003,CalibForge,4,5,3,4,Fix a translator that misapplies NCBI genetic-code tables; codon-table correctness is the hinge of converting the chosen proteins into gBlock DNA.,"A colleague wrote a Python script called `translator.py` that translates DNA sequences to protein sequences using NCBI genetic code tables. The script reads sequences from a FASTA file and outputs translated proteins. However, we've noticed"
protein-assembly,8,scientific-computing_20260510_005520_006,CalibForge,4,5,3,4,Handle genes that wrap a circular plasmid's origin in GenBank; coordinate and strand bookkeeping in the same format as the supplied plasmid.,"I have a collection of plasmid GenBank files from a sequencing project that I need to analyze. These are circular plasmids, and some of the genes span the origin of replication (wrapping around from the end of the sequence back to the begin"
protein-assembly,9,scientific-computing_20260610_111012_004,CalibForge,4,4,3,3,"Decide exactly which proteome entries are kinases from reference catalytic domains; identify-the-right-protein-from-sequence-evidence, as with the antibody's antigen.","`/app/proteome.fasta` contains 50 protein sequences, including an unknown number of protein kinases. `/app/kinases.fasta` contains 15 confirmed kinase catalytic domain sequences from the same species. Determine exactly which proteins in the"
protein-assembly,10,task_000136_2544ba16,TMax-15K,3,4,3,3,Compute GC content as a windowed signal along aligned DNA; directly the per-50-nucleotide GC window the gBlock must keep between 30 and 70 percent.,"You are a bioinformatics analyst investigating GC content fluctuations across a set of aligned DNA sequences. You must process this sequence data into a numerical signal, compute statistical confidence intervals, and visualize the results. "
prove-plus-comm,1,software-engineering_20260510_062946_019,CalibForge,5,5,5,5,"Ten Coq proofs on list operations by structural induction, compiled with coqc; same assistant, same tactic repertoire, same difficulty band as plus_comm.",Complete the proofs for advanced list operation properties in the file `list_rev_proofs.v`. The file contains theorem statements for properties about polymorphic list operations from Coq's standard library. Ten theorems need to be proven ac
prove-plus-comm,2,software-engineering_20260422_235124_019,CalibForge,5,5,5,5,"Turn an Admitted into a real Coq proof and make coqc accept it; identical instruction shape, and the induction must be generalised to go through.","Complete the correctness proof for the stack machine compiler in `compiler_correctness.v`. The file defines: - A source language of arithmetic expressions (`expr`) - A stack machine target language (`instr`, `prog`, `stack`) - A compiler fr"
prove-plus-comm,3,tw_283245,TerminalWorld-Seeds-Clean,5,4,4,4,"Literally proves a+b=b+a by induction via lemma1 (a+0=a) and lemma2 (a+suc b=suc(a+b)); the exact lemma decomposition, in Agda rather than Coq.","Using the `agda-tac` interactive tactic REPL, prove commutativity of natural number addition for the `Demo` module. Work in `/workspace/`: create a supporting library at `/workspace/SmallLib.agda` and use `agda-tac` to interactively build t"
prove-plus-comm,4,software-engineering_20260501_172213_019,CalibForge,5,5,5,4,"A Coq proof that stalls because the generated induction principle is too weak; the 'plain induction is not enough, find the helper' move plus_comm turns on.","Complete the proof in `nested_term.v`. The file defines a Term AST type with a nested Vector.t parameter, and a theorem `term_map_id` that should prove that mapping with the identity function returns the original term. The proof attempt fai"
prove-plus-comm,5,rts_task_062c48c4e03486aab7ff1909,Recursive-Task-Synthesis,5,4,4,4,"Same commutativity-of-addition proof with the three required lemmas, then type-checked by Agda; verifier absent in our copy but the checker is the oracle.","Using the `agda-tac` interactive tactic REPL, prove commutativity of natural number addition for the `Demo` module. Work inside `/workspace/`. First, create a supporting library at `/workspace/SmallLib.agda` that provides the necessary help"
prove-plus-comm,6,rts_task_9bea742175cbc6b155920a37,Recursive-Task-Synthesis,5,4,3,4,Same a+b=b+a proof plus clearing stale .agdai and confirming fresh interfaces - the analogue of ensuring plus_comm.vo is genuinely rebuilt.,"Prove commutativity of natural number addition for the `Demo` module using `agda-tac`, and compile the proof with Agda to produce verified interface files in `/workspace/`. First, confirm that Agda and `agda-tac` are installed, then ensure "
prove-plus-comm,7,task_09064,Terminal-Lego-15k,3,2,3,3,"Construct an NP-completeness reduction and defend it; building a rigorous argument to a standard, though checked by a script rather than a kernel.",# Task: Prove NP-Completeness of a Scheduling Problem ## Description You are given a classic scheduling problem and must prove it is NP-complete. The specific problem is: **Weighted Job Scheduling with Deadline (WJSD):** - Given a set of n 
prove-plus-comm,8,tw_17407,TerminalWorld-Seeds-Clean,3,4,2,3,"Haskell Peano Nat with plus and mult built from zero and succ; the exact inductive datatype plus_comm reasons over, exercised rather than proved.","The Haskell module `Peano` at `/app/Peano.hs` implements Peano arithmetic with a `Nat` type and the following operations: `fromInt :: Int -> Nat`, `fromNat :: Nat -> Int`, `plus :: Nat -> Nat -> Nat`, `mult :: Nat -> Nat -> Nat`, and `mPlus"
prove-plus-comm,9,software-engineering_20260419_112101_004,CalibForge,3,3,4,3,"Complete the missing NFA-construction half of a regex engine; inductive construction over a syntax tree in a partially written file, strongly verified.",The file `/app/regex.c` contains a partial implementation of a Thompson NFA-based regular expression engine. The current code parses regular expressions into postfix notation but is missing the core NFA construction and matching simulation.
prove-plus-comm,10,task_08953,Terminal-Lego-15k,3,2,3,3,"Prove log(n!) = Theta(n log n) with both bounds and their witnesses, then verify computationally; a genuine two-part proof obligation.","# Task: Prove and Verify log(n!) = Θ(n·log(n)) ## Description You are tasked with proving mathematically and verifying computationally that **log(n!) = Θ(n·log(n))**. Recall that f(n) = Θ(g(n)) means there exist positive constants c₁, c₂, a"
pypi-server,1,rts_task_9173775e4fed0b1b6ea3bb20,Recursive-Task-Synthesis,5,5,5,5,"Build a wheel from source, serve it from a local PyPI server on port 8080, pip-install it into a venv and read the installed version back. Same task, different package.","Build the package from source at `~/src/myutility_internal` into a wheel, place the wheel into `~/test/myutil`, and start a local PyPI server on port 8080 serving that directory. Create a Python virtual environment at `~/python_venv/myproje"
pypi-server,2,rts_task_173dafbc789b2867d531fa17,Recursive-Task-Synthesis,5,5,5,5,"Build the distribution from source into a served directory, run the index at localhost:8080, install from it and verify the version; the identical round trip.","Build the `myutility_internal` package from source at `~/test/myutil_src`, placing the built distribution in `~/test/myutil`. Set up a local PyPI server that serves packages from `~/test/myutil` on `http://localhost:8080/`. Create a Python "
pypi-server,3,rts_task_7f4fd9a04408e198c5f9b6c3,Recursive-Task-Synthesis,5,5,5,5,"Wheel build, local index on port 8080, install through it, then import the package and read __version__ - every step of the TB2.1 task.","Set up a Python virtual environment at `~/python_venv/myproject`. Build a wheel from the source code in `~/pkg_src` and place it into `~/test/myutil/`. Start a local PyPI server on port 8080 that serves packages from `~/test/myutil/`, then "
pypi-server,4,tw_485539,TerminalWorld-Seeds-Clean,4,5,4,4,"Install a package from a local PyPI server at localhost:8080 into a venv and import it; the pip --index-url half, with a real verifier attached.",Set up a Python virtual environment at `~/python_venv/myproject` and use it to install a package called `myutility_internal` from a local PyPI server that serves packages from `~/test/myutil`. The local PyPI server should be accessible at `
pypi-server,5,rts_task_70ff71f74af760685fa4c933,Recursive-Task-Synthesis,4,5,4,4,Run the index on 8080 with logging and prove from the server log that pip fetched the package from it - the strongest end-to-end check of the serving half.,Set up a local PyPI server on port 8080 that serves the package directory indicated by the workspace README. Start the server with logging enabled so the requests can be inspected later. Create a Python virtual environment at ~/python_venv/
pypi-server,6,task_002897_90442cbb,TMax-15K,4,5,4,4,"Author a package with setup.py and a console entry point, pip install it, bring up a service on port 8080 and verify through it with curl; packaging plus local service.","You are a QA engineer setting up a test environment for a new mathematical operations API. You need to build a Python package, configure a reverse proxy, and test the endpoints. Please complete the following steps: 1. **Build a Python Packa"
pypi-server,7,software-engineering_20260414_211453_020,CalibForge,4,5,4,4,A pyproject/src-layout package installs but its entry point does not work; the metadata-vs-import-path trap that decides whether `from vectorops import dotproduct` succeeds.,"A colleague recently migrated a Python CLI package called `filetool` from a legacy setup.py to the modern pyproject.toml format with src layout. The package builds and installs without errors, but the `filetool` command doesn't work correct"
pypi-server,8,software-engineering_20260422_235124_007,CalibForge,4,5,4,4,pip install . fails with a cryptic import error after adding pyproject.toml; diagnosing why a build backend cannot find the package. Verified strong 1.0.,"I'm migrating a Python package called `dataproc` to use modern pyproject.toml. I added a pyproject.toml file for tool configurations, but now the package won't install - `pip install .` fails with cryptic import errors. The package structur"
pypi-server,9,task_05331,Terminal-Lego-15k,4,5,4,4,"Generate a PEP 503 simple index (root plus per-project index.html, normalised names) over a package directory so pip --index-url can install from it",# Task: Create a Local PyPI Repository Index Without Mirroring ## Description You need to create a local PyPI repository index for hosting custom Python packages without mirroring from the official PyPI. This repository should follow the Py
pypi-server,10,pypa__bandersnatch-1557,SWE-Rebench-Tasks-Clean,4,5,2,3,Implement PEP 700 fields in a PyPI mirror's simple index - the exact wire format the server at :8080/simple has to emit for pip.,A git repository with the project this issue is about is checked out somewhere under / (commonly /<project-name>). Find it and work there. Ensure bandersnatch implements pep700 fields https://peps.python.org/pep-0700/ - The api-version must
pytorch-model-cli,1,model-training_20260617_051646_002,CalibForge,5,5,5,5,"Compile a C binary that loads exported weights, runs a ReLU MLP forward pass and prints the digit 0-9; the same artifact and contract as cli_tool.","Your task is to fix the training script and create a C inference engine for the trained model. The directory `/app` contains: - `data.npz` — Training and test data (NumPy format). Contains `train_images`, `train_labels`, `test_images`, `tes"
pytorch-model-cli,2,model-training_20260612_191200_002,CalibForge,5,5,4,5,Infer the MNIST architecture from a state dict and reimplement every op by hand with correct 0.1307/0.3081 normalization - the core of this task.,"Write a pure NumPy inference engine for the trained MNIST classifier at `/app/model.pth`. The model was trained on MNIST digits (28x28 grayscale, normalized with mean=0.1307, std=0.3081). Inspect the state dict to determine the architecture"
pytorch-model-cli,3,task_000333_7a82aa70,TMax-15K,5,4,5,5,"Recover a model from an out-of-band spec, implement inference in Go, compile to an exact executable path with a strict stdout format.","You are assisting a data science researcher in organizing and scoring their datasets. The researcher has lost the original source code for their data scoring model, but they have a scanned image of the model's architecture and weights saved"
pytorch-model-cli,4,model-training_20260615_143956_002,CalibForge,5,4,5,4,Standalone C predictor invoked as `./xgb_predict model input.csv` writing prediction.txt; identical argv-plus-output-file packaging.,Train an XGBoost binary classifier on `/app/train.csv` that achieves at least 95% accuracy on `/app/test_data.csv`. Save the trained model as `/app/model.json` and a human-readable text dump as `/app/model_dump.txt`. Then implement a standa
pytorch-model-cli,5,task_004118_161aa034,TMax-15K,5,4,4,4,"Hand-coded C++ MLP forward pass parsing a weights file, compiled with -O3 and driven end to end by a script.","You are a data engineer building the inference component of an ETL pipeline. You need to implement a lightweight C++ inference engine that takes raw sensor data, performs specific feature engineering, runs inference using a reconstructed Mu"
pytorch-model-cli,6,model-training_20260606_172554_002,CalibForge,5,4,4,4,Parse a custom little-endian binary weight file and implement LeakyReLU/softmax inference; weight-format reading plus forward pass.,The file `/app/model.bin` contains a pre-trained neural network in a custom binary format. The file begins with the magic bytes `TB2M`. All integers are uint32 little-endian; all floating-point values are float32 little-endian. The model us
pytorch-model-cli,7,model-training_20260604_002443_002,CalibForge,4,5,4,4,Load a PyTorch checkpoint against its model.py and classify PNG images against pinned per-image labels - image-in/class-out with real ground truth.,Your task is to deploy a trained CIFAR-10 image classifier for production inference. In `/app/` you'll find: - `model.py` — the PyTorch model architecture - `model.pth` — the trained model weights - `test_image_0.png` through `test_image_9.
pytorch-model-cli,8,software-engineering_20260617_210354_010,CalibForge,4,4,4,4,"PNG decoder in C: chunks, CRC, inflate, unfiltering - the part of reading image.png inside a compiled binary that most solutions get wrong.",Write a PNG image decoder in C as a single file at `/app/pngdec.c`. I will compile it with: ``` gcc -O2 -lm -o /app/pngdec /app/pngdec.c ``` Your program must read a PNG file given as the first argument and write raw RGBA pixel data to the 
pytorch-model-cli,9,task_008434_7c53cbf4,TMax-15K,4,4,3,4,Forward pass computed by hand from W1/b1/W2/b2 in weights.json with explicit ReLU equations; the exact arithmetic cli_tool reproduces.,"You are a data scientist tasked with cleaning a corrupted dataset, extracting features using linear algebra, and running inference through a manually reconstructed neural network. Your tasks are: 1. **Environment Setup:** Install necessary "
pytorch-model-cli,10,model-training_20260617_051646_003,CalibForge,4,5,3,4,Rebuild a pure-NumPy network from loose .npy weight files containing decoys; shape-driven mapping of weights onto layers.,A research prototype at `/app/numpy_model.py` implements a neural network in pure NumPy. Trained weights are stored as `.npy` files in `/app/weights/` — note that some weight files in that directory are not used by the model. Your task: 1. 
pytorch-model-recovery,1,model-training_20260618_093107_003,CalibForge,5,5,5,5,"Architecture deduced from the state dict alone, intact layers frozen and proven unchanged, only damaged layers tuned, TorchScript saved to /app/model.pt. Isomorph.","A training run crashed partway through, corrupting the checkpoint at `/app/corrupted_weights.pt`. Some layers had their weights overwritten with random values during the crash. You also have a dataset at `/app/dataset.pt` containing input-o"
pytorch-model-recovery,2,model-training_20260505_093950_003,CalibForge,5,5,5,5,"Load a checkpoint whose keys do not fit the class, fine-tune under a frozen-parameter constraint, export with torch.jit.script - all three halves of this task.","I have a PyTorch model checkpoint from a colleague who was experimenting with pruning. The checkpoint was saved with `torch.save(model.state_dict(), 'checkpoint.pt')` while pruning was still active. I need to load this checkpoint, fine-tune"
pytorch-model-recovery,3,model-training_20260604_193356_003,CalibForge,5,5,5,5,"Checkpoint and model definition disagree; repair and fine-tune only the broken layers, with overwriting good weights explicitly counted as failure.","A distributed training job crashed last night. The only saved artifact is `/app/checkpoint.pt`. The dataset used for training is at `/app/dataset.pt` (keys: `train_images`, `train_labels`, `val_images`, `val_labels`). There's also a `/app/m"
pytorch-model-recovery,4,task_009562_91210c7c,TMax-15K,5,5,4,5,"Reconstruct an undocumented PyTorch architecture from model_weights.pth and run it; the state-dict-to-nn.Module deduction, with a strong verifier.","You are a Machine Learning Engineer tasked with preparing a clean dataset, reconstructing an undocumented PyTorch model architecture, and running a reproducible inference pipeline. You have been provided with a workspace directory at `/home"
pytorch-model-recovery,5,model-training_20260604_003113_003,CalibForge,5,5,4,4,Map V1 trained weights onto a refactored V2 module by matching tensor shapes and key prefixes - the shape-reading skill this task turns on.,"A colleague trained a CNN classifier (call it ""V1"") and saved the trained weights in `/app/v1_weights.pt`. They then refactored the architecture into ""V2"" (defined in `/app/model.py`), but never got around to porting the trained weights ove"
pytorch-model-recovery,6,task_007296_a67e32b2,TMax-15K,5,5,4,4,"Model source lost, only a state_dict remains; rebuild the network and reproduce its outputs exactly. Strong pinned-value verifier.","You are a Data Engineer managing an ETL pipeline for a recommendation system. A recent migration caused the pipeline to break, and the original code for generating item embeddings is missing. However, we have a backup of the PyTorch model w"
pytorch-model-recovery,7,pyg-team__pytorch_geometric-8870,SWE-Rebench-Tasks-Clean,4,5,3,4,torch.jit.script model works in memory but fails a type check when reloaded from file - the TorchScript round-trip failure this task is graded against.,A git repository with the project this issue is about is checked out somewhere under / (commonly /<project-name>). Find it and work there. TorchScript instance from torch.jit.script() runs successfully but throws type mismatch when loading 
pytorch-model-recovery,8,model-training_20260604_003814_003,CalibForge,4,5,4,4,"Restore only the corrupted slice of a checkpoint using a reference model, leaving intact parameters byte-identical.",A training run was interrupted by a disk failure that corrupted part of the student checkpoint. The following files are in `/app`: * `teacher.pt` — state dict of a fully-trained teacher CNN. * `student_checkpoint.pt` — checkpoint containing
pytorch-model-recovery,9,task_001697_f00c5c92,TMax-15K,5,5,3,4,Infer the hidden dimensions of a two-Linear MLP by inspecting the saved state dictionary before anything will load.,"You are an AI assistant acting as a Machine Learning Engineer. You need to prepare some training data benchmarks, reconstruct a model for inference, and fix a plotting script that is failing to output correctly. All your work should be done"
pytorch-model-recovery,10,facebookresearch__fvcore.a491d5b9.func_pm_ctrl_shuffle__n9luhuy3,SWE-Smith-Seeds-Clean,4,5,2,4,"Checkpointer.load() mis-orders its steps so state dicts fail to load; repo-tests verified, and the failure mode is the one this task must debug.",Checkpointer.load() method has incorrect code order causing checkpoint loading failures Description I've encountered an issue with the Checkpointer.load() method in fvcore/common/checkpoint.py. The method appears to have its code execution 
qemu-alpine-ssh,1,system-administration_20260606_172622_007,CalibForge,5,5,5,5,"Boot a guest in QEMU, bring up its networking, run a service inside it, forward a host port to it and prove it from the host. Same task, http instead of ssh.",I'm trying to build a minimal Linux system that boots in QEMU. Here's what I have so far: - A pre-compiled Linux kernel at `/app/bzImage` - Busybox 1.36.1 source at `/app/busybox-1.36.1/` (with a default `make defconfig` already run) - An i
qemu-alpine-ssh,2,task_002324_f03c9c85,TMax-15K,5,5,5,5,Repair a startup chain until a QEMU VM's SSH is reachable at localhost:2222 with a password; identical endpoint to this task.,You are a system administrator diagnosing a broken multi-service pipeline. The system relies on a startup script at `/app/system/start_services.sh` which brings up: 1. A QEMU VM running an internal analytics backend. The VM's SSH is exposed
qemu-alpine-ssh,3,tw_11181,TerminalWorld-Seeds-Clean,5,4,5,4,"Install and run sshd inside a guest, set the root password, and map a host port to guest 22 - the whole task with Docker as the hypervisor.","Set up a Docker container based on the `ubuntu:12.04` image that has an SSH server installed and running, with the root password set to `screencast`. The container should be committed as a new image named `sshd_it`, and a container from tha"
qemu-alpine-ssh,4,system-administration_20260606_172606_007,CalibForge,5,4,4,4,"Automate an interactive wizard with expect, including a password answer - how you configure a guest whose only interface is a console.",I have an interactive setup wizard at /app/setup.sh that configures a new service. I need to automate it so it can run unattended across multiple servers. Write an expect script at /app/auto-setup.exp that runs the wizard and provides these
qemu-alpine-ssh,5,system-administration_20260601_053159_008,CalibForge,4,4,5,4,"Expose a root login shell on a TCP port via agetty, one auto-login and one password-gated, and keep it up; graded by connecting and echoing a marker.",Set up two serial console servers on this machine: **Server A (unsecured) — TCP port 7777:** - Automatic root login with no password prompt when connecting via `nc 127.0.0.1 7777` - All session output logged to `/var/log/console-auto.log` *
qemu-alpine-ssh,6,system-administration_20260604_193056_006,CalibForge,4,5,4,4,sshd is running and the account exists but no client can actually get in; debug the whole path until a real SSH login succeeds.,"A colleague tried to set up a private Git server on this machine but something's wrong — git operations via SSH keep failing. The git user exists, SSH is running, and some repo directories were created, but nothing works end-to-end. Diagnos"
qemu-alpine-ssh,7,tw_436604,TerminalWorld-Seeds-Clean,4,5,4,4,"Provision a real VM from a cloud image and enable root login with a password; guest provisioning plus root password auth, strongly verified.","Deploy a Debian 11 cloud VM named `debian01` using cloud-init and libvirt/KVM. Download the Debian 11 generic cloud image (qcow2 format), resize it to accommodate additional storage, and provision the VM with a cloud-init configuration that"
qemu-alpine-ssh,8,task_002862_e03f4cfc,TMax-15K,4,5,3,4,"Must derive, not copy, the qemu -netdev user,hostfwd=tcp::2222-:22 launch line and the matching ssh -p 2222 localhost invocation.",You are an edge computing engineer deploying simulated IoT nodes for a smart factory. Your edge nodes are isolated in lightweight VMs and have a network misconfiguration preventing them from natively routing traffic back to the host machine
qemu-alpine-ssh,9,system-administration_20260604_004411_002,CalibForge,4,5,4,4,"Make a named user with a given password actually able to log in over SSH against a broken setup, with the service enabled at boot.","This server needs to be configured as an automated file drop. Here's the spec: - SFTP access restricted to members of the ""sftpusers"" group. Files land in /srv/drop/. - Test user: ""dropuser"" / ""droppass"", member of sftpusers. - Any file arr"
qemu-alpine-ssh,10,task_02064,Terminal-Lego-15k,4,5,4,4,"sshd is not running and port 22 is refused; install, configure and start it until an ssh to localhost gives a shell - this task's inner loop.","# Task: Enable and Configure SSH Server for Localhost Connections ## Background You are setting up a local development environment (similar to a Hadoop local setup) and need to be able to SSH into `localhost`. Currently, the SSH server (ssh"
qemu-startup,1,system-administration_20260606_172622_007,CalibForge,5,5,5,5,"Boot a real guest under QEMU, get a service running inside it, and make it reachable from the host on a chosen port. Nothing else in the pool boots a guest.",I'm trying to build a minimal Linux system that boots in QEMU. Here's what I have so far: - A pre-compiled Linux kernel at `/app/bzImage` - Busybox 1.36.1 source at `/app/busybox-1.36.1/` (with a default `make defconfig` already run) - An i
qemu-startup,2,system-administration_20260615_143301_008,CalibForge,5,4,4,5,"'Telnet-accessible login prompt on a port, backgrounded, left running' - this task's sentence minus QEMU; graded over a live expect login. FREE grade overridden, see verifier_notes.","Start a telnet-accessible login prompt on port 6666. When I connect with `telnet 127.0.0.1 6666`, I should see a login prompt where I can log in as `consoleuser` (password: `consolepass`). Start the service in the background and leave it ru"
qemu-startup,3,system-administration_20260601_053159_008,CalibForge,5,4,5,5,"Bridge agetty onto a TCP port so connecting gets a console login - exactly what -serial telnet:127.0.0.1:6665,server does; graded over the live socket.",Set up two serial console servers on this machine: **Server A (unsecured) — TCP port 7777:** - Automatic root login with no password prompt when connecting via `nc 127.0.0.1 7777` - All session output logged to `/var/log/console-auto.log` *
qemu-startup,4,task_007306_4c1f5e89,TMax-15K,5,5,4,4,"Background, detached QEMU launch with `-serial` redirecting the guest console; the same flag family that puts a login prompt on 127.0.0.1:6665.","As a cloud architect migrating services to a modern infrastructure, you are temporarily running a ""hybrid"" environment. You need to write a deployment script that provisions a legacy VM (using QEMU), sets up its log rotation, injects enviro"
qemu-startup,5,task_003464_52c8af89,TMax-15K,5,5,4,4,Run QEMU headless in the background exposing a socket endpoint at a fixed path and drive the live VM through it.,"You are an Site Reliability Engineer (SRE) tasked with wrapping an old, undocumented uptime monitoring binary into a modern, multi-protocol service using C. We are transitioning to a GitOps deployment model. We have a legacy monitoring tool"
qemu-startup,6,system-administration_20260611_112034_008,CalibForge,4,4,5,4,"Daemon must be built, backgrounded on a port, and still serving after the shell exits - the leave-it-running-and-answering contract, strongly verified.","Get the sysinfod daemon in /app/sysinfod/ built, installed to /usr/local/bin/, and running in the background on port 8080. Once running, it should respond to `curl http://localhost:8080/` with a JSON payload containing system information. T"
qemu-startup,7,task_003951_3539778b,TMax-15K,4,5,4,4,"Headless, daemonized, suspended-at-startup QEMU whose only interface is a console server on an exact port.","You are an infrastructure engineer automating the provisioning and monitoring of a lightweight virtual machine. Your task is to start a QEMU instance, write a custom C program to monitor its process status, and expose this status securely v"
qemu-startup,8,task_002241_459c6324,TMax-15K,4,5,4,4,TCP-probe the running VM's console port for UP/DOWN and find its qemu pid; the readiness check the launcher must block on.,"You are a capacity planner responsible for analyzing the resource footprint of running virtual machines. A headless QEMU VM is currently running on your system, serving a VNC display on port 5900. Your objective is to build an automated, id"
qemu-startup,9,task_10686,Terminal-Lego-15k,4,5,3,4,Modernize QEMU's port-redirection flags; direct practice with the QEMU network/redirection syntax this task must get exactly right.,"# Task: Convert Deprecated QEMU `-redir` Option to Modern `-netdev` Syntax ## Description When using QEMU to emulate systems, the `-redir` option for port forwarding has been deprecated in newer versions. The modern replacement uses the `-n"
qemu-startup,10,task_002324_f03c9c85,TMax-15K,4,5,4,4,Fix a startup script until a QEMU VM is up and its login service answers on a localhost port; the same bring-up-then-verify endpoint.,You are a system administrator diagnosing a broken multi-service pipeline. The system relies on a startup script at `/app/system/start_services.sh` which brings up: 1. A QEMU VM running an internal analytics backend. The VM's SSH is exposed
query-optimize,1,data-science_20260604_003814_005,CalibForge,5,5,5,5,"Same instruction down to the artifact: rewrite /app/slow_query.sql for speed with identical rows, columns and order, save one comment-free query to /app/sol.sql.","You are given a sales database in SQLite format at `/app/sales.db` with tables: customers, products, orders. A query has been saved in `/app/slow_query.sql` but it is not optimized. Please rewrite the query to be as efficient as possible wh"
query-optimize,2,optimization_20260604_003814_001,CalibForge,5,5,5,5,"Four slow SQLite reporting queries over 500K rows must become fast with identical results and no data changes, using EXPLAIN QUERY PLAN.","The reporting queries in `queries.sql` are running painfully slow against `sales.db`. The database has ~10K customers, 500 products, 100K orders, and 500K order items — but no indexes were ever created beyond the default primary keys. Optim"
query-optimize,3,optimization_20260606_153537_001,CalibForge,5,5,5,4,Timing-out analytics queries on a multi-table SQLite database must be made fast without changing their output.,"Our analytics dashboard is timing out because the queries against `/app/ecommerce.db` are too slow. I need you to fix this. The database has four tables — `products`, `customers`, `orders`, `order_items` — with a few hundred thousand rows t"
query-optimize,4,task_000926_eb2b990a,TMax-15K,5,5,4,4,Rewrite a query with an implicit cross-join and deliver the corrected SQL as its own file; equivalence-preserving SQL rewriting as the deliverable.,"You are a Database Reliability Engineer investigating a backup infrastructure incident. Our backup reporting pipeline recently failed, and we suspect corrupted metadata and a faulty SQL query are to blame. Complete the following objectives:"
query-optimize,5,task_000576_0dbfb38a,TMax-15K,5,4,4,4,Collapse repeated query round-trips into a single CTE/window query - the main structural move available when you cannot add indexes.,"You are an AI assistant helping a data researcher optimize a fragile data pipeline. We have a multi-service architecture running locally: 1. **PostgreSQL** (port 5432, db: `research`, user: `postgres`, password: `password`) containing acade"
query-optimize,6,tobymao__sqlglot.036601ba.lm_rewrite__croj8akp,SWE-Smith-Seeds-Clean,5,5,2,4,"Repair sqlglot's eliminate_joins optimizer rule - removing joins that provably cannot change the result, the same reasoning applied by hand here. repo-tests verified.","### Bug summary The `eliminate_joins` function seems to be causing a TypeError when processing certain join conditions. ### Code for reproduction ```python from sqlglot import optimizer # Example SQL query that triggers the issue query = """""
query-optimize,7,task_000706_c338fab9,TMax-15K,4,5,4,4,"Read the schema, run EXPLAIN QUERY PLAN on the supplied slow query, and act on what the planner says; the diagnostic half, strongly verified.","You are a database administrator tasked with optimizing a knowledge graph database that models a corporate IT infrastructure. An unoptimized SQLite database is located at `/home/user/graph.db`. It contains information about servers, databas"
query-optimize,8,task_14355,Terminal-Lego-15k,4,5,4,4,Determine empirically when SQLite will and will not use a multi-column index; decides which rewrites actually help on a read-only database.,# Terminal Bench Task: Explore SQLite Multi-Column Index Behavior ## Overview You are given a small SQLite database and a Python script in a Linux terminal environment. Your task is to investigate how SQLite uses a multi-column index for di
query-optimize,9,task_08612,Terminal-Lego-15k,4,4,4,4,Replace slow skip-based pagination over 300K records with an equivalent fast access pattern; textbook rewrite-for-speed with unchanged results.,"# MongoDB Slow Pagination Optimization Task ## Background You are working with a MongoDB database that contains a large collection with over 300,000 records. The current pagination implementation uses the `skip()` method, which becomes extr"
query-optimize,10,task_001048_6215242e,TMax-15K,4,3,5,4,"An optimized pipeline must emit byte-identical output to the naive one under a hard time limit - the exact-equivalence-plus-speed contract, outside SQL.","You are a data analyst working with a proprietary graph database engine. In `/home/user/data/`, there are two large CSV files: - `nodes.csv` (columns: `node_id`, `type`, `status`, `region`) - `edges.csv` (columns: `source_id`, `target_id`, "
raman-fitting,1,scientific-computing_20260419_065313_007,CalibForge,5,5,5,5,"Raman spectrum of carbon: despike, subtract fluorescence background, convert to cm^-1, fit peaks. Same instrument and same fitting crux.",A raw Raman spectrum of a carbon sample was acquired using a 532 nm laser. The data file `/app/carbon_sample.dat` contains wavelength (nm) and intensity values in a two-column tab-separated format. The spectrum has three issues that need to
raman-fitting,2,scientific-computing_20260415_123352_007,CalibForge,5,5,5,5,"Baseline-correct a vibrational spectrum and fit Lorentzians, emitting x0/gamma/amplitude to results.json; the TB2.1 output schema exactly.",An FTIR absorption spectrum of an organic compound mixture has been recorded in the carbonyl stretching region (1600-1800 cm^-1). The raw data is in `/app/ftir_spectrum.dat` with columns: wavenumber (cm^-1) and intensity (a.u.). The spectru
raman-fitting,3,task_005968_01db9842,TMax-15K,5,5,4,5,Fits one- and two-Lorentzian-plus-baseline models with scipy curve_fit to a noisy spectrum and writes fitted parameters as JSON.,You are acting as an AI assistant for a computational chemistry researcher. They have collected some noisy spectroscopy data and need to build a reproducible computation pipeline to analyze it. The data is located at `/home/user/spectroscop
raman-fitting,4,scientific-computing_20260606_172622_002,CalibForge,5,5,4,5,Deconvolves five overlapping Voigt bands in a Raman spectrum; a strictly harder version of resolving the G and 2D peaks.,A Raman spectroscopy experiment on a multi-component sample has produced the dataset in `/app/spectrum_data.csv`. The file contains two columns: `wavenumber` (in cm⁻¹) and `absorbance` (arbitrary units). The sample contains a mixture of **f
raman-fitting,5,task_000242_341bf3b8,TMax-15K,5,4,3,4,"Fits the exact double-Lorentzian-with-constant-offset model (A, Gamma, omega, C) the TB2.1 task asks for, on a reconstructed spectrum.","You are an experimental data scientist working on a novel laser spectroscopy setup. Your detection apparatus doesn't produce standard arrays; instead, it outputs an raw video feed of a luminescent sensor element as the laser sweeps across a"
raman-fitting,6,scientific-computing_20260509_111805_007,CalibForge,4,4,5,4,Shirley background subtraction then a constrained multi-peak fit of an XPS doublet; the background-then-peaks pipeline with pinned values.,An XPS survey scan of a silicon wafer surface was collected after plasma treatment. The Si 2p region (binding energies 95-110 eV) shows multiple overlapping components that need to be resolved. Apply Shirley background subtraction to the sp
raman-fitting,7,scientific-computing_20260508_045557_007,CalibForge,4,4,5,4,Baseline-corrects an XRD pattern and fits overlapping pseudo-Voigt peaks into a JSON parameter file; same two-stage spectral fit.,An X-ray diffraction (XRD) pattern from a multi-phase sample is provided in `/app/xrd_pattern.dat`. The file contains two-theta angles (degrees) and corresponding intensity values (arbitrary units). The spectrum has a sloping baseline and c
raman-fitting,8,task_003567_2bffa97d,TMax-15K,4,5,3,4,"Fits a multi-peak model to synthetic Raman spectroscopy data with lmfit; same domain and estimator, wrapped in a packaging repair.","You are a data scientist analyzing synthetic Raman spectroscopy data. You need to fit a multi-peak model to a noisy signal, but the environment and tools require some troubleshooting. Here is your workflow: 1. **Environment Setup**: We have"
raman-fitting,9,scientific-computing_20260416_031414_007,CalibForge,4,3,5,4,"Three overlapping chromatographic peaks on a drifting baseline, fitted and reported as per-peak parameters in a fixed JSON schema.","A chromatographic analysis of a pharmaceutical sample produced the data file `/app/chromatogram.csv`. The sample contains three compounds that elute close together, resulting in overlapping peaks with an underlying baseline drift. Extract t"
raman-fitting,10,task_003588_e3556b7c,TMax-15K,4,4,3,4,"Fits Voigt peaks plus a polynomial background to noisy emission spectra and bootstraps peak-centre uncertainty; same estimator, deeper stats.","You are a data scientist tasked with analyzing noisy optical emission spectroscopy data to precisely locate emission peaks and quantify their uncertainties. You have been provided with a local, pre-release version of a specialized library c"
regex-chess,1,software-engineering_20260420_020307_021,CalibForge,5,5,5,5,"Same artefact and same loop: a JSON list of [regex, replacement] pairs that must evaluate postfix Boolean expressions under a pattern-count and byte budget.","Write a JSON file `/app/calc.json` containing a list of `[regex, replacement]` pairs. When these pairs are applied iteratively by the Python code below, they should evaluate Boolean expressions in postfix notation. ```python import re impor"
regex-chess,2,task_14927,Terminal-Lego-15k,4,5,4,4,"Minimum-bit chess encoder: indexing a move requires enumerating the legal moves in each position, so correct move generation is the crux.",# Task: Space-Efficient Chess Game State Encoder/Decoder ## Overview Design and implement a space-efficient binary encoder/decoder that can encode the complete state of a chess game — including the initial board position and all subsequent 
regex-chess,3,software-engineering_20260616_094815_022,CalibForge,4,5,4,4,"Implement regex.c from a syntax contract and pass a hidden suite; pattern semantics from the inside, judged on held-out cases.",I need a regex engine implemented in C. The header file is at `/app/regex.h` — read it to understand the API and the exact regex syntax to support. The project already has a Makefile and a test runner (`test_runner.c`) that you can use to c
regex-chess,4,software-engineering_20260604_002443_024,CalibForge,4,5,4,4,"Build a regex engine with Regex/Match classes, which forces exact knowledge of alternation order, grouping and anchoring.","Implement a regular expression engine in `/app/regex_engine.py`. The engine must support the regex features described below and expose `Regex` and `Match` classes as specified. ## Required API ```python class Regex: def __init__(self, patte"
regex-chess,5,task_06208,Terminal-Lego-15k,4,5,3,4,Capture groups and construct replacement strings with re.sub backreferences - the precise API every entry of re.json is written in.,"# Task: Python Regex Group Capture and Instant String Replacement ## Description In Python, you often need to capture groups from a regex pattern and immediately use those captured groups to construct a new string. This is commonly done usi"
regex-chess,6,software-engineering_20260610_111012_004,CalibForge,4,3,4,4,"Brainfuck-to-C transpiler: emit a program in a second substrate rather than execute one, the same compile-into-a-restricted-target move.",The file /app/bfi.c is a simple Brainfuck interpreter that executes a Brainfuck program read from a file. You can compile it with `gcc -O2 -o /app/bfi /app/bfi.c` and run it as `/app/bfi /app/programs/hello.bf`. The interpreter is correct b
regex-chess,7,pygments__pygments.27649ebb.pr_2367,SWE-Smith-Seeds-Clean,4,5,2,4,Operator ordering inside a lexer regex alternation - exactly the ordered-alternative hazard that decides whether a rewrite chain is correct.,# Incorrect operator pattern in CarbonLexer causing syntax highlighting issues ## Description There's an issue with the operator pattern in the CarbonLexer class. The order of operators in the regex pattern is causing some operators to be i
regex-chess,8,games_20260511_150433_001,CalibForge,4,3,4,4,Rush Hour solver over a packed 36-character board string: enumerate all legal moves from a string-encoded position and search.,The file `/app/puzzles.txt` contains 3 Rush Hour puzzles in Fogleman database format: each line has a 36-character board string (6x6 grid in row-major order) followed by a space and the optimal move count. Board format: - `o` = empty cell -
regex-chess,9,task_001513_43707bfe,TMax-15K,4,3,4,4,Decode a DSL and implement its state machine and expression evaluator exactly; build-a-rule-engine-from-written-spec with no partial credit.,"You are a release manager preparing a new deployment pipeline. The deployment logic is defined as a custom State Machine in a legacy DSL (Domain Specific Language) file that has been encoded in Base32. You need to decode the rules, parse th"
regex-chess,10,task_000029_21fde3c1,TMax-15K,4,4,3,4,The task states regex alone is insufficient and demands a hand-rolled state machine that survives an adversarial corpus; teaches where patterns stop.,"You are a QA engineer tasked with setting up a secure testing environment for a mathematical expression evaluation service. The service has been vulnerable to command injection and malformed expressions, so we need a strict sanitiser. Your "
regex-log,1,task_06166,Terminal-Lego-15k,5,5,4,5,Extended regex validating IPv4 as four 0-255 octets with no leading zeros and no stray adjacent characters - literally half of the required pattern.,# Task: Validating IPv4 Addresses with Regular Expressions ## Objective Write a shell script that uses `grep` with an extended regular expression (`-E`) to correctly validate IPv4 addresses. The script must read lines from an input file and
regex-log,2,task_13817,Terminal-Lego-15k,5,5,4,5,"Regex date validator enforcing month and day ranges and rejecting invalid dates - the other half, including the 29-day February question.","# Task: Create a Regex Date Validator with Leap Year Support ## Objective Create a script that validates date strings using regular expressions, supporting multiple date formats with proper leap year handling and invalid date rejection. ## "
regex-log,3,task_06126,Terminal-Lego-15k,5,5,3,4,One regex requiring two substrings in any order via lookahead: the construction needed to demand an IPv4 and a date on the same line.,"# Task: Regex to Match String Containing Two Names in Any Order ## Description You need to create a regex pattern that performs a logical AND operation - matching strings that contain **both** ""jack"" AND ""james"" in **any order**. The regex "
regex-log,4,task_06290,Terminal-Lego-15k,4,5,3,4,"Negative lookahead for 'not followed by', including why BRE cannot express it - the assertion that rejects alphanumeric-adjacent lookalikes.",# Task: Regex Lookahead for 'Not Followed By' in grep ## Objective You need to use `grep` with a negative lookahead regex pattern to find all lines containing the string `Ui.` that are **NOT** followed by the letter `L`. ## Background Stand
regex-log,5,john-kurkowski__tldextract.3d1bf184.lm_rewrite__xyp6lbg8,SWE-Smith-Seeds-Clean,5,5,2,4,looks_like_ip accepts strings with embedded newlines and malformed octets: exactly the IPv4 false-positive and anchoring failure this task punishes.,IP address validation incorrectly accepts strings with newlines and invalid formats The `looks_like_ip` function in tldextract/remote.py is incorrectly validating IP addresses. It's accepting strings that should be rejected as invalid IP ad
regex-log,6,task_06265,Terminal-Lego-15k,4,5,4,4,Debug and repair several broken complex regexes - the same iterate-against-counterexamples loop the TB2.1 task is scored on.,"# Task: Debug and Fix Complex Regular Expressions ## Description Regular expressions can become quite complex and difficult to debug due to their compact syntax and lack of whitespace. In this task, you will debug several broken regular exp"
regex-log,7,debugging_20260604_002443_003,CalibForge,4,5,4,4,A grep regex misses valid emails in the sample files; repair the single pattern until every real case is matched and no decoy is.,`/app/extract.sh` extracts email addresses from text files using grep. Run it on the provided sample files to see the output: `/app/extract.sh /app/sample1.txt /app/sample2.txt` The script misses some valid email addresses. The regex patter
regex-log,8,pyfilesystem__pyfilesystem2-396,SWE-Rebench-Tasks-Clean,4,5,2,4,An FTP listing regex false-matches when a filename contains AM or PM - the unanchored-context false positive the TB2.1 decoys are built from.,A git repository with the project this issue is about is checked out somewhere under / (commonly /<project-name>). Find it and work there. fs/_ftp_parse.py fails when parsing directory listing on NT format if folder or filename contains AM 
regex-log,9,task_06358,Terminal-Lego-15k,4,5,3,4,Explains why re.findall skips overlapping matches: the scanning rule that decides which date on a line the harness actually returns.,"# Task: Find Overlapping Matches with Regular Expressions in Python ## Description In Python's `re` module, `re.findall()` does not return overlapping matches by default. For example: ```python import re match = re.findall(r'\w\w', 'hello')"
regex-log,10,task_06089,Terminal-Lego-15k,4,5,3,4,Extend a working anchored pattern with an exclusion for specific words without breaking the rest; adding an assertion to a live regex.,# Task: Create a Regular Expression to Exclude Specific Words ## Description You need to create a regular expression pattern that matches URL-like paths while excluding specific unwanted values. ## Background You have a base regular express
reshard-c4-data,1,task_002193_2697352f,TMax-15K,5,5,5,5,"archive.py <in_dir> <archive> and extract.py <archive> <out_dir>, graded on byte-for-byte restoration of the directory under a size budget. The same inverse-pair contract.","You are a configuration management engineer for a large distributed system. Over time, the system generates thousands of slightly modified JSON configuration files, accumulating in `/home/user/configs`. Storing these naively consumes too mu"
reshard-c4-data,2,data-science_20260604_193356_006,CalibForge,5,4,5,5,Two scripts taking <input_dir> <output_dir> (created if missing) that convert nested JSON to relational form and back; invertibility is the graded property.,I need two scripts to help migrate some nested JSON data into a relational format and back. The data lives in `/app/sample_data/` — it's e-commerce JSON files where each file contains an array of customer objects. Each customer has scalar f
reshard-c4-data,3,task_001083_87ffd385,TMax-15K,5,4,4,4,"Walk a directory tree skipping symlink cycles and pack it into a chunked archive, splitting every file above a fixed byte cap; the traversal-plus-size-cap core.","We are migrating our artifact management system and need a highly performant, robust archive packer written in C. Our repositories are massive and often contain corrupted structures, including infinite symlink loops left by previous backup "
reshard-c4-data,4,task_003344_882b8d3c,TMax-15K,4,4,4,4,"Chunk files, record per-chunk digests in a manifest, then merge them back and prove the round trip is lossless; the metadata-for-reassembly problem.","You are an AI assistant helping a DevOps team manage an artifact repository for a legacy system. Your environment contains a set of raw binary artifacts and a legacy text manifest. Your goal is to curate these files, chunk the large binarie"
reshard-c4-data,5,data-science_20260617_104707_006,CalibForge,4,4,5,4,"Paired flatten/unflatten scripts over a directory of JSON files, where the inverse must recover the original nesting exactly.",I need two Python scripts for my data pipeline that convert between nested JSON and flat CSV formats: 1. **`/app/flatten.py`** — Takes a directory of JSON files and converts them to flat CSV files: - Each JSON file contains an array of obje
reshard-c4-data,6,task_12793,Terminal-Lego-15k,4,4,4,4,"Compressed format with random access: independent blocks plus an index, so any region decompresses exactly. Chunk-and-index design, the heart of resharding.",# Task: Implement a Compressed File Format with Random Access Support ## Objective Design and implement a compression utility that supports efficient random access (quasi-random seeking) within compressed files. The solution should allow de
reshard-c4-data,7,task_000591_320f1d26,TMax-15K,4,4,4,4,"Split a file into fixed-size binary chunks, gzip each and write them to an archive directory under a naming scheme; the compress half with the same size discipline.","You are a storage administrator managing disk space for a legacy system that produces massive, highly repetitive log files. We recently recovered a scanned configuration policy document located at `/app/policy.png`. This image contains cruc"
reshard-c4-data,8,file-operations_20260420_020307_003,CalibForge,4,4,4,4,"Rebuild a file from fragments whose headers carry sequence number, offset and chunk size after the manifest was lost; pure reconstruction from chunk metadata.","A distributed backup system crashed mid-operation, leaving file fragments scattered across `/app/fragments/`. Each fragment is a binary file with a custom header containing metadata about its position in the original file. The manifest file"
reshard-c4-data,9,data-science_20260606_172554_006,CalibForge,3,5,4,4,Two scripts in /app run through `uv sync` and `uv run python` against a pyproject.toml; the exact environment contract this task also grades.,I'm building a time-series ML pipeline and need two scripts. The sample data is in `/app/data/` (events.csv and labels.csv). A `pyproject.toml` with pandas and scikit-learn is already in `/app/`. Run `uv sync` then use `uv run python` to ex
reshard-c4-data,10,tw_125983,TerminalWorld-Seeds-Clean,4,5,3,4,"Create and manage a casync content-addressable archive index: chunk a directory into a store plus index, then extract it back. Reshard/unshard by another name.","Use `casync` to create and manage a content-addressable archive index. Working inside `/root/tmp/`, create a directory called `example` containing two files: `file.1` (empty) and `file.2` (with the text `Hello, world!\n`). Produce a `casync"
rstan-to-pystan,1,data-science_20260604_194036_007,CalibForge,5,4,5,5,"R script with train_X.csv/train_y.csv/test_X.csv, R forbidden to install or run, write a Python script producing numeric-only CSVs. The same task with a different estimator.","You are given an R script `/app/glmnet_analysis.R` that performs cross-validated elastic net logistic regression using the `glmnet` package, along with training data (`/app/train_X.csv`, `/app/train_y.csv`) and test data (`/app/test_X.csv`)"
rstan-to-pystan,2,data-science_20260606_172606_007,CalibForge,5,5,5,5,"Reproduce an R brms model (brms compiles to Stan) in PyMC with identical priors and sampler settings, without R; model-port-across-bindings with matching posteriors.",You are given a dataset `/app/dat.csv` containing study-level results from a meta-analysis of 15 randomized controlled trials investigating a dose-response relationship. An R script `/app/meta_analysis.R` performs a Bayesian meta-regression
rstan-to-pystan,3,data-science_20260604_002443_007,CalibForge,5,5,5,5,"Read /app/model.stan and convert it to PyMC preserving priors, likelihood and non-centred parameterisation; reading Stan source is the crux in both.","A colleague left behind a Stan model at `/app/model.stan` that needs to be converted to PyMC. The data files are at `/app/train_X.csv` (two predictors), `/app/train_y.csv` (count response), `/app/group_ids.csv` (group membership, 0-indexed)"
rstan-to-pystan,4,data-science_20260610_111012_007,CalibForge,5,5,4,4,Convert a Stan random-effects meta-regression to NumPyro; Stan-source-to-other-engine translation checked against posterior expectations.,"I have a Stan model at `/app/model.stan` for a Bayesian random-effects meta-regression. I need to convert it to run with NumPyro instead of Stan. The data is at `/app/meta_data.csv` with columns: `study`, `yi` (observed effect size), `sei` "
rstan-to-pystan,5,scientific-computing_20260610_111012_001,CalibForge,4,5,4,4,"Implement GP regression with kernel hyperparameter optimisation; the TB2.1 model is a GP whose alpha, rho and sigma are exactly these hyperparameters.","Implement a Gaussian Process (GP) regression model from scratch, following Rasmussen & Williams (2006, Chapter 2). Your implementation must include automatic hyperparameter optimization via gradient-based maximization of the log marginal li"
rstan-to-pystan,6,data-science_20260601_053159_007,CalibForge,4,4,5,4,"Port an entire R analysis to Python because R cannot run in the environment, writing numeric-only headerless CSVs at named paths.",We have an R script `/app/survival_analysis.R` that runs a survival analysis on `/app/survival_data.csv`. The production environment can't run R — we need this analyzed in Python instead. Port the entire analysis to Python using `lifelines`
rstan-to-pystan,7,pymc-devs__pymc-7637,SWE-Rebench-Tasks-Clean,4,5,2,4,"Seeded pm.sample stopped being deterministic; this is the random_seed=1 reproducibility requirement, in the PPL closest to PyStan.",A git repository with the project this issue is about is checked out somewhere under / (commonly /<project-name>). Find it and work there. Sampling with generators as seeding no longer deterministic ### Description This was revealed in http
rstan-to-pystan,8,data-science_20260509_205636_007,CalibForge,4,4,4,4,An lme4-to-statsmodels port that disagrees with the R reference coefficients; diagnosing why a faithful-looking translation gives different numbers.,A clinical trial analysis pipeline needs to be ported from R to Python. The original R code (provided as `/app/analysis_r.txt`) uses `lme4::lmer()` for a linear mixed-effects model. The Python port (`/app/analysis.py`) uses statsmodels `Mix
rstan-to-pystan,9,task_000138_e5f9026c,TMax-15K,4,5,4,4,Reshape a raw spectra file and drive a Go MCMC fitter to get the posterior of a Gaussian peak model; MCMC posterior extraction across a language boundary.,You are a data scientist analyzing astronomical spectroscopy data to find the parameters of an emission line. You have been given a raw observational dataset at `/home/user/raw_spectra.txt` and a Go program `/home/user/mcmc_fitter.go` which
rstan-to-pystan,10,task_000032_5b0167e2,TMax-15K,4,5,3,4,"Fit a Bayesian count model with a hand-written Metropolis-Hastings sampler; forces reading priors, likelihood and chain settings off a model statement.","You are a data scientist tasked with fitting a Bayesian model to count data using a custom Metropolis-Hastings Markov Chain Monte Carlo (MCMC) algorithm. To speed up the sampling, you will run multiple chains in parallel using MPI. Finally,"
sam-cell-seg,1,model-training_20260603_181444_001,CalibForge,4,5,4,4,Segmentation masks scored by IoU with a checkpoint-loading bug; closest thing in the pool to mask quality plus weight loading,We trained a semantic segmentation model and saved checkpoints during training in `/app/checkpoints/`. The evaluation script at `/app/evaluate_all.py` ranks them by mean IoU against the ground truth at `/app/targets.npy`. The IoU numbers se
sam-cell-seg,2,vanvalenlab__deepcell-tf-673,SWE-Rebench-Tasks-Clean,4,5,2,4,Cell-segmentation inference: tile/untile padding bug that empties the predicted mask - same domain and same pipeline stage,A git repository with the project this issue is about is checked out somewhere under / (commonly /<project-name>). Find it and work there. Padding removal function results in zero-size array due to slicing with [0:-0] ## Bug Report - DeepCe
sam-cell-seg,3,task_009562_91210c7c,TMax-15K,4,4,4,4,"Reconstruct the model behind a state_dict, run it, and emit schema-valid output - the load-weights-and-infer crux, strongly verified","You are a Machine Learning Engineer tasked with preparing a clean dataset, reconstructing an undocumented PyTorch model architecture, and running a reproducible inference pipeline. You have been provided with a workspace directory at `/home"
sam-cell-seg,4,data-science_20260616_094815_008,CalibForge,4,4,5,4,argparse CLI over an image plus per-feature polygons producing a CSV keyed by id; identical interface and output contract,"I have multispectral satellite imagery covering several agricultural fields and I need to assess vegetation condition across them. The data is in /app/: - `/app/imagery.tif` — a 4-band GeoTIFF in a UTM projection. The bands are Blue, Green,"
sam-cell-seg,5,model-training_20260505_093950_003,CalibForge,4,5,3,4,"Loading someone else's checkpoint whose keys are wrapped, without editing their code - the MobileSAM weight-loading trap","I have a PyTorch model checkpoint from a colleague who was experimenting with pruning. The checkpoint was saved with `torch.save(model.state_dict(), 'checkpoint.pt')` while pruning was still active. I need to load this checkpoint, fine-tune"
sam-cell-seg,6,task_007296_a67e32b2,TMax-15K,4,4,4,4,Infer architecture from a .pth and score a dataset; pinned expected values make it safe RL signal,"You are a Data Engineer managing an ETL pipeline for a recommendation system. A recent migration caused the pipeline to break, and the original code for generating item embeddings is missing. However, we have a backup of the PyTorch model w"
sam-cell-seg,7,task_005624_f322de3b,TMax-15K,4,4,4,3,"Construct the specified network, load state_dict, eval-mode CPU inference over every row - CPU-only inference discipline","You are an ML Engineer preparing training data and benchmarking a baseline model for a new mathematical optimization project. I have placed a raw dataset at `/home/user/raw_data.jsonl`, a JSON Schema at `/home/user/schema.json`, and PyTorch"
sam-cell-seg,8,data-science_20260606_172554_008,CalibForge,4,3,4,3,Containment against polygons with holes; correct polygon semantics for the polyline masks the TB task must emit,"I have three datasets describing Metro City's healthcare infrastructure: - `/app/facilities.csv` — 15 healthcare facility locations (columns: `id`, `name`, `lat`, `lon`) - `/app/boundary.geojson` — the city boundary polygon in WGS84 (EPSG:4"
sam-cell-seg,9,facebookresearch__fvcore.a491d5b9.func_basic__9v6fbo43,SWE-Smith-Seeds-Clean,4,5,2,3,Coordinate transform flips the wrong axis in Meta's own CV utility library - the xy bookkeeping that breaks mask conversion,# HFlipTransform incorrectly flips y-coordinates instead of x-coordinates ## Description The `HFlipTransform` class is incorrectly flipping the y-coordinates (vertical axis) instead of the x-coordinates (horizontal axis) when applying the t
sam-cell-seg,10,task_13495,Terminal-Lego-15k,4,4,3,3,"Localise an object in an image and be judged by IoU overlap with truth; localisation plus overlap scoring, weak but non-FREE verifier","# Task: Find Wally/Waldo in an Image Using Python ## Objective Write a Python script that can locate Wally (Waldo) in a ""Where's Wally?"" image using computer vision and/or machine learning techniques. The script should analyze an input imag"
sanitize-git-repo,1,security_20260510_062946_007,CalibForge,5,5,5,5,"Triage a scanner report over a git repo, replace real secrets with the literal <your-aws-access-key-id>-style placeholders, and purge them from git log -p --all.",Our security team ran a secret scanner on the `stellar` repository and flagged 23 potential issues. The scanner output is in `/app/scan_report.txt`. Management wants all *actual* security threats removed from both current files and git hist
sanitize-git-repo,2,security_20260430_081156_007,CalibForge,5,5,4,5,"Same placeholder taxonomy - AWS key, GitHub ghp_, HuggingFace hf_ - detected and replaced consistently across a whole tree, strongly verified",Our log aggregation system inadvertently captured sensitive credentials in application logs. The logs are stored in `/app/logs/` and include both regular `.log` files and gzipped rotated logs in the `archive/` subdirectory. Please sanitize 
sanitize-git-repo,3,security_20260416_172928_007,CalibForge,5,5,4,4,Strip credentials from the entire git history while all current files stay intact - the requirement that the secret not be present anywhere,"Our production server was compromised last week. The security team detected unusual outbound traffic and locked the server down, but we need a full incident report and the repository sanitized. The server is at `/app/server` and we've prese"
sanitize-git-repo,4,task_001329_30ac46c8,TMax-15K,5,5,4,4,"Replace AWS key values with a fixed placeholder in exactly the contaminated config files, nothing else; pinned expected content","You are a security engineer assigned to perform credential rotation and sensitive data cleanup on a web application's server. The application's configuration files are located in the directory `/home/user/app_configs/`. Recently, the old da"
sanitize-git-repo,5,security_20260509_202829_005,CalibForge,5,5,3,4,Enumerate every real secret in a repo's history while rejecting test and placeholder values - the false-positive discipline the TB task needs,"A security incident has been reported on a development repository at `/app/repo`. During a routine audit, the security team found indications that credentials may have been exposed in the repository's git history. The development team claim"
sanitize-git-repo,6,task_11504,Terminal-Lego-15k,5,5,4,4,Remove an api_keys.txt from all of git history rather than just deleting it at HEAD,# Task: Remove a Sensitive File from Git History ## Objective You have a Git repository that contains a sensitive file (`credentials/api_keys.txt`) that was accidentally committed in the past. The file has since been part of multiple merges
sanitize-git-repo,7,system-administration_20260603_181444_008,CalibForge,4,5,4,4,"Rewrite history so a tracked file never existed, with the repository still usable afterwards","The git repository at `/app/repo` is corrupted. Recover the full original commit history (4 commits), then rewrite the history to completely remove `config.ini` from all commits (as if it was never tracked), add a `.gitignore` containing `*"
sanitize-git-repo,8,tw_329715,TerminalWorld-Seeds-Clean,4,5,4,4,Undo an already-pushed commit that added secret.key; history rewrite on a published branch,Undo a mistaken commit that was already pushed to a remote Git repository. The repository at `https://github.com/jrogue/sample.git` currently has a commit that added a file called `secret.key` which should not have been pushed. Your goal is
sanitize-git-repo,9,security_20260601_053159_003,CalibForge,4,5,3,4,"Build the detector: AKIA, ghp_, github_pat_ and entropy heuristics over a directory, skipping binaries",A security audit revealed that several credentials were accidentally committed to the repository at `/app/repo/`. Your task is to create a scanner at `/app/scanner.py` that detects these secrets. The scanner should: - Recursively scan all f
sanitize-git-repo,10,task_12998,Terminal-Lego-15k,4,4,4,3,Delete only the secret-bearing rows from a history store and leave every clean row untouched - the do-not-damage-clean-files constraint,# Task: Selectively Delete Sensitive Entries from IPython/Jupyter History Database ## Description IPython and Jupyter store command history in a SQLite database. When sensitive information (like passwords) is accidentally typed into an IPyt
schemelike-metacircular-eval,1,software-engineering_20260604_002443_021,CalibForge,5,5,5,5,"A Scheme interpreter with closures, cons cells, quote/lambda/define and stdin-driven evaluation; every piece eval.scm needs, verifier strength 1.0","Write a Scheme interpreter at `/app/scheme.py` that reads Scheme expressions from stdin (one per line), evaluates them in order, and prints each result on a separate line. State persists across expressions within a single invocation. Your i"
schemelike-metacircular-eval,2,software-engineering_20260425_072438_022,CalibForge,5,5,5,5,Interpreter for an s-expression functional language with cons/car/cdr - same reader plus eval/apply construction,"# MiniLang Interpreter Implement an interpreter for MiniLang, a small functional programming language with s-expression syntax. The interpreter must be written in Python and be able to run MiniLang programs from the test files in `tests/`. "
schemelike-metacircular-eval,3,software-engineering_20260419_065313_022,CalibForge,5,4,4,4,"Write the evaluator: closures, let/letrec recursive bindings, thunks and forcing - environment-model reasoning at full depth","I'm building a lazy (call-by-need) functional language called LazyLang. The parser is done in `/app/parser.py`, but I need you to implement the evaluator. The language has: - Integers and arithmetic operators (`+`, `-`, `*`, `/`, `==`, `<`,"
schemelike-metacircular-eval,4,task_09619,Terminal-Lego-15k,5,4,4,4,"Self-hosting: write a language that interprets itself, the bootstrapping property this TB2.1 task is really testing",# Compiler Bootstrapping: Write a Self-Interpreting Language ## Background Compiler bootstrapping is a fascinating technique where a language's compiler (or interpreter) is written in the language itself. This seems paradoxical at first - h
schemelike-metacircular-eval,5,software-engineering_20260615_143301_015,CalibForge,4,5,4,4,Lisp-shaped interpreter with define/if and nil semantics; special forms plus an environment,"I need a minimal LISP interpreter. Write a C program at /app/interp.c that reads an S-expression from /app/input.lsp, evaluates it, and writes the result to /app/output.txt. The interpreter must handle: - Integer literals (e.g., 42, -7), an"
schemelike-metacircular-eval,6,software-engineering_20260604_003113_014,CalibForge,4,5,3,4,Mini Lisp in C with GC - cons cells and environment lifetimes made explicit,"I've been working on a mini Lisp interpreter in C (`/app/lisp.c`) with a mark-and-sweep garbage collector. The interpreter works fine for small programs — arithmetic, closures, recursion all seem correct. But whenever I try to run anything "
schemelike-metacircular-eval,7,software-engineering_20260601_053159_008,CalibForge,4,5,3,4,Repair an s-expression reader that mishandles malformed input; eval.scm must parse .scm text itself,"I've been making some changes to my Lisp interpreter, but I seem to have introduced a regression in the parser. Some malformed input that should be rejected is being silently parsed incorrectly. For example, the expression `(+ 2a)` is being"
schemelike-metacircular-eval,8,software-engineering_20260610_112157_021,CalibForge,4,3,5,4,Implement a complete interpreter in a weak host language reading the program file plus stdin - the same constrained self-contained-interpreter exercise,"Write a Brainfuck interpreter as a shell script (`/app/bf`). The interpreter must read Brainfuck source from a file specified as the first argument and execute it. The interpreter must support the standard 8 Brainfuck commands: `> < + - . ,"
schemelike-metacircular-eval,9,software-engineering_20260418_190236_022,CalibForge,4,5,3,3,Recursive binding through letrec broken in an evaluator; the exact bug a hand-written eval hits on recursive define,"The Scheme interpreter in `/app/scheme.py` has a bug in its `letrec` implementation. When you try to define recursive functions using `letrec`, they fail because the function can't reference itself during definition. For example, this progr"
schemelike-metacircular-eval,10,task_009887_3b3d8380,TMax-15K,4,3,4,3,Read and repair an interpreter for a custom language in C until its tests pass; interpreter-semantics debugging,"You are tasked with fixing and orchestrating tests for a mathematical graph interpreter written in C. The project, located at `/home/user/calcgraph`, is a simple interpreter that reads a custom mathematical dependency language (""CalcGraph"")"
sparql-university,1,data-querying_20260617_104707_001,CalibForge,5,5,5,5,"SPARQL over a Turtle ontology of employees and departments, saved to /app/solution.sparql, with DISTINCT counts and a multi-hop criterion - the same task in a different domain","A Turtle RDF file at `/app/company.ttl` describes a company's organizational structure with employees, departments, skills, and projects. The ontology uses the `http://example.org/ontology/` namespace (prefix `org:`). Each employee has: - `"
sparql-university,2,task_002880_220861be,TMax-15K,5,5,4,4,Repair a SPARQL query whose missing join explodes results and add GROUP BY aggregation over employees and departments,"You are a data analyst troubleshooting a reporting pipeline. In your home directory (`/home/user`), there is an RDF dataset named `data.ttl` containing information about employees, their salaries, and the departments they work in. There is "
sparql-university,3,task_002912_e1cb19ea,TMax-15K,5,5,4,4,Write a valid SPARQL graph-pattern query from scratch; the query text is the deliverable,You are a data engineer building an ETL pipeline to migrate and analyze knowledge graph data. You have been provided with an N-Triples file located at `/home/user/graph.nt` containing social network data. The relations included are `<follow
sparql-university,4,data-querying_20260604_144210_001,CalibForge,4,3,5,4,Declarative query saved to a file that keeps only groups above a count threshold - the >10-enrolled-students clause,The analytics team left a mess in `/app/` and I need to pick up where they left off. There are several CSV files with e-commerce data from 2023: - `orders.csv` — all customer purchases - `customers.csv` — customer accounts - `products.csv` 
sparql-university,5,task_002724_89ace20f,TMax-15K,4,5,4,4,Infer an unfamiliar Turtle schema and then query it - this TB task also gives you only the .ttl to learn the ontology from,You are a database administrator tasked with optimizing and analyzing a semantic knowledge graph. We have an RDF dataset of academic papers and their citation relationships located at `/home/user/graph.ttl`. Your task is to analyze this sch
sparql-university,6,data-querying_20260511_015840_001,CalibForge,4,4,4,4,Aggregate over an employee/manager/department model into a single saved query,"The HR analytics team has exported the employee database to `/app/employees.csv` for budget analysis. The dataset includes employee IDs, names, manager IDs, salaries, and departments. Write a SQLite query saved to `/app/budget_analysis.sql`"
sparql-university,7,data-querying_20260604_193356_001,CalibForge,4,3,5,4,Validity filtering against a fixed 'today' date inside a saved solution query,"We need to figure out what our products actually cost us to build. The manufacturing database is at `/app/manufacturing.db` (SQLite). It tracks our parts, how they go together into products, which suppliers we buy from, and what they charge"
sparql-university,8,task_004227_00e8d97f,TMax-15K,4,5,3,3,rdflib plus SPARQL to trace multi-hop relationships in an access graph,You are assisting a compliance officer in auditing system access records. The company's access control data and organizational structure are stored in an RDF graph file at `/home/user/access_graph.ttl`. According to our strict Separation of
sparql-university,9,data-querying_20260510_054909_001,CalibForge,4,3,4,3,Recursive traversal with cycle exclusion expressed declaratively; the hardest join reasoning in the SQL family,"The manufacturing database at `/app/manufacturing.db` contains a bill of materials (BOM) with three tables: - `bom(parent_id, child_id, quantity)` — defines component relationships - `parts(part_id, part_name, unit_cost)` — part metadata - "
sparql-university,10,task_001641_fc8cebd5,TMax-15K,3,5,3,3,"Query a Turtle file with Jena's sparql CLI; same language, and the query must be written by hand","You are a Database Reliability Engineer (DBRE) analyzing a database lock snapshot to resolve concurrency issues. As part of managing backups, you took a snapshot of the current transaction lock graph, which is represented in an RDF format ("
sqlite-db-truncate,1,file-operations_20260604_004411_003,CalibForge,5,5,5,5,"Damaged SQLite header inside a raw dump, standard tools refuse it, recover surviving rows into a JSON array of column objects","A lab recovered a raw sector dump from a failing disk. The file at `/app/research.db` contains their SQLite database somewhere inside, surrounded by unrelated binary data and log text. The database header is damaged — standard tools can't o"
sqlite-db-truncate,2,file-operations_20260605_015435_002,CalibForge,5,5,5,5,"Parse the raw SQLite file, reconstruct records from its pages, emit JSON with correct column names and types",A SQLite database at `/app/data.db` had several records accidentally deleted from its `employees` table. The `employees` table uses `INTEGER PRIMARY KEY` for its `id` column (making it an alias for the rowid) and has several additional colu
sqlite-db-truncate,3,file-operations_20260509_020109_004,CalibForge,5,5,4,4,"Walk leaf table B-tree pages, freeblocks and unallocated space to rebuild records - the page-and-cell knowledge a truncated file forces","A SQLite database file `evidence.db` was recovered from a suspect's device. Standard SQL queries show normal corporate chat messages, but intelligence suggests the suspect may have deleted sensitive communications before the device was seiz"
sqlite-db-truncate,4,task_008984_b55fbdb7,TMax-15K,4,5,4,4,Repair the destroyed SQLite magic header so the file parses again; direct knowledge of the header layout,"You are an engineer investigating a catastrophic failure in a long-running data ingestion service. The service crashed due to an Out-Of-Memory (OOM) error (a memory leak), leaving behind a corrupted SQLite database. You have three objective"
sqlite-db-truncate,5,data-processing_20260605_015435_001,CalibForge,4,5,4,4,A .db that will not open: recover as much as possible and report it - the same maximise-recovered-rows objective,"The company database at `/app/corrupt.db` has been damaged and cannot be opened. It contains employee records, project data, and staffing assignments. Recover as much data as possible from the damaged database and create a clean, working co"
sqlite-db-truncate,6,data-processing_20260611_205750_001,CalibForge,4,5,4,4,Partially corrupted SQLite where one table errors out; reassemble a complete database from surviving pages and an export,Our order management database at `/app/corrupted.db` has become partially corrupted — queries against the `orders` table fail with database errors. We have a CSV export of the orders table (`/app/orders_export.csv`) that was taken before th
sqlite-db-truncate,7,task_001082_55de7c66,TMax-15K,4,5,3,4,"Fix a SQLite WAL recovery tool in C - same file format, same recover-what-is-there goal","I'm debugging a failing build for our custom SQLite WAL recovery tool, and I need your help to fix it. Our source code in `/app/src/recover.c` currently fails to compile due to some missing logic and syntax errors introduced by a junior dev"
sqlite-db-truncate,8,data-processing_20260615_143956_004,CalibForge,4,3,4,4,Truncation leaves a partial final record: keep every complete one and drop only the incomplete tail,"A data export pipeline crashed while writing a compressed CSV file. The file at `/app/export_data.csv.gz` is a corrupted gzip archive — the download was interrupted, so the gzip stream is truncated and missing its footer. The decompressed c"
sqlite-db-truncate,9,software-engineering_20260604_003814_006,CalibForge,4,3,4,4,Validate binary records against a documented layout and keep only those that reconstruct cleanly,"A binary database file at `/app/db.dat` has been partially corrupted — a storage fault flipped some bytes across a number of records. `/app/reader.py` is supposed to read this database, validate each record's integrity, and write out only t"
sqlite-db-truncate,10,d0c-s4vage__pfp-126,SWE-Rebench-Tasks-Clean,4,3,2,3,Binary-template interpreter reading typed records in a while(!FEof()) loop - the cell-by-cell read-until-you-run-out pattern,A git repository with the project this issue is about is checked out somewhere under / (commonly /<project-name>). Find it and work there. Implicit (duplicate) arrays aren't working if not accessed as a struct/union's child ## Describe the 
sqlite-with-gcov,1,system-administration_20260509_111805_001,CalibForge,5,5,5,5,"Build SQLite from source as a shared library with named compile-time features enabled; same binary, same flag crux, strong pinned tests.","A Python application in `/app/search_app/` requires SQLite with FTS5 full-text search, JSON1 functions, and the ability to load external SQLite extensions. The system Python's bundled sqlite3 module lacks these capabilities. Build SQLite 3."
sqlite-with-gcov,2,system-administration_20260414_080620_001,CalibForge,5,5,5,5,SQLite 3.45 built with a specified option set and installed to a prefix; differs from the TB2.1 task only in which flags are required.,"Build SQLite (version 3.45.0) from source with the following compile-time options enabled: FTS5 (full-text search), RTREE (spatial indexing), DBSTAT virtual table, math functions, UPDATE/DELETE with LIMIT clause support, and column metadata"
sqlite-with-gcov,3,software-engineering_20260508_161717_002,CalibForge,4,5,5,4,Compile the SQLite amalgamation with production compile-time options into a named build dir; direct practice at sqlite build macros.,"Build SQLite 3.53.1 from the official amalgamation source with production-ready compile-time options. Download the source from sqlite.org, extract to `/app/sqlite-build`, and compile with the following requirements: **Compile-time options t"
sqlite-with-gcov,4,software-engineering_20260513_205011_001,CalibForge,4,5,5,4,Build the SQLite shell from amalgamation sources with readline linked in; extra-library link flags are the whole difficulty.,"Build a custom SQLite command-line shell from the official amalgamation source with readline support enabled. The SQLite amalgamation (sqlite3.c, sqlite3.h, shell.c) is available at https://www.sqlite.org/download.html under ""amalgamation""."
sqlite-with-gcov,5,task_005220_4fbd47df,TMax-15K,4,5,4,4,Repair a broken Makefile.in in a vendored sqlite-autoconf tree and build sqlite3 offline; same source layout this TB2.1 task ships.,You are acting as a Database Administrator optimizing a data extraction pipeline. Your team relies on a custom-compiled version of SQLite3 to process graph datasets (nodes and edges exported as CSV files) to compute relationship mappings. H
sqlite-with-gcov,6,software-engineering_20260415_094424_001,CalibForge,4,5,5,4,Produce libsqlite3.so plus the sqlite3 shell with extension loading enabled and install both into standard locations.,Build SQLite from the official amalgamation source with extension loading enabled. Download the SQLite amalgamation (version 3.45.0 or later) from sqlite.org and extract it to `/app/sqlite-src/`. Build the following: 1. A shared library `li
sqlite-with-gcov,7,task_004618_d562309e,TMax-15K,4,5,4,4,Vendored SQLite build deliberately crippled to disable features; must locate the perturbation and restore the right compile-time options.,"I need you to process a large hierarchical sales dataset using SQLite, but we are working in an isolated environment. I've provided the source code for SQLite in `/app/sqlite-src-3410200`. Your goals are to: 1. Fix and compile the vendored "
sqlite-with-gcov,8,task_000423_4dba82f4,TMax-15K,4,3,4,4,"Fix Makefile.am, rerun autoreconf -i, then ./configure and make a vendored tarball; the autotools regeneration path a gcov build needs.","You are acting as a Site Reliability Engineer responsible for monitoring network uptime. We have a locally vendored copy of `fping` that we need to use for our custom internal monitoring pipeline, but the build process is currently broken. "
sqlite-with-gcov,9,system-administration_20260604_193056_009,CalibForge,4,3,5,4,"Modify source, rebuild strace with an optional feature compiled in, and make it available on PATH; build-flag plus PATH exposure, strongly tested.","Modify the pre-vendored strace source at /app/vendor/strace-6.12.tar.xz so that its `--version` output includes the exact string ""CUSTOM BUILD"" immediately after the version number. Build the modified source in /app/strace with stack trace "
sqlite-with-gcov,10,task_003681_791f36e3,TMax-15K,4,5,3,4,Vendored SQLite amalgamation fails to link for one missing flag; teaches tracing a link error back to the flag that fixes it.,"You are a data engineer responsible for a graph-processing ETL pipeline. The pipeline computes the shortest path from a specific root node (`node_0`) to all other reachable nodes in a directed graph using SQL recursive CTEs. Recently, our i"
torch-pipeline-parallelism,1,software-engineering_20260414_211532_023,CalibForge,4,5,4,4,Multi-process torch training under torchrun with gradient checkpointing breaks; same 2-rank harness and same reason-about-backward-across-processes crux.,"The file `/app/train.py` implements a multi-task distributed training script using PyTorch DDP with gradient checkpointing enabled. When running the script with `torchrun --nproc_per_node=2 train.py`, it fails with a `RuntimeError` during t"
torch-pipeline-parallelism,2,software-engineering_20260508_045740_023,CalibForge,4,5,3,4,Force accumulated microbatch training to equal full-batch training; directly teaches the scale-loss-by-microbatch-count rule this spec demands.,I'm training a small causal language model using gradient accumulation to simulate larger batch sizes. The training script in `/app/train.py` is supposed to be mathematically equivalent whether I use a full batch or accumulate gradients ove
torch-pipeline-parallelism,3,software-engineering_20260414_080620_023,CalibForge,4,5,3,4,"Model parameters diverge across ranks with no error raised; trains the habit of checking cross-rank agreement, which pipeline stages need.","A distributed training pipeline in `/app/train.py` is producing divergent model parameters across workers. The script uses PyTorch's DistributedDataParallel (DDP) for multi-process training. The training runs without errors, but the model w"
torch-pipeline-parallelism,4,model-training_20260604_193056_002,CalibForge,4,4,4,4,Implement forward and backward passes by hand without autograd; the chain-rule reasoning for passing grads back over a stage boundary.,"Implement a 2-layer neural network from scratch using only NumPy and train it on `/app/data.csv` (300 samples, 5 features, binary labels). No autograd, no PyTorch/TensorFlow — you must implement the forward and backward passes manually. You"
torch-pipeline-parallelism,5,machine-learning_20260508_180627_002,CalibForge,4,5,3,4,Prove and fix gradient equivalence between one big batch and accumulated microbatches; strong pinned tests on the exact normalisation rule.,"Gradient accumulation should be mathematically equivalent to training with a larger batch size. When training a language model with `batch_size=8` (full batch) versus `batch_size=2, gradient_accumulation_steps=4` (accumulated), the loss val"
torch-pipeline-parallelism,6,software-engineering_20260420_020307_023,CalibForge,4,5,3,4,"DDP with gradient checkpointing crashes when one model runs several forwards per step; multi-forward-then-backward scheduling, as AFAB does.",The distributed training script at `/app/train.py` crashes when running with 2 processes using PyTorch's `torch.multiprocessing.spawn`. The script uses DistributedDataParallel (DDP) with gradient checkpointing enabled for a multi-task learn
torch-pipeline-parallelism,7,model-training_20260415_182321_003,CalibForge,4,4,3,3,"A wrong hand-written backward shows up only as slow convergence; teaches verifying a manual gradient against a reference, which this test does.","I have a PyTorch model that uses a custom activation function with a hand-written backward pass. The model trains without errors, but loss convergence is much slower than expected compared to using standard activations. I suspect the gradie"
torch-pipeline-parallelism,8,model-training_20260514_011125_001,CalibForge,3,5,3,3,Debug embedding shape mismatches under 8-way tensor parallelism; the only model-sharded-across-ranks task anywhere in the pool.,A distributed training job keeps failing during model initialization. The error logs mention tensor shape mismatches in the embedding layer. The training setup uses 8-way tensor parallelism (splitting the model across 8 GPUs). The model con
torch-pipeline-parallelism,9,task_002734_fc612574,TMax-15K,3,2,3,3,Partition a large structure into roughly balanced sub-domains for parallel workers; the balanced-layer-split decision that opens this TB2.1 task.,You are a performance engineer tasked with optimizing a critical data processing step in our computational fluid dynamics (CFD) pipeline. We have a massive simulation mesh stored in HDF5 format (`/home/user/mesh_data.h5`). The mesh needs to
torch-pipeline-parallelism,10,task_000032_5b0167e2,TMax-15K,3,2,3,3,Distribute work across mpi4py ranks and recombine per-rank results into one verified answer; rank/world_size decomposition with a numeric check.,"You are a data scientist tasked with fitting a Bayesian model to count data using a custom Metropolis-Hastings Markov Chain Monte Carlo (MCMC) algorithm. To speed up the sampling, you will run multiple chains in parallel using MPI. Finally,"
torch-tensor-parallelism,1,model-training_20260508_045557_002,CalibForge,5,5,4,4,Physically slice weight and bias tensors along the channel dimensions and rebuild layers so outputs are unchanged; the sharding operation itself.,"I have a PyTorch CNN model that was pruned using `torch.nn.utils.prune.ln_structured()`. The pruning code removed ~30% of channels from each convolutional layer, but I've learned that PyTorch's pruning only zeros out weights—it doesn't actu"
torch-tensor-parallelism,2,model-training_20260514_011125_001,CalibForge,4,5,3,4,"Debug an embedding shape mismatch under 8-way tensor parallelism; the only task in the 76,786 pool that is explicitly about tensor parallelism.",A distributed training job keeps failing during model initialization. The error logs mention tensor shape mismatches in the embedding layer. The training setup uses 8-way tensor parallelism (splitting the model across 8 GPUs). The model con
torch-tensor-parallelism,3,model-training_20260604_003113_003,CalibForge,4,5,4,4,Map a trained master weight set onto an architecture whose layer shapes differ; the tensor-layout reasoning a column/row split demands.,"A colleague trained a CNN classifier (call it ""V1"") and saved the trained weights in `/app/v1_weights.pt`. They then refactored the architecture into ""V2"" (defined in `/app/model.py`), but never got around to porting the trained weights ove"
torch-tensor-parallelism,4,model-training_20260604_193056_002,CalibForge,4,4,4,4,"Derive and implement forward and backward by hand with no autograd; these tests grade weight and bias gradients, not just outputs.","Implement a 2-layer neural network from scratch using only NumPy and train it on `/app/data.csv` (300 samples, 5 features, binary labels). No autograd, no PyTorch/TensorFlow — you must implement the forward and backward passes manually. You"
torch-tensor-parallelism,5,model-training_20260610_112157_003,CalibForge,4,5,4,4,"Rebuild a torch model from raw per-layer weight arrays and a config, getting every transpose right so outputs match the original.",A colleague exported model weights from a TensorFlow training run before leaving the team. The weights are in `/app/weights/` as individual `.npy` files with a `model_config.json` describing the architecture. Your task: 1. Reconstruct the e
torch-tensor-parallelism,6,task_13171,Terminal-Lego-15k,4,4,4,4,Reimplement nn.LSTM as an explicit LSTMCell loop sharing weights and prove numerical equality; rebuild-a-module-and-match-the-reference.,# Task: Demonstrate the Relationship Between PyTorch LSTM and LSTMCell ## Objective Write a Python script that demonstrates the equivalence and differences between PyTorch's `nn.LSTM` and `nn.LSTMCell` modules. You must prove that an `nn.LS
torch-tensor-parallelism,7,software-engineering_20260604_003113_023,CalibForge,4,5,5,4,"Implement an MoE layer with router and experts into a named file from a precise spec; closest task_form match, a parallel transformer module from signature.","Create `/app/moe.py` and implement a Mixture of Experts (MoE) layer for transformer models using PyTorch. The MoE layer replaces a standard feed-forward network with multiple ""expert"" FFNs and a learned router that assigns each token to a s"
torch-tensor-parallelism,8,task_001030_45a9959c,TMax-15K,4,3,4,4,Reimplement a linear projection layer from scratch and validate its output against the reference model; exact affine-layer arithmetic.,"You are a machine learning engineer tasked with preparing a training data pipeline for a speech-to-intent model. This involves setting up the environment, extracting tabular features from audio transcripts, and reconstructing an undocumente"
torch-tensor-parallelism,9,software-engineering_20260414_211532_023,CalibForge,3,5,3,3,Multi-process torch training under torchrun breaks; supplies the rank/world_size harness experience these world_size 1/2/4 tests assume.,"The file `/app/train.py` implements a multi-task distributed training script using PyTorch DDP with gradient checkpointing enabled. When running the script with `torchrun --nproc_per_node=2 train.py`, it fails with a `RuntimeError` during t"
torch-tensor-parallelism,10,task_009562_91210c7c,TMax-15K,3,4,4,3,Rebuild an undocumented torch model from the shapes of its saved weights; same shape reasoning used to pick a split axis.,"You are a Machine Learning Engineer tasked with preparing a clean dataset, reconstructing an undocumented PyTorch model architecture, and running a reproducible inference pipeline. You have been provided with a workspace directory at `/home"
train-fasttext,1,model-training_20260416_172928_004,CalibForge,5,5,5,5,"Train a fasttext classifier on review data under a hard size ceiling while clearing an accuracy floor - the same skill/domain/task_form as this TB2.1 task, tighter numbers.",Train a fasttext text classification model on the product review data in `/app/data/train.txt`. The final model must be **under 1MB** in size but achieve at least **0.75 accuracy** on a private test set of product reviews from the same dist
train-fasttext,2,model-training_20260510_053611_004,CalibForge,5,5,5,5,Train Word2Vec on text8 under a 25MB ceiling while clearing an accuracy floor; the embedding-size-versus-quality trade-off this task turns on.,Please train a word embedding model using gensim's Word2Vec on the text8 Wikipedia corpus in /app/data/text8. The final model must be under 25MB while achieving at least 0.25 accuracy on the Google word analogy test set. The model should be
train-fasttext,3,machine-learning_20260618_093107_001,CalibForge,4,5,4,4,"Build fastText 0.9.2 from source and train a supervised classifier on real review-style text; same binary, same supervised workflow.",Build Facebook's fastText library (version 0.9.2) from source and train a supervised text classifier on the cooking.stackexchange dataset. Extract the fastText source code to /app/fastText and compile the `fasttext` binary within that direc
train-fasttext,4,model-training_20260511_150433_004,CalibForge,4,3,5,4,"Reach 88% on a private test set with the saved model under 15MB; the identical two-constraint optimisation, different modality.","Train a classifier on the Covertype dataset (in `/app/data/`) with a strict size constraint: the saved model must be under 15MB while achieving at least 88% accuracy on a private test set from the same distribution. The dataset has 60,000 s"
train-fasttext,5,machine-learning_20260615_143301_001,CalibForge,4,5,4,4,"Build fastText and train a classifier from label+text CSVs, including converting the data into fastText's __label__ input format.","Build the fastText library from source (/app/fasttext) and train a text classifier. Training and test data are at /app/train.csv and /app/test.csv (CSV format, label+text). The data needs preprocessing before fastText can use it - inspect t"
train-fasttext,6,model-training_20260415_002933_004,CalibForge,4,4,5,4,Distil a text classifier into a student under 50MB that still meets an accuracy floor; compression used deliberately to meet a byte budget.,I have a trained teacher model for text classification on sentiment data and need to compress it using knowledge distillation. The final student model must be under 50MB and achieve at least 85% accuracy on the test set. The teacher model i
train-fasttext,7,machine-learning_20260605_015435_001,CalibForge,4,5,4,4,Repair fastText's build errors then train on AG News; covers the obstacle most likely to block this TB2.1 task before training starts.,I need to build the fastText library (version 0.9.2) from source and train a text classifier on the AG News dataset. The build is failing with compilation errors on this system and I haven't been able to get it working. Here's what I need: 
train-fasttext,8,model-training_20260508_045740_004,CalibForge,4,3,5,4,Train a classifier that must fit under 5MB for an edge device; teaches trading model capacity for bytes on purpose.,"I need to deploy a classification model on a resource-constrained edge device. The device has limited storage, so the final model must be under 5MB. The training data is in `/app/data/train.csv` with 25 features and a `target` column contai"
train-fasttext,9,task_13481,Terminal-Lego-15k,4,5,3,4,"Implement negative sampling for skip-gram; fastText's actual training objective, which is what dim, epoch and lr are really controlling.",# Task: Implement Negative Sampling for Word2Vec Skip-Gram Model ## Background Negative sampling is a training technique used in Word2Vec that makes the training process more computationally efficient. Instead of updating all weights in the
train-fasttext,10,task_001191_5d4f858c,TMax-15K,3,5,3,4,"A vendored fastText that will not build must be fixed before its text classifier can run; same library, same first obstacle.",I need you to fix a broken data cleaning pipeline. We use a pre-trained model to filter out noisy text rows before they hit our database. The previous engineer vendored a custom version of our text classification library at `/app/fastText`.
tune-mjcf,1,scientific-computing_20260604_003814_008,CalibForge,5,4,5,5,"Make a slow numerical simulation hit a wall-clock target while error stays under 1e-8, iterating with a provided eval.py; same task shape, same harness.",The 1D heat equation solver at `/app/simulate.py` is too slow and not accurate enough. It uses an explicit finite difference method that takes over 10 seconds and doesn't meet the required precision. Make it run in under 2 seconds with erro
tune-mjcf,2,optimization_20260604_003113_001,CalibForge,5,3,5,4,Output must match the baseline exactly and the implementation must be 20x faster; the speed-plus-equivalence pairing this TB2.1 task grades.,`dbscan_baseline.py` contains a correct (but slow) DBSCAN implementation. `dbscan_fast.c` is a C extension that compiles and runs but produces output that doesn't match the baseline and isn't fast enough. `dbscan_fast.py` is a thin wrapper.
tune-mjcf,3,scientific-computing_20260616_094815_001,CalibForge,4,5,3,4,Fix an adaptive-step DOPRI5 integrator's error control; step size against tolerance is the MJCF timestep and solver-tolerance decision.,"I've been working on an adaptive-step ODE solver using the Dormand-Prince 5(4) method (DOPRI5), but I can't get it working correctly. The solver is in `/app/dopri5.py`. I need you to debug and complete it. Here's what's wrong: - For some OD"
tune-mjcf,4,scientific-computing_20260508_204815_008,CalibForge,4,5,3,4,Constrained rigid-body MD drifts in energy under velocity-Verlet plus SHAKE; the same constrained-integrator machinery MuJoCo runs.,"I'm running a molecular dynamics simulation with constrained bonds (SHAKE algorithm), but I'm seeing excessive energy drift over time. The simulation uses velocity-Verlet integration, which should be symplectic and conserve energy well for "
tune-mjcf,5,scientific-computing_20260610_111012_008,CalibForge,4,4,5,4,Reach 100x faster while matching a reference to rtol 1e-12; forces optimisation that cannot be bought with accuracy.,The electrostatic potential computation at `/app/potential.py` has two problems: 1. It's way too slow — the nested Python loops can't handle the system sizes I need (hundreds of charges and evaluation points). 2. The results are wrong — I n
tune-mjcf,6,task_000396_2ead682a,TMax-15K,4,4,4,4,"Profile and validate a physics engine's numerical integrators; timing measurement and numerical validation of a simulator, together.",You are a performance engineer working on the core physics engine for a new simulation software. We are currently profiling and validating our numerical integrators against real-world data. We have a test fixture in the form of a video reco
tune-mjcf,7,optimization_20260612_191200_001,CalibForge,4,3,5,4,Speed up a kernel whose existing fast path sacrifices accuracy; the speed-versus-numerical-fidelity judgement this task is built on.,The RBF kernel computation in my SVM training pipeline is a bottleneck. The current NumPy implementation in `kernel_baseline.py` uses the binomial expansion trick (`||x-y||² = ||x||² + ||y||² - 2x·y`) and BLAS — it's already quite fast. I n
tune-mjcf,8,scientific-computing_20260429_103257_003,CalibForge,4,5,3,4,Cut energy drift in an N-body simulation by choosing integrator and step size; physics fidelity as the constraint on a config change.,"I'm simulating a close binary star system with circumbinary planets, but the simulation is showing unacceptable energy drift (~4% over the run). Energy conservation is critical for this project - I need the drift to be below 1e-6 relative. "
tune-mjcf,9,task_000211_b569407c,TMax-15K,4,2,5,4,Must hit at least 3.0x over the baseline while output stays identical; the cleanest TMax instance of speed-target-with-equivalence.,You are a forensics analyst responding to a compromised host. We recovered a screen capture of the attacker's exfiltration process in a video file at `/app/surveillance.mp4`. The attacker encoded their authentication token as a sequence of 
tune-mjcf,10,scientific-computing_20260510_005520_008,CalibForge,4,4,5,4,"A physical-system BVP solve is too slow and must meet a time target without losing accuracy; optimise a solver's configuration, not its physics.",The thermal analysis code at `/app/fuel_rod_analysis.py` computes the steady-state temperature distribution in cylindrical nuclear fuel rods using SciPy's boundary value problem solver. Currently the simulation fails to converge for certain
video-processing,1,video-processing_20260604_144210_001,CalibForge,5,5,5,5,"Track each vehicle across frames from a fixed camera, derive a metric, write TOML to /app: same template, same tracking crux.",Write a script named `speed_tracker.py` and place it at `/app/speed_tracker.py`. The script analyzes traffic monitoring videos and measures the speed of each vehicle. An example video is provided at `/app/example_video.mp4` for development 
video-processing,2,video-processing_20260603_181444_001,CalibForge,5,5,5,5,Static-camera motion events with exact start/end/peak frames; the jump takeoff/land problem with multiple events.,Write a script named `motion_detector.py` and place it in `/app/motion_detector.py`. The script analyzes video files from a fixed security camera and detects motion events — periods where something moves in the frame. There's a test video a
video-processing,3,task_000113_8a2ee560,TMax-15K,5,4,3,4,Tracks a single moving object's Y centre per frame with cv2 then reasons about its kinematics.,"You are an AI assistant helping a physics researcher analyze an experimental video of a falling mass. The researcher needs a fully automated Bash-based pipeline to process the video, extract kinematic data, perform numerical and statistical"
video-processing,4,video-processing_20260508_045920_001,CalibForge,4,5,5,4,Cut detection where a naive frame-difference threshold is stated to fail; forces robust-statistic threshold design.,Write a script named `scene_detector.py` and place it in `/app/scene_detector.py`. The script analyzes MP4 videos and detects hard scene cuts (shot boundaries). A naive approach using a simple threshold on frame differences will fail becaus
video-processing,5,video-processing_20260417_112147_001,CalibForge,4,5,5,4,Frame-anomaly detection with timestamps and 11 pinned assertions; best-verified frame-event task available.,"Write a script, named `video_anomaly_detector.py`, and place it in `/app/video_anomaly_detector.py`. The script analyzes surveillance camera video files to detect quality anomalies that indicate equipment malfunction or signal issues. ## Re"
video-processing,6,task_005228_4c636013,TMax-15K,5,4,4,4,Motion/brightness thresholding over frames to count discrete events; same event-segmentation-from-video crux.,You are acting as a capacity planner for our data center. We need to analyze both physical access patterns and server resource utilization logs to plan our next infrastructure expansion. There are three main parts to this task: 1. **Storage
video-processing,7,video-processing_20260419_065313_001,CalibForge,4,5,4,4,Estimating inter-frame motion and separating wanted from unwanted motion; the motion-estimation half of jump detection.,Write a script named `video_stabilizer.py` and place it in `/app/video_stabilizer.py`. The script stabilizes shaky MP4 videos by removing unwanted camera motion. An example shaky video is provided at `/app/example_shaky.mp4`. ## Dependencie
video-processing,8,video-processing_20260429_103257_001,CalibForge,3,5,5,4,Frozen/scene frame classification with pinned expectations; frame-difference metric design on MP4s.,Write a Python script named `video_quality_analyzer.py` that detects video quality issues in MP4 files. The script should be placed in `/app/video_quality_analyzer.py`. The script analyzes videos to identify three types of quality issues: 1
video-processing,9,task_005184_470a6a5e,TMax-15K,3,4,4,3,"Robust per-frame scan of an MP4 for a visual marker, generalising past the example video.","You are the site administrator for a platform that requires users to upload video verifications to create accounts. Recently, malicious actors have been spoofing the verification process. We have noticed that the spoofing software they use "
video-processing,10,task_001922_6cf7ce11,TMax-15K,4,4,3,3,Extracts physical motion structure (DMD modes) from high-speed camera footage pixel time-series.,"You are assisting a computational physics researcher analyzing structural vibrations from high-speed camera footage. The analysis pipeline uses Dynamic Mode Decomposition (DMD) to extract the primary modes of vibration. However, the automat"
vulnerable-secret,1,security_20260416_031414_008,CalibForge,5,5,5,5,Analyze an auth_service binary and extract a hardcoded key to a file; the TB2.1 task almost verbatim.,A legacy authentication service has been deployed as a binary at `/app/auth_service`. The service contains a hardcoded master key used for internal authentication. Your task is to analyze the binary and extract the master key. The key is st
vulnerable-secret,2,task_006556_1963d425,TMax-15K,5,5,5,5,"Extract a hardcoded, prefixed secret key from an ELF binary; identical crux with a strong verifier.",You are a security auditor investigating a potential backdoor in a custom network utility. You have been provided with a compiled ELF binary located at `/home/user/bin/network-diagnostic`. This binary is suspected to contain a hardcoded sec
vulnerable-secret,3,tw_383451,TerminalWorld-Seeds-Clean,5,5,5,5,Reverse-engineer a crackme binary to extract its password using static or dynamic analysis.,Reverse-engineer the Linux crackme binary at `/data/Crackme-Monologix-Linux` to discover its correct password. Analyze the binary using whatever static or dynamic techniques you find appropriate to extract the expected password from the pro
vulnerable-secret,4,security_20260617_104707_008,CalibForge,5,5,5,5,"Reverse a checker service, connect over a socket, and recover the FLAG{...} password.","A password verification service can be started on this system. The binary is at `/app/checker` and a startup script exists at `/app/start.sh`. When running, the service listens on localhost port 4444 — connect to it, send a password, and it"
vulnerable-secret,5,task_000178_625bd3e7,TMax-15K,5,5,5,5,Reverse validator.elf to recover a backdoor secret and passcode; fully-pinned strong verifier.,You are a security auditor investigating a compromised system. The incident response team has recovered an intercepted audio transmission at `/app/intercepted.wav` and a suspicious compiled binary at `/app/validator.elf`. Your objective is 
vulnerable-secret,6,security_20260611_112034_008,CalibForge,5,5,5,5,Interact with an auth_server binary to determine the 32-char hex secret it uses; oracle-style extraction.,"An authentication server binary is located at `/app/auth_server`. Start it (it listens on `localhost:4444`), then determine the 32-character hexadecimal secret key it uses to authenticate requests. The server accepts a credential string and"
vulnerable-secret,7,tw_289006,TerminalWorld-Seeds-Clean,5,5,4,5,Reverse three crackme binaries to discover their passwords; strong verifier.,"Three crackme binaries (`1stcrackme`, `2ndcrackme`, `3rdcrackme`) are located in `/app/Crackit-GCI/`. Each binary prompts for or accepts a password — reverse-engineer all three to discover their passwords. The first two binaries store their"
vulnerable-secret,8,task_009272_c6ca7bd4,TMax-15K,5,5,4,5,"Reverse token_check to recover its embedded secret and checksum algorithm, then forge a token.",You are acting as a security researcher analyzing a simulated authentication service. There is a binary located at `/home/user/token_check`. This binary validates authentication tokens for users. It takes two arguments: a username and a tok
vulnerable-secret,9,security_20260502_090008_008,CalibForge,5,5,5,5,Analyze a running echo_service binary and find a way to extract the flag; direct match.,A binary service is running on the system. The service reads user input and echoes it back. Analyze the binary to understand its behavior and find a way to extract the flag. The binary is located at `/app/echo_service`. You have access to s
vulnerable-secret,10,security_20260604_003814_008,CalibForge,5,5,4,5,Exploit a format-string bug in an auth binary to leak the authorization code; strong verifier.,A binary at `/app/vuln` validates deployment authorization codes. A security review found that the binary contains a format string vulnerability — user input is passed directly to `printf()` without a format specifier. The binary reads one 
winning-avg-corewars,1,software-engineering_20260617_104707_025,CalibForge,5,5,5,5,Write a program in a restricted battle-VM C to beat five opponents at fixed win-rate thresholds via batch matches; the TB2.1 task on a sibling game.,"Write a CROBOTS robot program that achieves winning records against five opponent robots. CROBOTS (""see-robots"") is a programming game where you write a C program to control a battle robot. The `crobots` binary is pre-installed. Documentati"
winning-avg-corewars,2,software-engineering_20260508_045920_025,CalibForge,4,4,5,5,Write an Othello bot that defeats five opponent bots in a tournament; identical beat-five-opponents adversarial-optimisation genre.,"Write an Othello (Reversi) bot that defeats five opponent bots of increasing difficulty in a tournament. The game engine (`othello.py`) is provided in `/app/`. It implements a 6x6 Othello board where: - `1` = your pieces (Black, always move"
winning-avg-corewars,3,software-engineering_20260415_123352_025,CalibForge,4,4,5,5,Write an Ultimate Tic-Tac-Toe AI that defeats a series of opponent bots; same competitive-agent-vs-opponent-suite task.,Write an AI agent for Ultimate Tic-Tac-Toe that defeats a series of opponent bots. Ultimate Tic-Tac-Toe consists of a 3x3 grid of 3x3 tic-tac-toe boards (81 total cells). Players alternate placing X and O markers. The key rule: your next mo
winning-avg-corewars,4,software-engineering_20260606_172622_025,CalibForge,4,4,3,4,Fix a CHIP-8 interpreter to match the original ISA's opcode semantics; the understand-a-VM's-instructions skill behind writing a warrior.,The CHIP-8 interpreter in this directory is based on a widely-circulated reference implementation but does not match the behavior of the original 1977 COSMAC VIP interpreter. Several test ROMs are provided that expose deviations from the or
winning-avg-corewars,5,rts_task_9791637c7aaaa3b6246aad2d,Recursive-Task-Synthesis,4,4,5,4,"Write an assembly program for the Simpsel simulator to reach a target state and run it; write-in-a-niche-ISA-for-a-specific-machine, closest structural match. Absent verifier.",A Simpsel assembly simulator is at `/app/simpsel`. Write an assembly program that reaches the final register state defined in `/app/expected_registers.json`. Execute the program under the simulator and capture the full session output to `/a
winning-avg-corewars,6,games_20260603_181444_001,CalibForge,4,4,4,4,Implement Connect Four find_best_move so the agent actually wins positions; write a game-playing agent that must beat play.,/app/connect4.py contains a Connect Four game implementation and a stub `find_best_move` function. The board is 6 rows × 7 columns. Player X goes first. The module has bugs in the game logic. Find and fix them. Then implement `find_best_mov
winning-avg-corewars,7,task_000246_a1b7a5cc,TMax-15K,4,4,4,4,"Build a C VM executing a custom bytecode from an opcode spec; implement-and-reason-about-an-ISA, the CoreWars mental model.","I need you to develop a small virtual machine utility in C that evaluates mathematical expressions encoded in a custom bytecode. The specification for this bytecode, including the hexadecimal opcode mappings and a required modulo constant f"
winning-avg-corewars,8,games_20260416_031414_001,CalibForge,3,4,3,4,Fix negamax/alpha-beta so a Connect Four AI blocks threats; adversarial game-search reasoning.,"A Connect Four AI implementation in `/app/connect4_ai.py` is making poor defensive moves at shallow search depths. The AI uses negamax with alpha-beta pruning and a heuristic evaluation function. When the AI searches at depth 1, it prioriti"
winning-avg-corewars,9,rts_task_cf4a94edf1bb554d90da7f86,Recursive-Task-Synthesis,4,4,4,4,Write assembly for a custom ISA (add/neq/jmpe/hlt) and run it on its simulator; low-level ISA authoring for a specific machine. Absent verifier.,"A Simpsel assembly simulator service is running on this system. Discover its connection details (e.g., port) by inspecting the local environment, then connect and write an assembly program that loads immediate value 1 into register $1, 6553"
winning-avg-corewars,10,aspp__pelita-875,SWE-Rebench-Tasks-Clean,4,5,3,4,Fix Pelita's background-game runner - a multiplayer bot-programming game where agents compete; same write-a-competing-agent domain.,A git repository with the project this issue is about is checked out somewhere under / (commonly /<project-name>). Find it and work there. run_background_game breaks when layout= is passed ``` def test_run_background_game_with_layout(): tes
write-compressor,1,software-engineering_20260604_144210_026,CalibForge,5,5,5,5,"Given a deserializer reading a binary format from stdin, write data.bin <=340 bytes that decodes to target.txt; the TB2.1 task verbatim.","I have a deserializer at /app/deserializer that reads a binary format from stdin and writes a text representation to stdout. I also have /app/target.txt containing the text I need to encode. Write me a file /app/data.bin that, when fed to t"
write-compressor,2,software-engineering_20260602_105139_026,CalibForge,5,5,5,5,Reverse a BIS decoder and craft data.bis <=5200 bytes decoding to the target integers; same reverse-format-and-encode-to-budget task.,"I have a decoder at /app/dec that reads a custom binary format (BIS) from stdin and writes the decoded integers to stdout, one per line. I also have /app/data.txt with a list of integers. Write me /app/data.bis that's encoded such that runn"
write-compressor,3,software-engineering_20260508_045800_026,CalibForge,5,5,5,5,"Given decoder.c, produce data.enc <=800 bytes decoding to data.txt; identical shape with source provided to reverse.","I have a binary record decoder at `/app/decoder.c`. It reads binary-encoded records from stdin and outputs them as text. I also have a text file `/app/data.txt` with records I need to transmit. Write me `/app/data.enc` - a binary file that,"
write-compressor,4,task_000185_d6f0bac7,TMax-15K,5,5,5,5,Reverse a stripped unpacker binary's custom archive+compression format and emit a file it accepts under a size budget; near-exact match.,"You are tasked with implementing a custom configuration archiving tool for our configuration management system. We track thousands of system configuration files, but we only want to back up specific files based on metadata rules and store t"
write-compressor,5,software-engineering_20260419_112101_026,CalibForge,5,5,5,5,"Given deser.c for a key-value binary format, produce data.bin <=80 bytes decoding to data.txt; tight budget forces true format mastery.",I have a binary record deserializer in `/app/deser.c` that reads a custom key-value format from stdin and outputs text. There's also a file `/app/data.txt` containing key-value pairs that I need to store in this format. Write me a program t
write-compressor,6,software-engineering_20260604_194036_026,CalibForge,5,5,4,5,Write a compact serializer that exactly inverts a source-less compiled deserializer from one example; reverse a format from a binary.,I have a binary deserializer at `/app/deserialize` that reads a custom binary format from stdin and writes JSON to stdout. I lost the source code and the format specification — only the compiled binary and one example file survived. `/app/s
write-compressor,7,task_002100_1c549b41,TMax-15K,4,5,4,4,Reverse the .parc format and its custom compression from the unpacker binary with xxd/strings/ltrace; understand-a-format-from-its-tool.,"You are tasked with organizing and extracting a large dataset of legacy project archives. In `/home/user/dataset/`, there are 1,000 proprietary archive files with the `.parc` extension. These were created by an old, poorly-written archiving"
write-compressor,8,software-engineering_20260610_112157_026,CalibForge,4,5,4,4,Infer an integer encoder's delta+varint scheme from its output and write a matching decoder; recover a compact binary encoding.,I have an integer sequence encoder at `/app/encode` that reads whitespace-separated 32-bit signed integers from stdin and writes a compact binary encoding to stdout. It uses some kind of delta + variable-length encoding scheme. I lost the s
write-compressor,9,software-engineering_20260610_111012_016,CalibForge,4,5,4,4,Fix a custom-format decompressor to produce correct output; reason precisely about a compression format's encoding. Strong verifier.,"I wrote a decompressor at `/app/decompress.c` for a custom compressed file format, but it doesn't produce the right output. The compressed test file is at `/app/data.lz4`. The program compiles with `gcc -o decompress decompress.c` and runs "
write-compressor,10,software-engineering_20260604_004411_023,CalibForge,4,5,3,4,Implement a correct LZ4 block decompressor in C; master the exact byte semantics of a real compression format. Strong verifier.,Implement a correct LZ4 block decompressor in `/app/lz4_decompress.c`. The function signature and helper utilities are already in place. Study the block format specification in `/app/lz4_decompress.h` and implement the decompression algorit
